user_email,name,date,category,description,amount
aisha@example.com,Aisha Rahman,2016-01-01,Rent,Monthly rent,10617.27
aisha@example.com,Aisha Rahman,2016-01-02,Transport,Fuel / commute,107.15
aisha@example.com,Aisha Rahman,2016-01-03,Food & Groceries,Supermarket run,1692.09
aisha@example.com,Aisha Rahman,2016-01-04,Transport,Fuel / commute,127.53
aisha@example.com,Aisha Rahman,2016-01-05,Rent,Society maintenance,2698.6
aisha@example.com,Aisha Rahman,2016-01-06,Food & Groceries,Vegetables and fruit,544.21
aisha@example.com,Aisha Rahman,2016-01-07,Entertainment,Movies / dining out,488.23
aisha@example.com,Aisha Rahman,2016-01-08,Utilities,Electricity bill,1107.39
aisha@example.com,Aisha Rahman,2016-01-08,Transport,Fuel / commute,134.84
aisha@example.com,Aisha Rahman,2016-01-10,Utilities,Broadband internet,1003.01
aisha@example.com,Aisha Rahman,2016-01-10,Food & Groceries,Supermarket run,1696.79
aisha@example.com,Aisha Rahman,2016-01-11,Transport,Fuel / commute,117.13
aisha@example.com,Aisha Rahman,2016-01-12,Health,Doctor visit,828.41
aisha@example.com,Aisha Rahman,2016-01-15,Transport,Fuel / commute,106.78
aisha@example.com,Aisha Rahman,2016-01-16,Entertainment,Movies / dining out,481.65
aisha@example.com,Aisha Rahman,2016-01-17,Food & Groceries,Supermarket run,1698.59
aisha@example.com,Aisha Rahman,2016-01-18,Transport,Fuel / commute,107.0
aisha@example.com,Aisha Rahman,2016-01-20,Food & Groceries,Vegetables and fruit,539.45
aisha@example.com,Aisha Rahman,2016-01-22,Transport,Fuel / commute,128.02
aisha@example.com,Aisha Rahman,2016-01-24,Food & Groceries,Supermarket run,1868.55
aisha@example.com,Aisha Rahman,2016-01-25,Transport,Fuel / commute,129.34
aisha@example.com,Aisha Rahman,2016-01-27,Entertainment,Movies / dining out,487.47
aisha@example.com,Aisha Rahman,2016-01-29,Transport,Fuel / commute,126.49
aisha@example.com,Aisha Rahman,2016-02-01,Rent,Monthly rent,10646.34
aisha@example.com,Aisha Rahman,2016-02-02,Transport,Fuel / commute,131.24
aisha@example.com,Aisha Rahman,2016-02-03,Food & Groceries,Supermarket run,1847.68
aisha@example.com,Aisha Rahman,2016-02-04,Transport,Fuel / commute,124.39
aisha@example.com,Aisha Rahman,2016-02-06,Food & Groceries,Vegetables and fruit,574.98
aisha@example.com,Aisha Rahman,2016-02-07,Entertainment,Movies / dining out,392.92
aisha@example.com,Aisha Rahman,2016-02-08,Utilities,Electricity bill,1143.3
aisha@example.com,Aisha Rahman,2016-02-08,Transport,Fuel / commute,140.23
aisha@example.com,Aisha Rahman,2016-02-10,Utilities,Broadband internet,1003.42
aisha@example.com,Aisha Rahman,2016-02-10,Food & Groceries,Supermarket run,1661.47
aisha@example.com,Aisha Rahman,2016-02-11,Transport,Fuel / commute,102.27
aisha@example.com,Aisha Rahman,2016-02-12,Health,Doctor visit,859.44
aisha@example.com,Aisha Rahman,2016-02-15,Transport,Fuel / commute,110.13
aisha@example.com,Aisha Rahman,2016-02-16,Entertainment,Movies / dining out,418.99
aisha@example.com,Aisha Rahman,2016-02-17,Food & Groceries,Supermarket run,1582.16
aisha@example.com,Aisha Rahman,2016-02-18,Transport,Fuel / commute,106.02
aisha@example.com,Aisha Rahman,2016-02-20,Food & Groceries,Vegetables and fruit,626.47
aisha@example.com,Aisha Rahman,2016-02-22,Transport,Fuel / commute,113.7
aisha@example.com,Aisha Rahman,2016-02-24,Food & Groceries,Supermarket run,1703.81
aisha@example.com,Aisha Rahman,2016-02-25,Transport,Fuel / commute,99.58
aisha@example.com,Aisha Rahman,2016-02-27,Entertainment,Movies / dining out,495.09
aisha@example.com,Aisha Rahman,2016-02-29,Transport,Fuel / commute,128.38
aisha@example.com,Aisha Rahman,2016-03-01,Rent,Monthly rent,10752.82
aisha@example.com,Aisha Rahman,2016-03-02,Transport,Fuel / commute,120.26
aisha@example.com,Aisha Rahman,2016-03-03,Food & Groceries,Supermarket run,1679.49
aisha@example.com,Aisha Rahman,2016-03-04,Transport,Fuel / commute,112.86
aisha@example.com,Aisha Rahman,2016-03-06,Food & Groceries,Vegetables and fruit,609.15
aisha@example.com,Aisha Rahman,2016-03-07,Entertainment,Movies / dining out,489.43
aisha@example.com,Aisha Rahman,2016-03-08,Utilities,Electricity bill,1069.72
aisha@example.com,Aisha Rahman,2016-03-08,Transport,Fuel / commute,115.11
aisha@example.com,Aisha Rahman,2016-03-10,Utilities,Broadband internet,1007.35
aisha@example.com,Aisha Rahman,2016-03-10,Food & Groceries,Supermarket run,1639.63
aisha@example.com,Aisha Rahman,2016-03-11,Transport,Fuel / commute,134.24
aisha@example.com,Aisha Rahman,2016-03-12,Health,Doctor visit,891.97
aisha@example.com,Aisha Rahman,2016-03-15,Transport,Fuel / commute,127.56
aisha@example.com,Aisha Rahman,2016-03-16,Entertainment,Movies / dining out,416.91
aisha@example.com,Aisha Rahman,2016-03-17,Food & Groceries,Supermarket run,1675.79
aisha@example.com,Aisha Rahman,2016-03-18,Transport,Fuel / commute,139.05
aisha@example.com,Aisha Rahman,2016-03-20,Food & Groceries,Vegetables and fruit,507.34
aisha@example.com,Aisha Rahman,2016-03-22,Transport,Fuel / commute,117.6
aisha@example.com,Aisha Rahman,2016-03-24,Food & Groceries,Supermarket run,1733.53
aisha@example.com,Aisha Rahman,2016-03-25,Transport,Fuel / commute,109.81
aisha@example.com,Aisha Rahman,2016-03-27,Entertainment,Movies / dining out,484.48
aisha@example.com,Aisha Rahman,2016-03-29,Transport,Fuel / commute,116.6
aisha@example.com,Aisha Rahman,2016-04-01,Rent,Monthly rent,10842.01
aisha@example.com,Aisha Rahman,2016-04-02,Transport,Fuel / commute,132.83
aisha@example.com,Aisha Rahman,2016-04-03,Food & Groceries,Supermarket run,1919.56
aisha@example.com,Aisha Rahman,2016-04-04,Transport,Fuel / commute,115.61
aisha@example.com,Aisha Rahman,2016-04-05,Rent,Society maintenance,2442.0
aisha@example.com,Aisha Rahman,2016-04-06,Food & Groceries,Vegetables and fruit,648.87
aisha@example.com,Aisha Rahman,2016-04-07,Entertainment,Movies / dining out,582.16
aisha@example.com,Aisha Rahman,2016-04-08,Utilities,Electricity bill,1271.66
aisha@example.com,Aisha Rahman,2016-04-08,Transport,Fuel / commute,119.47
aisha@example.com,Aisha Rahman,2016-04-10,Utilities,Broadband internet,1013.65
aisha@example.com,Aisha Rahman,2016-04-10,Food & Groceries,Supermarket run,1843.97
aisha@example.com,Aisha Rahman,2016-04-11,Transport,Fuel / commute,105.15
aisha@example.com,Aisha Rahman,2016-04-12,Health,Doctor visit,905.74
aisha@example.com,Aisha Rahman,2016-04-15,Transport,Fuel / commute,115.52
aisha@example.com,Aisha Rahman,2016-04-16,Entertainment,Movies / dining out,506.77
aisha@example.com,Aisha Rahman,2016-04-17,Food & Groceries,Supermarket run,1687.26
aisha@example.com,Aisha Rahman,2016-04-18,Transport,Fuel / commute,139.13
aisha@example.com,Aisha Rahman,2016-04-20,Food & Groceries,Vegetables and fruit,500.14
aisha@example.com,Aisha Rahman,2016-04-22,Transport,Fuel / commute,128.77
aisha@example.com,Aisha Rahman,2016-04-24,Food & Groceries,Supermarket run,1923.18
aisha@example.com,Aisha Rahman,2016-04-25,Transport,Fuel / commute,145.37
aisha@example.com,Aisha Rahman,2016-04-27,Entertainment,Movies / dining out,529.24
aisha@example.com,Aisha Rahman,2016-04-29,Transport,Fuel / commute,137.36
aisha@example.com,Aisha Rahman,2016-05-01,Rent,Monthly rent,10776.54
aisha@example.com,Aisha Rahman,2016-05-02,Transport,Fuel / commute,131.07
aisha@example.com,Aisha Rahman,2016-05-03,Food & Groceries,Supermarket run,2041.22
aisha@example.com,Aisha Rahman,2016-05-04,Transport,Fuel / commute,122.89
aisha@example.com,Aisha Rahman,2016-05-06,Food & Groceries,Vegetables and fruit,551.01
aisha@example.com,Aisha Rahman,2016-05-07,Entertainment,Movies / dining out,513.79
aisha@example.com,Aisha Rahman,2016-05-08,Utilities,Electricity bill,1475.91
aisha@example.com,Aisha Rahman,2016-05-08,Transport,Fuel / commute,131.91
aisha@example.com,Aisha Rahman,2016-05-10,Utilities,Broadband internet,1020.92
aisha@example.com,Aisha Rahman,2016-05-10,Food & Groceries,Supermarket run,1837.73
aisha@example.com,Aisha Rahman,2016-05-11,Transport,Fuel / commute,124.21
aisha@example.com,Aisha Rahman,2016-05-12,Health,Doctor visit,847.44
aisha@example.com,Aisha Rahman,2016-05-15,Transport,Fuel / commute,128.58
aisha@example.com,Aisha Rahman,2016-05-16,Entertainment,Movies / dining out,468.12
aisha@example.com,Aisha Rahman,2016-05-17,Food & Groceries,Supermarket run,1729.62
aisha@example.com,Aisha Rahman,2016-05-18,Transport,Fuel / commute,110.67
aisha@example.com,Aisha Rahman,2016-05-20,Food & Groceries,Vegetables and fruit,593.67
aisha@example.com,Aisha Rahman,2016-05-22,Transport,Fuel / commute,118.28
aisha@example.com,Aisha Rahman,2016-05-24,Food & Groceries,Supermarket run,2014.48
aisha@example.com,Aisha Rahman,2016-05-25,Transport,Fuel / commute,123.74
aisha@example.com,Aisha Rahman,2016-05-27,Entertainment,Movies / dining out,476.73
aisha@example.com,Aisha Rahman,2016-05-29,Transport,Fuel / commute,132.79
aisha@example.com,Aisha Rahman,2016-06-01,Rent,Monthly rent,10895.02
aisha@example.com,Aisha Rahman,2016-06-02,Transport,Fuel / commute,129.88
aisha@example.com,Aisha Rahman,2016-06-03,Food & Groceries,Supermarket run,1959.95
aisha@example.com,Aisha Rahman,2016-06-04,Transport,Fuel / commute,120.59
aisha@example.com,Aisha Rahman,2016-06-06,Food & Groceries,Vegetables and fruit,641.1
aisha@example.com,Aisha Rahman,2016-06-07,Entertainment,Movies / dining out,512.15
aisha@example.com,Aisha Rahman,2016-06-08,Utilities,Electricity bill,1603.13
aisha@example.com,Aisha Rahman,2016-06-08,Transport,Fuel / commute,118.94
aisha@example.com,Aisha Rahman,2016-06-10,Utilities,Broadband internet,1029.73
aisha@example.com,Aisha Rahman,2016-06-10,Food & Groceries,Supermarket run,2104.91
aisha@example.com,Aisha Rahman,2016-06-11,Transport,Fuel / commute,110.06
aisha@example.com,Aisha Rahman,2016-06-12,Health,Doctor visit,854.96
aisha@example.com,Aisha Rahman,2016-06-15,Transport,Fuel / commute,127.69
aisha@example.com,Aisha Rahman,2016-06-16,Entertainment,Movies / dining out,467.7
aisha@example.com,Aisha Rahman,2016-06-17,Food & Groceries,Supermarket run,2432.06
aisha@example.com,Aisha Rahman,2016-06-18,Transport,Fuel / commute,109.01
aisha@example.com,Aisha Rahman,2016-06-20,Food & Groceries,Vegetables and fruit,579.37
aisha@example.com,Aisha Rahman,2016-06-22,Transport,Fuel / commute,131.12
aisha@example.com,Aisha Rahman,2016-06-24,Food & Groceries,Supermarket run,2132.28
aisha@example.com,Aisha Rahman,2016-06-25,Transport,Fuel / commute,137.24
aisha@example.com,Aisha Rahman,2016-06-27,Entertainment,Movies / dining out,540.21
aisha@example.com,Aisha Rahman,2016-06-29,Transport,Fuel / commute,126.76
aisha@example.com,Aisha Rahman,2016-07-01,Rent,Monthly rent,10914.43
aisha@example.com,Aisha Rahman,2016-07-02,Transport,Fuel / commute,125.79
aisha@example.com,Aisha Rahman,2016-07-03,Food & Groceries,Supermarket run,2130.15
aisha@example.com,Aisha Rahman,2016-07-04,Transport,Fuel / commute,108.79
aisha@example.com,Aisha Rahman,2016-07-05,Rent,Society maintenance,2658.14
aisha@example.com,Aisha Rahman,2016-07-06,Food & Groceries,Vegetables and fruit,510.76
aisha@example.com,Aisha Rahman,2016-07-07,Entertainment,Movies / dining out,470.63
aisha@example.com,Aisha Rahman,2016-07-08,Utilities,Electricity bill,1748.76
aisha@example.com,Aisha Rahman,2016-07-08,Transport,Fuel / commute,124.73
aisha@example.com,Aisha Rahman,2016-07-10,Utilities,Broadband internet,1031.63
aisha@example.com,Aisha Rahman,2016-07-10,Food & Groceries,Supermarket run,2066.5
aisha@example.com,Aisha Rahman,2016-07-11,Transport,Fuel / commute,100.67
aisha@example.com,Aisha Rahman,2016-07-12,Health,Doctor visit,794.06
aisha@example.com,Aisha Rahman,2016-07-15,Transport,Fuel / commute,141.51
aisha@example.com,Aisha Rahman,2016-07-16,Entertainment,Movies / dining out,425.06
aisha@example.com,Aisha Rahman,2016-07-17,Food & Groceries,Supermarket run,2221.53
aisha@example.com,Aisha Rahman,2016-07-18,Transport,Fuel / commute,140.22
aisha@example.com,Aisha Rahman,2016-07-20,Food & Groceries,Vegetables and fruit,574.55
aisha@example.com,Aisha Rahman,2016-07-22,Transport,Fuel / commute,118.26
aisha@example.com,Aisha Rahman,2016-07-24,Food & Groceries,Supermarket run,2175.01
aisha@example.com,Aisha Rahman,2016-07-25,Transport,Fuel / commute,127.28
aisha@example.com,Aisha Rahman,2016-07-27,Entertainment,Movies / dining out,529.65
aisha@example.com,Aisha Rahman,2016-07-29,Transport,Fuel / commute,86.69
aisha@example.com,Aisha Rahman,2016-08-01,Rent,Monthly rent,10989.05
aisha@example.com,Aisha Rahman,2016-08-02,Transport,Fuel / commute,121.29
aisha@example.com,Aisha Rahman,2016-08-03,Food & Groceries,Supermarket run,2159.89
aisha@example.com,Aisha Rahman,2016-08-04,Transport,Fuel / commute,97.42
aisha@example.com,Aisha Rahman,2016-08-06,Food & Groceries,Vegetables and fruit,579.4
aisha@example.com,Aisha Rahman,2016-08-07,Entertainment,Movies / dining out,539.1
aisha@example.com,Aisha Rahman,2016-08-08,Utilities,Electricity bill,1679.45
aisha@example.com,Aisha Rahman,2016-08-08,Transport,Fuel / commute,98.74
aisha@example.com,Aisha Rahman,2016-08-10,Utilities,Broadband internet,1023.26
aisha@example.com,Aisha Rahman,2016-08-10,Food & Groceries,Supermarket run,2292.62
aisha@example.com,Aisha Rahman,2016-08-11,Transport,Fuel / commute,129.58
aisha@example.com,Aisha Rahman,2016-08-12,Health,Doctor visit,782.82
aisha@example.com,Aisha Rahman,2016-08-15,Transport,Fuel / commute,114.81
aisha@example.com,Aisha Rahman,2016-08-16,Food & Groceries,Kirana store top-up,996.19
aisha@example.com,Aisha Rahman,2016-08-16,Entertainment,Movies / dining out,510.5
aisha@example.com,Aisha Rahman,2016-08-17,Food & Groceries,Supermarket run,2095.62
aisha@example.com,Aisha Rahman,2016-08-18,Transport,Fuel / commute,84.79
aisha@example.com,Aisha Rahman,2016-08-20,Food & Groceries,Vegetables and fruit,538.33
aisha@example.com,Aisha Rahman,2016-08-22,Transport,Fuel / commute,134.03
aisha@example.com,Aisha Rahman,2016-08-24,Food & Groceries,Supermarket run,1920.18
aisha@example.com,Aisha Rahman,2016-08-25,Transport,Fuel / commute,126.49
aisha@example.com,Aisha Rahman,2016-08-27,Entertainment,Movies / dining out,630.05
aisha@example.com,Aisha Rahman,2016-08-29,Transport,Fuel / commute,112.0
aisha@example.com,Aisha Rahman,2016-09-01,Rent,Monthly rent,11012.45
aisha@example.com,Aisha Rahman,2016-09-02,Transport,Fuel / commute,153.27
aisha@example.com,Aisha Rahman,2016-09-03,Food & Groceries,Supermarket run,2132.75
aisha@example.com,Aisha Rahman,2016-09-04,Transport,Fuel / commute,149.38
aisha@example.com,Aisha Rahman,2016-09-06,Food & Groceries,Vegetables and fruit,568.8
aisha@example.com,Aisha Rahman,2016-09-07,Entertainment,Movies / dining out,529.71
aisha@example.com,Aisha Rahman,2016-09-08,Utilities,Electricity bill,1569.52
aisha@example.com,Aisha Rahman,2016-09-08,Transport,Fuel / commute,139.8
aisha@example.com,Aisha Rahman,2016-09-10,Utilities,Broadband internet,1049.09
aisha@example.com,Aisha Rahman,2016-09-10,Food & Groceries,Supermarket run,2022.53
aisha@example.com,Aisha Rahman,2016-09-11,Transport,Fuel / commute,109.43
aisha@example.com,Aisha Rahman,2016-09-12,Health,Doctor visit,926.8
aisha@example.com,Aisha Rahman,2016-09-15,Transport,Fuel / commute,135.65
aisha@example.com,Aisha Rahman,2016-09-16,Entertainment,Movies / dining out,512.22
aisha@example.com,Aisha Rahman,2016-09-17,Food & Groceries,Supermarket run,1957.81
aisha@example.com,Aisha Rahman,2016-09-18,Transport,Fuel / commute,132.47
aisha@example.com,Aisha Rahman,2016-09-20,Food & Groceries,Vegetables and fruit,535.43
aisha@example.com,Aisha Rahman,2016-09-22,Transport,Fuel / commute,129.56
aisha@example.com,Aisha Rahman,2016-09-24,Food & Groceries,Supermarket run,2070.09
aisha@example.com,Aisha Rahman,2016-09-25,Transport,Fuel / commute,141.47
aisha@example.com,Aisha Rahman,2016-09-27,Entertainment,Movies / dining out,386.77
aisha@example.com,Aisha Rahman,2016-09-29,Transport,Fuel / commute,132.4
aisha@example.com,Aisha Rahman,2016-10-01,Rent,Monthly rent,11010.6
aisha@example.com,Aisha Rahman,2016-10-02,Transport,Fuel / commute,128.98
aisha@example.com,Aisha Rahman,2016-10-03,Food & Groceries,Supermarket run,2600.03
aisha@example.com,Aisha Rahman,2016-10-04,Transport,Fuel / commute,170.69
aisha@example.com,Aisha Rahman,2016-10-05,Rent,Society maintenance,2710.85
aisha@example.com,Aisha Rahman,2016-10-06,Food & Groceries,Vegetables and fruit,580.91
aisha@example.com,Aisha Rahman,2016-10-07,Entertainment,Movies / dining out,668.34
aisha@example.com,Aisha Rahman,2016-10-08,Utilities,Electricity bill,1426.57
aisha@example.com,Aisha Rahman,2016-10-08,Transport,Fuel / commute,136.18
aisha@example.com,Aisha Rahman,2016-10-10,Utilities,Broadband internet,1053.9
aisha@example.com,Aisha Rahman,2016-10-10,Food & Groceries,Supermarket run,2956.83
aisha@example.com,Aisha Rahman,2016-10-11,Transport,Fuel / commute,113.07
aisha@example.com,Aisha Rahman,2016-10-12,Health,Doctor visit,894.5
aisha@example.com,Aisha Rahman,2016-10-15,Transport,Fuel / commute,137.93
aisha@example.com,Aisha Rahman,2016-10-16,Entertainment,Movies / dining out,694.17
aisha@example.com,Aisha Rahman,2016-10-17,Food & Groceries,Supermarket run,2659.18
aisha@example.com,Aisha Rahman,2016-10-18,Transport,Fuel / commute,118.19
aisha@example.com,Aisha Rahman,2016-10-20,Food & Groceries,Vegetables and fruit,591.42
aisha@example.com,Aisha Rahman,2016-10-22,Transport,Fuel / commute,116.3
aisha@example.com,Aisha Rahman,2016-10-24,Food & Groceries,Supermarket run,2932.73
aisha@example.com,Aisha Rahman,2016-10-25,Transport,Fuel / commute,137.03
aisha@example.com,Aisha Rahman,2016-10-27,Entertainment,Movies / dining out,701.25
aisha@example.com,Aisha Rahman,2016-10-29,Transport,Fuel / commute,124.02
aisha@example.com,Aisha Rahman,2016-11-01,Rent,Monthly rent,11091.51
aisha@example.com,Aisha Rahman,2016-11-02,Transport,Fuel / commute,122.79
aisha@example.com,Aisha Rahman,2016-11-03,Food & Groceries,Supermarket run,2575.17
aisha@example.com,Aisha Rahman,2016-11-04,Transport,Fuel / commute,138.1
aisha@example.com,Aisha Rahman,2016-11-06,Food & Groceries,Vegetables and fruit,615.54
aisha@example.com,Aisha Rahman,2016-11-07,Entertainment,Movies / dining out,434.45
aisha@example.com,Aisha Rahman,2016-11-08,Utilities,Electricity bill,1237.36
aisha@example.com,Aisha Rahman,2016-11-08,Transport,Fuel / commute,136.99
aisha@example.com,Aisha Rahman,2016-11-10,Utilities,Broadband internet,1043.74
aisha@example.com,Aisha Rahman,2016-11-10,Food & Groceries,Supermarket run,2683.05
aisha@example.com,Aisha Rahman,2016-11-11,Transport,Fuel / commute,127.24
aisha@example.com,Aisha Rahman,2016-11-12,Health,Doctor visit,898.51
aisha@example.com,Aisha Rahman,2016-11-15,Transport,Fuel / commute,137.29
aisha@example.com,Aisha Rahman,2016-11-16,Entertainment,Movies / dining out,700.9
aisha@example.com,Aisha Rahman,2016-11-17,Food & Groceries,Supermarket run,2755.58
aisha@example.com,Aisha Rahman,2016-11-18,Transport,Fuel / commute,131.4
aisha@example.com,Aisha Rahman,2016-11-20,Food & Groceries,Vegetables and fruit,533.69
aisha@example.com,Aisha Rahman,2016-11-22,Transport,Fuel / commute,141.97
aisha@example.com,Aisha Rahman,2016-11-24,Food & Groceries,Supermarket run,2554.3
aisha@example.com,Aisha Rahman,2016-11-25,Transport,Fuel / commute,128.4
aisha@example.com,Aisha Rahman,2016-11-27,Entertainment,Movies / dining out,376.73
aisha@example.com,Aisha Rahman,2016-11-29,Transport,Fuel / commute,118.8
aisha@example.com,Aisha Rahman,2016-12-01,Rent,Monthly rent,11134.1
aisha@example.com,Aisha Rahman,2016-12-02,Transport,Fuel / commute,125.17
aisha@example.com,Aisha Rahman,2016-12-03,Food & Groceries,Supermarket run,1809.63
aisha@example.com,Aisha Rahman,2016-12-04,Transport,Fuel / commute,124.56
aisha@example.com,Aisha Rahman,2016-12-06,Food & Groceries,Vegetables and fruit,573.13
aisha@example.com,Aisha Rahman,2016-12-07,Entertainment,Movies / dining out,465.15
aisha@example.com,Aisha Rahman,2016-12-08,Utilities,Electricity bill,1217.1
aisha@example.com,Aisha Rahman,2016-12-08,Transport,Fuel / commute,140.26
aisha@example.com,Aisha Rahman,2016-12-10,Utilities,Broadband internet,1050.91
aisha@example.com,Aisha Rahman,2016-12-10,Food & Groceries,Supermarket run,1819.62
aisha@example.com,Aisha Rahman,2016-12-11,Transport,Fuel / commute,142.39
aisha@example.com,Aisha Rahman,2016-12-12,Health,Doctor visit,944.03
aisha@example.com,Aisha Rahman,2016-12-15,Transport,Fuel / commute,127.66
aisha@example.com,Aisha Rahman,2016-12-16,Entertainment,Movies / dining out,546.71
aisha@example.com,Aisha Rahman,2016-12-17,Food & Groceries,Supermarket run,1841.6
aisha@example.com,Aisha Rahman,2016-12-18,Transport,Fuel / commute,117.15
aisha@example.com,Aisha Rahman,2016-12-20,Food & Groceries,Vegetables and fruit,487.38
aisha@example.com,Aisha Rahman,2016-12-22,Transport,Fuel / commute,131.88
aisha@example.com,Aisha Rahman,2016-12-24,Food & Groceries,Supermarket run,1551.33
aisha@example.com,Aisha Rahman,2016-12-25,Transport,Fuel / commute,116.73
aisha@example.com,Aisha Rahman,2016-12-27,Entertainment,Movies / dining out,539.04
aisha@example.com,Aisha Rahman,2016-12-29,Transport,Fuel / commute,124.61
aisha@example.com,Aisha Rahman,2017-01-01,Rent,Monthly rent,11159.02
aisha@example.com,Aisha Rahman,2017-01-02,Transport,Fuel / commute,119.74
aisha@example.com,Aisha Rahman,2017-01-03,Food & Groceries,Supermarket run,1716.75
aisha@example.com,Aisha Rahman,2017-01-04,Transport,Fuel / commute,130.45
aisha@example.com,Aisha Rahman,2017-01-05,Rent,Society maintenance,2906.43
aisha@example.com,Aisha Rahman,2017-01-06,Food & Groceries,Vegetables and fruit,596.62
aisha@example.com,Aisha Rahman,2017-01-07,Entertainment,Movies / dining out,494.74
aisha@example.com,Aisha Rahman,2017-01-08,Utilities,Electricity bill,1227.76
aisha@example.com,Aisha Rahman,2017-01-08,Transport,Fuel / commute,110.31
aisha@example.com,Aisha Rahman,2017-01-10,Utilities,Broadband internet,1064.58
aisha@example.com,Aisha Rahman,2017-01-10,Food & Groceries,Supermarket run,1624.55
aisha@example.com,Aisha Rahman,2017-01-11,Transport,Fuel / commute,131.93
aisha@example.com,Aisha Rahman,2017-01-12,Health,Doctor visit,998.99
aisha@example.com,Aisha Rahman,2017-01-15,Transport,Fuel / commute,125.21
aisha@example.com,Aisha Rahman,2017-01-16,Entertainment,Movies / dining out,486.0
aisha@example.com,Aisha Rahman,2017-01-17,Food & Groceries,Supermarket run,1720.02
aisha@example.com,Aisha Rahman,2017-01-18,Transport,Fuel / commute,113.9
aisha@example.com,Aisha Rahman,2017-01-20,Food & Groceries,Vegetables and fruit,646.65
aisha@example.com,Aisha Rahman,2017-01-22,Transport,Fuel / commute,121.62
aisha@example.com,Aisha Rahman,2017-01-24,Food & Groceries,Supermarket run,1755.88
aisha@example.com,Aisha Rahman,2017-01-25,Transport,Fuel / commute,122.4
aisha@example.com,Aisha Rahman,2017-01-27,Entertainment,Movies / dining out,374.64
aisha@example.com,Aisha Rahman,2017-01-29,Transport,Fuel / commute,121.1
aisha@example.com,Aisha Rahman,2017-02-01,Rent,Monthly rent,11320.81
aisha@example.com,Aisha Rahman,2017-02-02,Transport,Fuel / commute,112.43
aisha@example.com,Aisha Rahman,2017-02-03,Food & Groceries,Supermarket run,1724.48
aisha@example.com,Aisha Rahman,2017-02-04,Transport,Fuel / commute,160.11
aisha@example.com,Aisha Rahman,2017-02-06,Food & Groceries,Vegetables and fruit,563.29
aisha@example.com,Aisha Rahman,2017-02-07,Entertainment,Movies / dining out,367.05
aisha@example.com,Aisha Rahman,2017-02-08,Utilities,Electricity bill,1139.58
aisha@example.com,Aisha Rahman,2017-02-08,Transport,Fuel / commute,130.18
aisha@example.com,Aisha Rahman,2017-02-10,Utilities,Broadband internet,1046.6
aisha@example.com,Aisha Rahman,2017-02-10,Food & Groceries,Supermarket run,1821.08
aisha@example.com,Aisha Rahman,2017-02-11,Transport,Fuel / commute,139.07
aisha@example.com,Aisha Rahman,2017-02-12,Health,Doctor visit,748.26
aisha@example.com,Aisha Rahman,2017-02-15,Transport,Fuel / commute,118.32
aisha@example.com,Aisha Rahman,2017-02-16,Entertainment,Movies / dining out,430.67
aisha@example.com,Aisha Rahman,2017-02-17,Food & Groceries,Supermarket run,1765.38
aisha@example.com,Aisha Rahman,2017-02-18,Transport,Fuel / commute,122.89
aisha@example.com,Aisha Rahman,2017-02-20,Food & Groceries,Vegetables and fruit,561.48
aisha@example.com,Aisha Rahman,2017-02-22,Transport,Fuel / commute,114.93
aisha@example.com,Aisha Rahman,2017-02-24,Food & Groceries,Supermarket run,1706.96
aisha@example.com,Aisha Rahman,2017-02-25,Transport,Fuel / commute,85.7
aisha@example.com,Aisha Rahman,2017-02-27,Entertainment,Movies / dining out,582.73
aisha@example.com,Aisha Rahman,2017-03-01,Rent,Monthly rent,11228.06
aisha@example.com,Aisha Rahman,2017-03-02,Transport,Fuel / commute,102.36
aisha@example.com,Aisha Rahman,2017-03-03,Food & Groceries,Supermarket run,1955.83
aisha@example.com,Aisha Rahman,2017-03-04,Transport,Fuel / commute,116.21
aisha@example.com,Aisha Rahman,2017-03-06,Food & Groceries,Vegetables and fruit,496.09
aisha@example.com,Aisha Rahman,2017-03-07,Entertainment,Movies / dining out,444.55
aisha@example.com,Aisha Rahman,2017-03-08,Utilities,Electricity bill,1233.81
aisha@example.com,Aisha Rahman,2017-03-08,Transport,Fuel / commute,108.7
aisha@example.com,Aisha Rahman,2017-03-10,Utilities,Broadband internet,1077.7
aisha@example.com,Aisha Rahman,2017-03-10,Food & Groceries,Supermarket run,1882.64
aisha@example.com,Aisha Rahman,2017-03-11,Transport,Fuel / commute,111.61
aisha@example.com,Aisha Rahman,2017-03-12,Health,Doctor visit,701.35
aisha@example.com,Aisha Rahman,2017-03-14,Food & Groceries,Kirana store top-up,1152.87
aisha@example.com,Aisha Rahman,2017-03-15,Transport,Fuel / commute,127.04
aisha@example.com,Aisha Rahman,2017-03-16,Entertainment,Movies / dining out,579.63
aisha@example.com,Aisha Rahman,2017-03-17,Food & Groceries,Supermarket run,1814.57
aisha@example.com,Aisha Rahman,2017-03-18,Transport,Fuel / commute,94.66
aisha@example.com,Aisha Rahman,2017-03-20,Food & Groceries,Vegetables and fruit,610.26
aisha@example.com,Aisha Rahman,2017-03-22,Transport,Fuel / commute,135.54
aisha@example.com,Aisha Rahman,2017-03-24,Food & Groceries,Supermarket run,1819.55
aisha@example.com,Aisha Rahman,2017-03-25,Transport,Fuel / commute,137.65
aisha@example.com,Aisha Rahman,2017-03-27,Entertainment,Movies / dining out,336.6
aisha@example.com,Aisha Rahman,2017-03-29,Transport,Fuel / commute,122.43
aisha@example.com,Aisha Rahman,2017-04-01,Rent,Monthly rent,11369.99
aisha@example.com,Aisha Rahman,2017-04-02,Transport,Fuel / commute,145.76
aisha@example.com,Aisha Rahman,2017-04-03,Food & Groceries,Supermarket run,2132.69
aisha@example.com,Aisha Rahman,2017-04-04,Transport,Fuel / commute,110.24
aisha@example.com,Aisha Rahman,2017-04-05,Rent,Society maintenance,2771.27
aisha@example.com,Aisha Rahman,2017-04-06,Food & Groceries,Vegetables and fruit,516.3
aisha@example.com,Aisha Rahman,2017-04-07,Entertainment,Movies / dining out,543.73
aisha@example.com,Aisha Rahman,2017-04-08,Utilities,Electricity bill,1366.45
aisha@example.com,Aisha Rahman,2017-04-08,Transport,Fuel / commute,131.88
aisha@example.com,Aisha Rahman,2017-04-10,Utilities,Broadband internet,1077.95
aisha@example.com,Aisha Rahman,2017-04-10,Food & Groceries,Supermarket run,1644.82
aisha@example.com,Aisha Rahman,2017-04-11,Transport,Fuel / commute,112.83
aisha@example.com,Aisha Rahman,2017-04-15,Transport,Fuel / commute,116.54
aisha@example.com,Aisha Rahman,2017-04-16,Entertainment,Movies / dining out,495.96
aisha@example.com,Aisha Rahman,2017-04-17,Food & Groceries,Supermarket run,1948.71
aisha@example.com,Aisha Rahman,2017-04-18,Transport,Fuel / commute,149.24
aisha@example.com,Aisha Rahman,2017-04-20,Food & Groceries,Vegetables and fruit,604.99
aisha@example.com,Aisha Rahman,2017-04-21,Health,Pharmacy / lab tests,2224.18
aisha@example.com,Aisha Rahman,2017-04-22,Transport,Fuel / commute,118.51
aisha@example.com,Aisha Rahman,2017-04-24,Food & Groceries,Supermarket run,1966.93
aisha@example.com,Aisha Rahman,2017-04-25,Transport,Fuel / commute,133.8
aisha@example.com,Aisha Rahman,2017-04-27,Entertainment,Movies / dining out,542.08
aisha@example.com,Aisha Rahman,2017-04-29,Transport,Fuel / commute,98.3
aisha@example.com,Aisha Rahman,2017-05-01,Rent,Monthly rent,11395.47
aisha@example.com,Aisha Rahman,2017-05-02,Transport,Fuel / commute,153.36
aisha@example.com,Aisha Rahman,2017-05-03,Food & Groceries,Supermarket run,1827.67
aisha@example.com,Aisha Rahman,2017-05-04,Transport,Fuel / commute,134.17
aisha@example.com,Aisha Rahman,2017-05-06,Food & Groceries,Vegetables and fruit,532.71
aisha@example.com,Aisha Rahman,2017-05-07,Entertainment,Movies / dining out,529.26
aisha@example.com,Aisha Rahman,2017-05-08,Utilities,Electricity bill,1587.31
aisha@example.com,Aisha Rahman,2017-05-08,Transport,Fuel / commute,135.91
aisha@example.com,Aisha Rahman,2017-05-10,Utilities,Broadband internet,1070.55
aisha@example.com,Aisha Rahman,2017-05-10,Food & Groceries,Supermarket run,2090.24
aisha@example.com,Aisha Rahman,2017-05-11,Transport,Fuel / commute,129.05
aisha@example.com,Aisha Rahman,2017-05-15,Transport,Fuel / commute,132.34
aisha@example.com,Aisha Rahman,2017-05-16,Entertainment,Movies / dining out,520.12
aisha@example.com,Aisha Rahman,2017-05-17,Food & Groceries,Supermarket run,2093.79
aisha@example.com,Aisha Rahman,2017-05-18,Transport,Fuel / commute,139.18
aisha@example.com,Aisha Rahman,2017-05-20,Food & Groceries,Vegetables and fruit,584.15
aisha@example.com,Aisha Rahman,2017-05-22,Transport,Fuel / commute,114.93
aisha@example.com,Aisha Rahman,2017-05-24,Food & Groceries,Supermarket run,2380.35
aisha@example.com,Aisha Rahman,2017-05-25,Transport,Fuel / commute,140.71
aisha@example.com,Aisha Rahman,2017-05-27,Entertainment,Movies / dining out,471.54
aisha@example.com,Aisha Rahman,2017-05-29,Transport,Fuel / commute,106.33
aisha@example.com,Aisha Rahman,2017-06-01,Rent,Monthly rent,11401.38
aisha@example.com,Aisha Rahman,2017-06-02,Transport,Fuel / commute,118.1
aisha@example.com,Aisha Rahman,2017-06-03,Food & Groceries,Supermarket run,2195.85
aisha@example.com,Aisha Rahman,2017-06-04,Transport,Fuel / commute,109.99
aisha@example.com,Aisha Rahman,2017-06-06,Food & Groceries,Vegetables and fruit,549.98
aisha@example.com,Aisha Rahman,2017-06-07,Entertainment,Movies / dining out,433.88
aisha@example.com,Aisha Rahman,2017-06-08,Utilities,Electricity bill,1744.23
aisha@example.com,Aisha Rahman,2017-06-08,Transport,Fuel / commute,130.32
aisha@example.com,Aisha Rahman,2017-06-10,Utilities,Broadband internet,1081.63
aisha@example.com,Aisha Rahman,2017-06-10,Food & Groceries,Supermarket run,2163.13
aisha@example.com,Aisha Rahman,2017-06-11,Transport,Fuel / commute,139.03
aisha@example.com,Aisha Rahman,2017-06-12,Health,Doctor visit,773.25
aisha@example.com,Aisha Rahman,2017-06-15,Transport,Fuel / commute,103.49
aisha@example.com,Aisha Rahman,2017-06-16,Entertainment,Movies / dining out,513.14
aisha@example.com,Aisha Rahman,2017-06-17,Food & Groceries,Supermarket run,2233.83
aisha@example.com,Aisha Rahman,2017-06-18,Transport,Fuel / commute,128.22
aisha@example.com,Aisha Rahman,2017-06-20,Food & Groceries,Vegetables and fruit,559.98
aisha@example.com,Aisha Rahman,2017-06-22,Transport,Fuel / commute,124.46
aisha@example.com,Aisha Rahman,2017-06-24,Food & Groceries,Supermarket run,2106.7
aisha@example.com,Aisha Rahman,2017-06-25,Transport,Fuel / commute,133.07
aisha@example.com,Aisha Rahman,2017-06-27,Entertainment,Movies / dining out,574.46
aisha@example.com,Aisha Rahman,2017-06-29,Transport,Fuel / commute,127.64
aisha@example.com,Aisha Rahman,2017-07-01,Rent,Monthly rent,11411.02
aisha@example.com,Aisha Rahman,2017-07-02,Transport,Fuel / commute,124.73
aisha@example.com,Aisha Rahman,2017-07-03,Food & Groceries,Supermarket run,2239.58
aisha@example.com,Aisha Rahman,2017-07-04,Transport,Fuel / commute,104.23
aisha@example.com,Aisha Rahman,2017-07-05,Rent,Society maintenance,2756.41
aisha@example.com,Aisha Rahman,2017-07-06,Food & Groceries,Vegetables and fruit,634.15
aisha@example.com,Aisha Rahman,2017-07-07,Entertainment,Movies / dining out,586.88
aisha@example.com,Aisha Rahman,2017-07-08,Utilities,Electricity bill,1787.38
aisha@example.com,Aisha Rahman,2017-07-08,Transport,Fuel / commute,134.35
aisha@example.com,Aisha Rahman,2017-07-10,Utilities,Broadband internet,1089.01
aisha@example.com,Aisha Rahman,2017-07-10,Food & Groceries,Supermarket run,2169.56
aisha@example.com,Aisha Rahman,2017-07-11,Transport,Fuel / commute,101.26
aisha@example.com,Aisha Rahman,2017-07-12,Health,Doctor visit,1000.88
aisha@example.com,Aisha Rahman,2017-07-15,Transport,Fuel / commute,139.95
aisha@example.com,Aisha Rahman,2017-07-16,Entertainment,Movies / dining out,470.58
aisha@example.com,Aisha Rahman,2017-07-17,Food & Groceries,Supermarket run,2195.03
aisha@example.com,Aisha Rahman,2017-07-18,Transport,Fuel / commute,130.35
aisha@example.com,Aisha Rahman,2017-07-20,Food & Groceries,Vegetables and fruit,589.3
aisha@example.com,Aisha Rahman,2017-07-22,Transport,Fuel / commute,165.14
aisha@example.com,Aisha Rahman,2017-07-24,Food & Groceries,Supermarket run,2436.74
aisha@example.com,Aisha Rahman,2017-07-25,Transport,Fuel / commute,111.42
aisha@example.com,Aisha Rahman,2017-07-27,Entertainment,Movies / dining out,527.28
aisha@example.com,Aisha Rahman,2017-07-29,Transport,Fuel / commute,126.79
aisha@example.com,Aisha Rahman,2017-08-01,Rent,Monthly rent,11523.96
aisha@example.com,Aisha Rahman,2017-08-02,Transport,Fuel / commute,119.98
aisha@example.com,Aisha Rahman,2017-08-03,Food & Groceries,Supermarket run,2196.58
aisha@example.com,Aisha Rahman,2017-08-04,Transport,Fuel / commute,133.76
aisha@example.com,Aisha Rahman,2017-08-06,Food & Groceries,Vegetables and fruit,643.38
aisha@example.com,Aisha Rahman,2017-08-07,Entertainment,Movies / dining out,621.41
aisha@example.com,Aisha Rahman,2017-08-08,Utilities,Electricity bill,1709.58
aisha@example.com,Aisha Rahman,2017-08-08,Transport,Fuel / commute,121.3
aisha@example.com,Aisha Rahman,2017-08-10,Utilities,Broadband internet,1085.03
aisha@example.com,Aisha Rahman,2017-08-10,Food & Groceries,Supermarket run,2448.38
aisha@example.com,Aisha Rahman,2017-08-11,Transport,Fuel / commute,142.71
aisha@example.com,Aisha Rahman,2017-08-12,Health,Doctor visit,919.02
aisha@example.com,Aisha Rahman,2017-08-15,Transport,Fuel / commute,116.92
aisha@example.com,Aisha Rahman,2017-08-16,Entertainment,Movies / dining out,655.92
aisha@example.com,Aisha Rahman,2017-08-17,Food & Groceries,Supermarket run,2317.38
aisha@example.com,Aisha Rahman,2017-08-18,Transport,Fuel / commute,119.33
aisha@example.com,Aisha Rahman,2017-08-20,Food & Groceries,Vegetables and fruit,572.75
aisha@example.com,Aisha Rahman,2017-08-22,Transport,Fuel / commute,118.75
aisha@example.com,Aisha Rahman,2017-08-24,Food & Groceries,Supermarket run,2072.0
aisha@example.com,Aisha Rahman,2017-08-25,Transport,Fuel / commute,120.15
aisha@example.com,Aisha Rahman,2017-08-27,Entertainment,Movies / dining out,451.84
aisha@example.com,Aisha Rahman,2017-08-29,Transport,Fuel / commute,145.91
aisha@example.com,Aisha Rahman,2017-09-01,Rent,Monthly rent,11614.94
aisha@example.com,Aisha Rahman,2017-09-02,Transport,Fuel / commute,138.43
aisha@example.com,Aisha Rahman,2017-09-03,Food & Groceries,Supermarket run,2062.08
aisha@example.com,Aisha Rahman,2017-09-04,Transport,Fuel / commute,130.8
aisha@example.com,Aisha Rahman,2017-09-06,Food & Groceries,Vegetables and fruit,558.32
aisha@example.com,Aisha Rahman,2017-09-07,Entertainment,Movies / dining out,424.72
aisha@example.com,Aisha Rahman,2017-09-08,Utilities,Electricity bill,1645.39
aisha@example.com,Aisha Rahman,2017-09-08,Transport,Fuel / commute,132.85
aisha@example.com,Aisha Rahman,2017-09-10,Utilities,Broadband internet,1101.11
aisha@example.com,Aisha Rahman,2017-09-10,Food & Groceries,Supermarket run,2146.92
aisha@example.com,Aisha Rahman,2017-09-11,Transport,Fuel / commute,125.42
aisha@example.com,Aisha Rahman,2017-09-15,Transport,Fuel / commute,152.4
aisha@example.com,Aisha Rahman,2017-09-16,Entertainment,Movies / dining out,436.34
aisha@example.com,Aisha Rahman,2017-09-17,Food & Groceries,Supermarket run,2274.08
aisha@example.com,Aisha Rahman,2017-09-18,Transport,Fuel / commute,115.45
aisha@example.com,Aisha Rahman,2017-09-20,Food & Groceries,Vegetables and fruit,633.46
aisha@example.com,Aisha Rahman,2017-09-22,Transport,Fuel / commute,120.31
aisha@example.com,Aisha Rahman,2017-09-24,Food & Groceries,Supermarket run,2183.99
aisha@example.com,Aisha Rahman,2017-09-25,Transport,Fuel / commute,129.61
aisha@example.com,Aisha Rahman,2017-09-27,Entertainment,Movies / dining out,391.15
aisha@example.com,Aisha Rahman,2017-09-29,Transport,Fuel / commute,143.09
aisha@example.com,Aisha Rahman,2017-10-01,Rent,Monthly rent,11688.58
aisha@example.com,Aisha Rahman,2017-10-02,Transport,Fuel / commute,111.37
aisha@example.com,Aisha Rahman,2017-10-03,Food & Groceries,Supermarket run,2738.09
aisha@example.com,Aisha Rahman,2017-10-04,Transport,Fuel / commute,120.88
aisha@example.com,Aisha Rahman,2017-10-05,Rent,Society maintenance,2384.28
aisha@example.com,Aisha Rahman,2017-10-06,Food & Groceries,Vegetables and fruit,521.02
aisha@example.com,Aisha Rahman,2017-10-07,Entertainment,Movies / dining out,588.14
aisha@example.com,Aisha Rahman,2017-10-08,Utilities,Electricity bill,1394.72
aisha@example.com,Aisha Rahman,2017-10-08,Transport,Fuel / commute,114.11
aisha@example.com,Aisha Rahman,2017-10-10,Utilities,Broadband internet,1101.33
aisha@example.com,Aisha Rahman,2017-10-10,Food & Groceries,Supermarket run,2545.68
aisha@example.com,Aisha Rahman,2017-10-11,Transport,Fuel / commute,143.48
aisha@example.com,Aisha Rahman,2017-10-14,Food & Groceries,Kirana store top-up,1088.47
aisha@example.com,Aisha Rahman,2017-10-15,Transport,Fuel / commute,141.4
aisha@example.com,Aisha Rahman,2017-10-16,Entertainment,Movies / dining out,836.96
aisha@example.com,Aisha Rahman,2017-10-17,Food & Groceries,Supermarket run,2608.06
aisha@example.com,Aisha Rahman,2017-10-18,Transport,Fuel / commute,103.16
aisha@example.com,Aisha Rahman,2017-10-20,Food & Groceries,Vegetables and fruit,671.26
aisha@example.com,Aisha Rahman,2017-10-22,Transport,Fuel / commute,123.68
aisha@example.com,Aisha Rahman,2017-10-24,Food & Groceries,Supermarket run,2963.21
aisha@example.com,Aisha Rahman,2017-10-25,Transport,Fuel / commute,116.51
aisha@example.com,Aisha Rahman,2017-10-27,Entertainment,Movies / dining out,699.04
aisha@example.com,Aisha Rahman,2017-10-29,Transport,Fuel / commute,150.15
aisha@example.com,Aisha Rahman,2017-11-01,Rent,Monthly rent,11733.01
aisha@example.com,Aisha Rahman,2017-11-02,Transport,Fuel / commute,133.0
aisha@example.com,Aisha Rahman,2017-11-03,Food & Groceries,Supermarket run,2825.41
aisha@example.com,Aisha Rahman,2017-11-04,Transport,Fuel / commute,130.07
aisha@example.com,Aisha Rahman,2017-11-06,Food & Groceries,Vegetables and fruit,650.77
aisha@example.com,Aisha Rahman,2017-11-07,Entertainment,Movies / dining out,752.53
aisha@example.com,Aisha Rahman,2017-11-08,Utilities,Electricity bill,1292.61
aisha@example.com,Aisha Rahman,2017-11-08,Transport,Fuel / commute,120.17
aisha@example.com,Aisha Rahman,2017-11-10,Utilities,Broadband internet,1088.74
aisha@example.com,Aisha Rahman,2017-11-10,Food & Groceries,Supermarket run,2736.3
aisha@example.com,Aisha Rahman,2017-11-11,Transport,Fuel / commute,139.62
aisha@example.com,Aisha Rahman,2017-11-12,Health,Doctor visit,781.66
aisha@example.com,Aisha Rahman,2017-11-15,Transport,Fuel / commute,137.97
aisha@example.com,Aisha Rahman,2017-11-16,Entertainment,Movies / dining out,484.7
aisha@example.com,Aisha Rahman,2017-11-17,Food & Groceries,Supermarket run,2437.2
aisha@example.com,Aisha Rahman,2017-11-18,Transport,Fuel / commute,130.74
aisha@example.com,Aisha Rahman,2017-11-20,Food & Groceries,Vegetables and fruit,617.68
aisha@example.com,Aisha Rahman,2017-11-21,Health,Pharmacy / lab tests,1599.04
aisha@example.com,Aisha Rahman,2017-11-22,Transport,Fuel / commute,118.13
aisha@example.com,Aisha Rahman,2017-11-24,Food & Groceries,Supermarket run,2918.51
aisha@example.com,Aisha Rahman,2017-11-24,Food & Groceries,Kirana store top-up,1273.77
aisha@example.com,Aisha Rahman,2017-11-25,Transport,Fuel / commute,132.54
aisha@example.com,Aisha Rahman,2017-11-27,Entertainment,Movies / dining out,722.1
aisha@example.com,Aisha Rahman,2017-11-29,Transport,Fuel / commute,129.41
aisha@example.com,Aisha Rahman,2017-12-01,Rent,Monthly rent,11768.23
aisha@example.com,Aisha Rahman,2017-12-02,Transport,Fuel / commute,153.07
aisha@example.com,Aisha Rahman,2017-12-03,Food & Groceries,Supermarket run,2040.26
aisha@example.com,Aisha Rahman,2017-12-04,Transport,Fuel / commute,114.57
aisha@example.com,Aisha Rahman,2017-12-06,Food & Groceries,Vegetables and fruit,659.05
aisha@example.com,Aisha Rahman,2017-12-07,Entertainment,Movies / dining out,528.11
aisha@example.com,Aisha Rahman,2017-12-08,Utilities,Electricity bill,1206.92
aisha@example.com,Aisha Rahman,2017-12-08,Transport,Fuel / commute,118.49
aisha@example.com,Aisha Rahman,2017-12-10,Utilities,Broadband internet,1087.66
aisha@example.com,Aisha Rahman,2017-12-10,Food & Groceries,Supermarket run,1896.08
aisha@example.com,Aisha Rahman,2017-12-11,Transport,Fuel / commute,134.36
aisha@example.com,Aisha Rahman,2017-12-12,Food & Groceries,Kirana store top-up,1046.99
aisha@example.com,Aisha Rahman,2017-12-12,Health,Doctor visit,856.86
aisha@example.com,Aisha Rahman,2017-12-15,Transport,Fuel / commute,137.18
aisha@example.com,Aisha Rahman,2017-12-16,Entertainment,Movies / dining out,530.93
aisha@example.com,Aisha Rahman,2017-12-17,Food & Groceries,Supermarket run,1675.24
aisha@example.com,Aisha Rahman,2017-12-18,Transport,Fuel / commute,138.85
aisha@example.com,Aisha Rahman,2017-12-20,Food & Groceries,Vegetables and fruit,606.83
aisha@example.com,Aisha Rahman,2017-12-22,Transport,Fuel / commute,145.37
aisha@example.com,Aisha Rahman,2017-12-24,Food & Groceries,Supermarket run,1787.35
aisha@example.com,Aisha Rahman,2017-12-25,Transport,Fuel / commute,134.16
aisha@example.com,Aisha Rahman,2017-12-27,Entertainment,Movies / dining out,537.69
aisha@example.com,Aisha Rahman,2017-12-29,Transport,Fuel / commute,138.74
aisha@example.com,Aisha Rahman,2018-01-01,Rent,Monthly rent,11749.08
aisha@example.com,Aisha Rahman,2018-01-02,Transport,Fuel / commute,131.8
aisha@example.com,Aisha Rahman,2018-01-03,Food & Groceries,Supermarket run,1732.12
aisha@example.com,Aisha Rahman,2018-01-04,Transport,Fuel / commute,128.18
aisha@example.com,Aisha Rahman,2018-01-05,Rent,Society maintenance,2991.31
aisha@example.com,Aisha Rahman,2018-01-06,Food & Groceries,Vegetables and fruit,530.69
aisha@example.com,Aisha Rahman,2018-01-07,Entertainment,Movies / dining out,553.94
aisha@example.com,Aisha Rahman,2018-01-08,Utilities,Electricity bill,1273.95
aisha@example.com,Aisha Rahman,2018-01-08,Transport,Fuel / commute,118.73
aisha@example.com,Aisha Rahman,2018-01-10,Utilities,Broadband internet,1112.42
aisha@example.com,Aisha Rahman,2018-01-10,Food & Groceries,Supermarket run,1724.63
aisha@example.com,Aisha Rahman,2018-01-11,Transport,Fuel / commute,123.06
aisha@example.com,Aisha Rahman,2018-01-12,Health,Doctor visit,843.07
aisha@example.com,Aisha Rahman,2018-01-15,Transport,Fuel / commute,128.78
aisha@example.com,Aisha Rahman,2018-01-16,Entertainment,Movies / dining out,564.88
aisha@example.com,Aisha Rahman,2018-01-17,Food & Groceries,Supermarket run,1838.66
aisha@example.com,Aisha Rahman,2018-01-18,Transport,Fuel / commute,133.01
aisha@example.com,Aisha Rahman,2018-01-20,Food & Groceries,Vegetables and fruit,614.26
aisha@example.com,Aisha Rahman,2018-01-22,Transport,Fuel / commute,141.12
aisha@example.com,Aisha Rahman,2018-01-24,Food & Groceries,Supermarket run,1853.66
aisha@example.com,Aisha Rahman,2018-01-25,Transport,Fuel / commute,148.64
aisha@example.com,Aisha Rahman,2018-01-27,Entertainment,Movies / dining out,498.88
aisha@example.com,Aisha Rahman,2018-01-29,Transport,Fuel / commute,126.93
aisha@example.com,Aisha Rahman,2018-02-01,Rent,Monthly rent,11721.11
aisha@example.com,Aisha Rahman,2018-02-02,Transport,Fuel / commute,147.5
aisha@example.com,Aisha Rahman,2018-02-03,Food & Groceries,Supermarket run,1990.68
aisha@example.com,Aisha Rahman,2018-02-04,Transport,Fuel / commute,107.06
aisha@example.com,Aisha Rahman,2018-02-06,Food & Groceries,Vegetables and fruit,660.7
aisha@example.com,Aisha Rahman,2018-02-07,Entertainment,Movies / dining out,480.88
aisha@example.com,Aisha Rahman,2018-02-08,Utilities,Electricity bill,1315.1
aisha@example.com,Aisha Rahman,2018-02-08,Transport,Fuel / commute,139.19
aisha@example.com,Aisha Rahman,2018-02-10,Utilities,Broadband internet,1111.22
aisha@example.com,Aisha Rahman,2018-02-10,Food & Groceries,Supermarket run,1897.94
aisha@example.com,Aisha Rahman,2018-02-11,Transport,Fuel / commute,150.21
aisha@example.com,Aisha Rahman,2018-02-15,Transport,Fuel / commute,151.18
aisha@example.com,Aisha Rahman,2018-02-16,Entertainment,Movies / dining out,496.26
aisha@example.com,Aisha Rahman,2018-02-17,Food & Groceries,Supermarket run,1918.28
aisha@example.com,Aisha Rahman,2018-02-18,Transport,Fuel / commute,125.35
aisha@example.com,Aisha Rahman,2018-02-20,Food & Groceries,Vegetables and fruit,739.8
aisha@example.com,Aisha Rahman,2018-02-22,Transport,Fuel / commute,150.58
aisha@example.com,Aisha Rahman,2018-02-24,Food & Groceries,Supermarket run,1907.58
aisha@example.com,Aisha Rahman,2018-02-25,Transport,Fuel / commute,146.82
aisha@example.com,Aisha Rahman,2018-02-27,Entertainment,Movies / dining out,509.03
aisha@example.com,Aisha Rahman,2018-03-01,Rent,Monthly rent,11924.09
aisha@example.com,Aisha Rahman,2018-03-02,Transport,Fuel / commute,93.82
aisha@example.com,Aisha Rahman,2018-03-03,Food & Groceries,Supermarket run,2051.04
aisha@example.com,Aisha Rahman,2018-03-04,Transport,Fuel / commute,140.67
aisha@example.com,Aisha Rahman,2018-03-06,Food & Groceries,Vegetables and fruit,708.38
aisha@example.com,Aisha Rahman,2018-03-07,Entertainment,Movies / dining out,491.48
aisha@example.com,Aisha Rahman,2018-03-08,Utilities,Electricity bill,1278.32
aisha@example.com,Aisha Rahman,2018-03-08,Transport,Fuel / commute,121.52
aisha@example.com,Aisha Rahman,2018-03-10,Utilities,Broadband internet,1108.54
aisha@example.com,Aisha Rahman,2018-03-10,Food & Groceries,Supermarket run,1829.01
aisha@example.com,Aisha Rahman,2018-03-11,Transport,Fuel / commute,133.32
aisha@example.com,Aisha Rahman,2018-03-12,Health,Doctor visit,922.88
aisha@example.com,Aisha Rahman,2018-03-15,Transport,Fuel / commute,131.26
aisha@example.com,Aisha Rahman,2018-03-16,Entertainment,Movies / dining out,428.14
aisha@example.com,Aisha Rahman,2018-03-17,Food & Groceries,Supermarket run,1930.32
aisha@example.com,Aisha Rahman,2018-03-18,Transport,Fuel / commute,128.29
aisha@example.com,Aisha Rahman,2018-03-20,Food & Groceries,Vegetables and fruit,610.48
aisha@example.com,Aisha Rahman,2018-03-22,Transport,Fuel / commute,145.22
aisha@example.com,Aisha Rahman,2018-03-24,Food & Groceries,Supermarket run,1944.85
aisha@example.com,Aisha Rahman,2018-03-25,Transport,Fuel / commute,108.24
aisha@example.com,Aisha Rahman,2018-03-27,Entertainment,Movies / dining out,573.14
aisha@example.com,Aisha Rahman,2018-03-29,Transport,Fuel / commute,124.41
aisha@example.com,Aisha Rahman,2018-04-01,Rent,Monthly rent,11895.41
aisha@example.com,Aisha Rahman,2018-04-02,Transport,Fuel / commute,121.95
aisha@example.com,Aisha Rahman,2018-04-03,Food & Groceries,Supermarket run,1856.33
aisha@example.com,Aisha Rahman,2018-04-04,Transport,Fuel / commute,120.81
aisha@example.com,Aisha Rahman,2018-04-05,Rent,Society maintenance,2760.75
aisha@example.com,Aisha Rahman,2018-04-06,Food & Groceries,Vegetables and fruit,623.04
aisha@example.com,Aisha Rahman,2018-04-07,Entertainment,Movies / dining out,474.69
aisha@example.com,Aisha Rahman,2018-04-08,Utilities,Electricity bill,1470.07
aisha@example.com,Aisha Rahman,2018-04-08,Transport,Fuel / commute,126.14
aisha@example.com,Aisha Rahman,2018-04-10,Utilities,Broadband internet,1115.26
aisha@example.com,Aisha Rahman,2018-04-10,Food & Groceries,Supermarket run,1847.04
aisha@example.com,Aisha Rahman,2018-04-11,Transport,Fuel / commute,154.31
aisha@example.com,Aisha Rahman,2018-04-12,Health,Doctor visit,915.89
aisha@example.com,Aisha Rahman,2018-04-15,Transport,Fuel / commute,143.76
aisha@example.com,Aisha Rahman,2018-04-16,Entertainment,Movies / dining out,535.04
aisha@example.com,Aisha Rahman,2018-04-17,Food & Groceries,Supermarket run,1929.33
aisha@example.com,Aisha Rahman,2018-04-18,Transport,Fuel / commute,133.44
aisha@example.com,Aisha Rahman,2018-04-20,Food & Groceries,Vegetables and fruit,570.84
aisha@example.com,Aisha Rahman,2018-04-22,Transport,Fuel / commute,125.81
aisha@example.com,Aisha Rahman,2018-04-24,Food & Groceries,Supermarket run,1922.6
aisha@example.com,Aisha Rahman,2018-04-25,Transport,Fuel / commute,126.25
aisha@example.com,Aisha Rahman,2018-04-27,Entertainment,Movies / dining out,402.84
aisha@example.com,Aisha Rahman,2018-04-29,Transport,Fuel / commute,138.42
aisha@example.com,Aisha Rahman,2018-05-01,Rent,Monthly rent,11948.16
aisha@example.com,Aisha Rahman,2018-05-02,Transport,Fuel / commute,127.61
aisha@example.com,Aisha Rahman,2018-05-03,Food & Groceries,Supermarket run,2287.55
aisha@example.com,Aisha Rahman,2018-05-04,Transport,Fuel / commute,100.03
aisha@example.com,Aisha Rahman,2018-05-06,Food & Groceries,Vegetables and fruit,527.73
aisha@example.com,Aisha Rahman,2018-05-07,Entertainment,Movies / dining out,474.42
aisha@example.com,Aisha Rahman,2018-05-08,Utilities,Electricity bill,1709.21
aisha@example.com,Aisha Rahman,2018-05-08,Transport,Fuel / commute,147.18
aisha@example.com,Aisha Rahman,2018-05-10,Utilities,Broadband internet,1110.71
aisha@example.com,Aisha Rahman,2018-05-10,Food & Groceries,Supermarket run,1997.2
aisha@example.com,Aisha Rahman,2018-05-11,Transport,Fuel / commute,156.74
aisha@example.com,Aisha Rahman,2018-05-12,Health,Doctor visit,954.35
aisha@example.com,Aisha Rahman,2018-05-15,Transport,Fuel / commute,157.62
aisha@example.com,Aisha Rahman,2018-05-16,Entertainment,Movies / dining out,547.77
aisha@example.com,Aisha Rahman,2018-05-17,Food & Groceries,Supermarket run,2206.53
aisha@example.com,Aisha Rahman,2018-05-18,Transport,Fuel / commute,139.47
aisha@example.com,Aisha Rahman,2018-05-20,Food & Groceries,Vegetables and fruit,653.09
aisha@example.com,Aisha Rahman,2018-05-22,Transport,Fuel / commute,134.45
aisha@example.com,Aisha Rahman,2018-05-24,Food & Groceries,Supermarket run,2163.17
aisha@example.com,Aisha Rahman,2018-05-25,Transport,Fuel / commute,155.02
aisha@example.com,Aisha Rahman,2018-05-27,Entertainment,Movies / dining out,563.06
aisha@example.com,Aisha Rahman,2018-05-29,Transport,Fuel / commute,160.71
aisha@example.com,Aisha Rahman,2018-06-01,Rent,Monthly rent,12071.93
aisha@example.com,Aisha Rahman,2018-06-02,Transport,Fuel / commute,131.73
aisha@example.com,Aisha Rahman,2018-06-03,Food & Groceries,Supermarket run,2419.08
aisha@example.com,Aisha Rahman,2018-06-04,Transport,Fuel / commute,160.67
aisha@example.com,Aisha Rahman,2018-06-06,Food & Groceries,Vegetables and fruit,586.59
aisha@example.com,Aisha Rahman,2018-06-07,Entertainment,Movies / dining out,499.23
aisha@example.com,Aisha Rahman,2018-06-08,Utilities,Electricity bill,1774.75
aisha@example.com,Aisha Rahman,2018-06-08,Transport,Fuel / commute,125.97
aisha@example.com,Aisha Rahman,2018-06-10,Utilities,Broadband internet,1127.38
aisha@example.com,Aisha Rahman,2018-06-10,Food & Groceries,Supermarket run,2244.68
aisha@example.com,Aisha Rahman,2018-06-11,Transport,Fuel / commute,138.94
aisha@example.com,Aisha Rahman,2018-06-12,Health,Doctor visit,873.55
aisha@example.com,Aisha Rahman,2018-06-15,Transport,Fuel / commute,172.79
aisha@example.com,Aisha Rahman,2018-06-16,Entertainment,Movies / dining out,554.27
aisha@example.com,Aisha Rahman,2018-06-17,Food & Groceries,Supermarket run,2408.52
aisha@example.com,Aisha Rahman,2018-06-18,Transport,Fuel / commute,117.21
aisha@example.com,Aisha Rahman,2018-06-20,Food & Groceries,Vegetables and fruit,587.23
aisha@example.com,Aisha Rahman,2018-06-21,Food & Groceries,Kirana store top-up,1294.09
aisha@example.com,Aisha Rahman,2018-06-22,Transport,Fuel / commute,103.67
aisha@example.com,Aisha Rahman,2018-06-24,Food & Groceries,Supermarket run,2314.09
aisha@example.com,Aisha Rahman,2018-06-25,Transport,Fuel / commute,154.97
aisha@example.com,Aisha Rahman,2018-06-27,Entertainment,Movies / dining out,475.74
aisha@example.com,Aisha Rahman,2018-06-29,Transport,Fuel / commute,120.93
aisha@example.com,Aisha Rahman,2018-07-01,Rent,Monthly rent,12050.9
aisha@example.com,Aisha Rahman,2018-07-02,Transport,Fuel / commute,130.98
aisha@example.com,Aisha Rahman,2018-07-03,Food & Groceries,Supermarket run,2191.25
aisha@example.com,Aisha Rahman,2018-07-04,Transport,Fuel / commute,174.54
aisha@example.com,Aisha Rahman,2018-07-05,Rent,Society maintenance,2970.95
aisha@example.com,Aisha Rahman,2018-07-06,Food & Groceries,Vegetables and fruit,617.87
aisha@example.com,Aisha Rahman,2018-07-07,Entertainment,Movies / dining out,508.73
aisha@example.com,Aisha Rahman,2018-07-08,Utilities,Electricity bill,1819.7
aisha@example.com,Aisha Rahman,2018-07-08,Transport,Fuel / commute,157.3
aisha@example.com,Aisha Rahman,2018-07-10,Utilities,Broadband internet,1124.22
aisha@example.com,Aisha Rahman,2018-07-10,Food & Groceries,Supermarket run,2623.29
aisha@example.com,Aisha Rahman,2018-07-11,Transport,Fuel / commute,120.99
aisha@example.com,Aisha Rahman,2018-07-12,Health,Doctor visit,948.22
aisha@example.com,Aisha Rahman,2018-07-15,Transport,Fuel / commute,145.25
aisha@example.com,Aisha Rahman,2018-07-16,Entertainment,Movies / dining out,528.34
aisha@example.com,Aisha Rahman,2018-07-17,Food & Groceries,Supermarket run,2310.99
aisha@example.com,Aisha Rahman,2018-07-18,Transport,Fuel / commute,121.33
aisha@example.com,Aisha Rahman,2018-07-20,Food & Groceries,Vegetables and fruit,590.2
aisha@example.com,Aisha Rahman,2018-07-22,Transport,Fuel / commute,106.05
aisha@example.com,Aisha Rahman,2018-07-24,Food & Groceries,Supermarket run,2373.27
aisha@example.com,Aisha Rahman,2018-07-25,Transport,Fuel / commute,151.27
aisha@example.com,Aisha Rahman,2018-07-27,Entertainment,Movies / dining out,587.63
aisha@example.com,Aisha Rahman,2018-07-29,Transport,Fuel / commute,153.54
aisha@example.com,Aisha Rahman,2018-08-01,Rent,Monthly rent,12149.35
aisha@example.com,Aisha Rahman,2018-08-02,Transport,Fuel / commute,108.29
aisha@example.com,Aisha Rahman,2018-08-03,Food & Groceries,Supermarket run,2456.66
aisha@example.com,Aisha Rahman,2018-08-04,Transport,Fuel / commute,175.81
aisha@example.com,Aisha Rahman,2018-08-06,Food & Groceries,Vegetables and fruit,735.43
aisha@example.com,Aisha Rahman,2018-08-07,Entertainment,Movies / dining out,618.97
aisha@example.com,Aisha Rahman,2018-08-08,Utilities,Electricity bill,1760.61
aisha@example.com,Aisha Rahman,2018-08-08,Transport,Fuel / commute,120.45
aisha@example.com,Aisha Rahman,2018-08-10,Utilities,Broadband internet,1140.47
aisha@example.com,Aisha Rahman,2018-08-10,Food & Groceries,Supermarket run,2214.83
aisha@example.com,Aisha Rahman,2018-08-11,Transport,Fuel / commute,151.24
aisha@example.com,Aisha Rahman,2018-08-12,Health,Doctor visit,891.15
aisha@example.com,Aisha Rahman,2018-08-15,Transport,Fuel / commute,151.07
aisha@example.com,Aisha Rahman,2018-08-16,Entertainment,Movies / dining out,546.16
aisha@example.com,Aisha Rahman,2018-08-17,Food & Groceries,Supermarket run,2362.2
aisha@example.com,Aisha Rahman,2018-08-18,Transport,Fuel / commute,119.15
aisha@example.com,Aisha Rahman,2018-08-20,Food & Groceries,Vegetables and fruit,739.65
aisha@example.com,Aisha Rahman,2018-08-22,Transport,Fuel / commute,143.33
aisha@example.com,Aisha Rahman,2018-08-24,Food & Groceries,Supermarket run,2344.43
aisha@example.com,Aisha Rahman,2018-08-25,Transport,Fuel / commute,133.57
aisha@example.com,Aisha Rahman,2018-08-27,Entertainment,Movies / dining out,530.36
aisha@example.com,Aisha Rahman,2018-08-29,Transport,Fuel / commute,144.32
aisha@example.com,Aisha Rahman,2018-09-01,Rent,Monthly rent,12182.19
aisha@example.com,Aisha Rahman,2018-09-02,Transport,Fuel / commute,119.23
aisha@example.com,Aisha Rahman,2018-09-03,Food & Groceries,Supermarket run,2284.17
aisha@example.com,Aisha Rahman,2018-09-04,Transport,Fuel / commute,150.72
aisha@example.com,Aisha Rahman,2018-09-06,Food & Groceries,Vegetables and fruit,724.63
aisha@example.com,Aisha Rahman,2018-09-07,Entertainment,Movies / dining out,455.34
aisha@example.com,Aisha Rahman,2018-09-08,Utilities,Electricity bill,1657.5
aisha@example.com,Aisha Rahman,2018-09-08,Transport,Fuel / commute,124.08
aisha@example.com,Aisha Rahman,2018-09-10,Utilities,Broadband internet,1157.67
aisha@example.com,Aisha Rahman,2018-09-10,Food & Groceries,Supermarket run,1977.99
aisha@example.com,Aisha Rahman,2018-09-11,Transport,Fuel / commute,139.51
aisha@example.com,Aisha Rahman,2018-09-12,Health,Doctor visit,894.38
aisha@example.com,Aisha Rahman,2018-09-15,Transport,Fuel / commute,115.1
aisha@example.com,Aisha Rahman,2018-09-16,Entertainment,Movies / dining out,523.08
aisha@example.com,Aisha Rahman,2018-09-17,Food & Groceries,Supermarket run,2333.3
aisha@example.com,Aisha Rahman,2018-09-18,Transport,Fuel / commute,125.34
aisha@example.com,Aisha Rahman,2018-09-20,Food & Groceries,Vegetables and fruit,737.76
aisha@example.com,Aisha Rahman,2018-09-22,Transport,Fuel / commute,124.83
aisha@example.com,Aisha Rahman,2018-09-24,Food & Groceries,Supermarket run,2550.85
aisha@example.com,Aisha Rahman,2018-09-25,Transport,Fuel / commute,150.5
aisha@example.com,Aisha Rahman,2018-09-27,Entertainment,Movies / dining out,494.75
aisha@example.com,Aisha Rahman,2018-09-29,Transport,Fuel / commute,148.9
aisha@example.com,Aisha Rahman,2018-10-01,Rent,Monthly rent,12243.78
aisha@example.com,Aisha Rahman,2018-10-02,Transport,Fuel / commute,131.96
aisha@example.com,Aisha Rahman,2018-10-03,Food & Groceries,Supermarket run,3274.46
aisha@example.com,Aisha Rahman,2018-10-04,Transport,Fuel / commute,148.49
aisha@example.com,Aisha Rahman,2018-10-05,Rent,Society maintenance,2709.91
aisha@example.com,Aisha Rahman,2018-10-06,Food & Groceries,Vegetables and fruit,544.03
aisha@example.com,Aisha Rahman,2018-10-07,Entertainment,Movies / dining out,769.94
aisha@example.com,Aisha Rahman,2018-10-08,Utilities,Electricity bill,1558.31
aisha@example.com,Aisha Rahman,2018-10-08,Transport,Fuel / commute,175.0
aisha@example.com,Aisha Rahman,2018-10-10,Utilities,Broadband internet,1152.57
aisha@example.com,Aisha Rahman,2018-10-10,Food & Groceries,Supermarket run,2656.93
aisha@example.com,Aisha Rahman,2018-10-11,Transport,Fuel / commute,130.6
aisha@example.com,Aisha Rahman,2018-10-12,Health,Doctor visit,949.0
aisha@example.com,Aisha Rahman,2018-10-15,Transport,Fuel / commute,129.49
aisha@example.com,Aisha Rahman,2018-10-16,Entertainment,Movies / dining out,555.77
aisha@example.com,Aisha Rahman,2018-10-17,Food & Groceries,Supermarket run,2882.31
aisha@example.com,Aisha Rahman,2018-10-18,Transport,Fuel / commute,138.33
aisha@example.com,Aisha Rahman,2018-10-20,Food & Groceries,Vegetables and fruit,700.83
aisha@example.com,Aisha Rahman,2018-10-22,Transport,Fuel / commute,152.54
aisha@example.com,Aisha Rahman,2018-10-24,Food & Groceries,Supermarket run,2847.66
aisha@example.com,Aisha Rahman,2018-10-25,Transport,Fuel / commute,127.11
aisha@example.com,Aisha Rahman,2018-10-27,Entertainment,Movies / dining out,628.18
aisha@example.com,Aisha Rahman,2018-10-29,Transport,Fuel / commute,126.06
aisha@example.com,Aisha Rahman,2018-11-01,Rent,Monthly rent,12312.53
aisha@example.com,Aisha Rahman,2018-11-02,Transport,Fuel / commute,146.63
aisha@example.com,Aisha Rahman,2018-11-03,Food & Groceries,Supermarket run,2636.7
aisha@example.com,Aisha Rahman,2018-11-04,Transport,Fuel / commute,120.23
aisha@example.com,Aisha Rahman,2018-11-06,Food & Groceries,Vegetables and fruit,614.5
aisha@example.com,Aisha Rahman,2018-11-07,Entertainment,Movies / dining out,624.6
aisha@example.com,Aisha Rahman,2018-11-08,Utilities,Electricity bill,1327.81
aisha@example.com,Aisha Rahman,2018-11-08,Transport,Fuel / commute,128.34
aisha@example.com,Aisha Rahman,2018-11-10,Utilities,Broadband internet,1159.06
aisha@example.com,Aisha Rahman,2018-11-10,Food & Groceries,Supermarket run,3070.05
aisha@example.com,Aisha Rahman,2018-11-11,Transport,Fuel / commute,149.75
aisha@example.com,Aisha Rahman,2018-11-15,Transport,Fuel / commute,154.21
aisha@example.com,Aisha Rahman,2018-11-16,Entertainment,Movies / dining out,667.23
aisha@example.com,Aisha Rahman,2018-11-17,Food & Groceries,Supermarket run,2578.66
aisha@example.com,Aisha Rahman,2018-11-18,Transport,Fuel / commute,135.76
aisha@example.com,Aisha Rahman,2018-11-20,Food & Groceries,Vegetables and fruit,753.02
aisha@example.com,Aisha Rahman,2018-11-22,Transport,Fuel / commute,137.65
aisha@example.com,Aisha Rahman,2018-11-24,Food & Groceries,Supermarket run,2987.42
aisha@example.com,Aisha Rahman,2018-11-25,Transport,Fuel / commute,149.38
aisha@example.com,Aisha Rahman,2018-11-27,Entertainment,Movies / dining out,760.22
aisha@example.com,Aisha Rahman,2018-11-29,Transport,Fuel / commute,139.08
aisha@example.com,Aisha Rahman,2018-12-01,Rent,Monthly rent,12307.29
aisha@example.com,Aisha Rahman,2018-12-02,Transport,Fuel / commute,121.27
aisha@example.com,Aisha Rahman,2018-12-03,Food & Groceries,Supermarket run,1842.71
aisha@example.com,Aisha Rahman,2018-12-04,Transport,Fuel / commute,125.52
aisha@example.com,Aisha Rahman,2018-12-06,Food & Groceries,Vegetables and fruit,687.04
aisha@example.com,Aisha Rahman,2018-12-07,Entertainment,Movies / dining out,463.92
aisha@example.com,Aisha Rahman,2018-12-08,Utilities,Electricity bill,1339.53
aisha@example.com,Aisha Rahman,2018-12-08,Transport,Fuel / commute,131.56
aisha@example.com,Aisha Rahman,2018-12-10,Utilities,Broadband internet,1159.09
aisha@example.com,Aisha Rahman,2018-12-10,Food & Groceries,Supermarket run,1782.65
aisha@example.com,Aisha Rahman,2018-12-11,Transport,Fuel / commute,114.99
aisha@example.com,Aisha Rahman,2018-12-12,Health,Doctor visit,949.1
aisha@example.com,Aisha Rahman,2018-12-15,Transport,Fuel / commute,114.0
aisha@example.com,Aisha Rahman,2018-12-16,Entertainment,Movies / dining out,536.19
aisha@example.com,Aisha Rahman,2018-12-17,Food & Groceries,Supermarket run,1875.02
aisha@example.com,Aisha Rahman,2018-12-18,Transport,Fuel / commute,123.9
aisha@example.com,Aisha Rahman,2018-12-20,Food & Groceries,Vegetables and fruit,579.84
aisha@example.com,Aisha Rahman,2018-12-22,Transport,Fuel / commute,138.88
aisha@example.com,Aisha Rahman,2018-12-24,Food & Groceries,Supermarket run,2025.1
aisha@example.com,Aisha Rahman,2018-12-25,Transport,Fuel / commute,117.98
aisha@example.com,Aisha Rahman,2018-12-27,Entertainment,Movies / dining out,617.42
aisha@example.com,Aisha Rahman,2018-12-29,Transport,Fuel / commute,135.54
aisha@example.com,Aisha Rahman,2019-01-01,Rent,Monthly rent,12344.3
aisha@example.com,Aisha Rahman,2019-01-02,Transport,Fuel / commute,103.05
aisha@example.com,Aisha Rahman,2019-01-03,Food & Groceries,Supermarket run,1886.36
aisha@example.com,Aisha Rahman,2019-01-04,Transport,Fuel / commute,125.3
aisha@example.com,Aisha Rahman,2019-01-05,Rent,Society maintenance,2712.43
aisha@example.com,Aisha Rahman,2019-01-06,Food & Groceries,Vegetables and fruit,594.43
aisha@example.com,Aisha Rahman,2019-01-07,Entertainment,Movies / dining out,623.04
aisha@example.com,Aisha Rahman,2019-01-08,Utilities,Electricity bill,1266.33
aisha@example.com,Aisha Rahman,2019-01-08,Transport,Fuel / commute,131.37
aisha@example.com,Aisha Rahman,2019-01-10,Utilities,Broadband internet,1169.2
aisha@example.com,Aisha Rahman,2019-01-10,Food & Groceries,Supermarket run,1903.54
aisha@example.com,Aisha Rahman,2019-01-11,Transport,Fuel / commute,166.86
aisha@example.com,Aisha Rahman,2019-01-12,Health,Doctor visit,779.88
aisha@example.com,Aisha Rahman,2019-01-15,Transport,Fuel / commute,150.71
aisha@example.com,Aisha Rahman,2019-01-16,Entertainment,Movies / dining out,525.05
aisha@example.com,Aisha Rahman,2019-01-17,Food & Groceries,Supermarket run,1880.48
aisha@example.com,Aisha Rahman,2019-01-18,Transport,Fuel / commute,128.76
aisha@example.com,Aisha Rahman,2019-01-20,Food & Groceries,Vegetables and fruit,703.88
aisha@example.com,Aisha Rahman,2019-01-22,Transport,Fuel / commute,159.59
aisha@example.com,Aisha Rahman,2019-01-24,Food & Groceries,Supermarket run,1702.74
aisha@example.com,Aisha Rahman,2019-01-25,Transport,Fuel / commute,125.73
aisha@example.com,Aisha Rahman,2019-01-27,Entertainment,Movies / dining out,483.83
aisha@example.com,Aisha Rahman,2019-01-29,Transport,Fuel / commute,154.7
aisha@example.com,Aisha Rahman,2019-02-01,Rent,Monthly rent,12402.34
aisha@example.com,Aisha Rahman,2019-02-02,Transport,Fuel / commute,143.56
aisha@example.com,Aisha Rahman,2019-02-03,Food & Groceries,Supermarket run,1982.84
aisha@example.com,Aisha Rahman,2019-02-04,Transport,Fuel / commute,140.59
aisha@example.com,Aisha Rahman,2019-02-06,Food & Groceries,Vegetables and fruit,657.73
aisha@example.com,Aisha Rahman,2019-02-07,Entertainment,Movies / dining out,489.92
aisha@example.com,Aisha Rahman,2019-02-08,Utilities,Electricity bill,1311.37
aisha@example.com,Aisha Rahman,2019-02-08,Transport,Fuel / commute,134.28
aisha@example.com,Aisha Rahman,2019-02-10,Utilities,Broadband internet,1146.97
aisha@example.com,Aisha Rahman,2019-02-10,Food & Groceries,Supermarket run,1848.5
aisha@example.com,Aisha Rahman,2019-02-11,Transport,Fuel / commute,112.98
aisha@example.com,Aisha Rahman,2019-02-12,Health,Doctor visit,855.45
aisha@example.com,Aisha Rahman,2019-02-15,Transport,Fuel / commute,113.97
aisha@example.com,Aisha Rahman,2019-02-16,Entertainment,Movies / dining out,535.6
aisha@example.com,Aisha Rahman,2019-02-17,Food & Groceries,Supermarket run,2014.58
aisha@example.com,Aisha Rahman,2019-02-18,Transport,Fuel / commute,128.82
aisha@example.com,Aisha Rahman,2019-02-20,Food & Groceries,Vegetables and fruit,641.29
aisha@example.com,Aisha Rahman,2019-02-22,Transport,Fuel / commute,138.38
aisha@example.com,Aisha Rahman,2019-02-24,Food & Groceries,Supermarket run,1806.98
aisha@example.com,Aisha Rahman,2019-02-25,Transport,Fuel / commute,128.41
aisha@example.com,Aisha Rahman,2019-02-27,Entertainment,Movies / dining out,569.11
aisha@example.com,Aisha Rahman,2019-03-01,Rent,Monthly rent,12420.81
aisha@example.com,Aisha Rahman,2019-03-02,Transport,Fuel / commute,124.94
aisha@example.com,Aisha Rahman,2019-03-03,Food & Groceries,Supermarket run,2048.36
aisha@example.com,Aisha Rahman,2019-03-04,Transport,Fuel / commute,143.0
aisha@example.com,Aisha Rahman,2019-03-06,Food & Groceries,Vegetables and fruit,696.69
aisha@example.com,Aisha Rahman,2019-03-07,Entertainment,Movies / dining out,693.98
aisha@example.com,Aisha Rahman,2019-03-08,Utilities,Electricity bill,1409.37
aisha@example.com,Aisha Rahman,2019-03-08,Transport,Fuel / commute,123.32
aisha@example.com,Aisha Rahman,2019-03-10,Utilities,Broadband internet,1165.23
aisha@example.com,Aisha Rahman,2019-03-10,Food & Groceries,Supermarket run,1858.23
aisha@example.com,Aisha Rahman,2019-03-11,Transport,Fuel / commute,135.26
aisha@example.com,Aisha Rahman,2019-03-12,Health,Doctor visit,909.4
aisha@example.com,Aisha Rahman,2019-03-15,Transport,Fuel / commute,151.94
aisha@example.com,Aisha Rahman,2019-03-16,Entertainment,Movies / dining out,647.17
aisha@example.com,Aisha Rahman,2019-03-17,Food & Groceries,Supermarket run,2139.76
aisha@example.com,Aisha Rahman,2019-03-18,Transport,Fuel / commute,140.76
aisha@example.com,Aisha Rahman,2019-03-20,Food & Groceries,Vegetables and fruit,735.72
aisha@example.com,Aisha Rahman,2019-03-22,Transport,Fuel / commute,115.48
aisha@example.com,Aisha Rahman,2019-03-24,Food & Groceries,Supermarket run,2292.09
aisha@example.com,Aisha Rahman,2019-03-25,Transport,Fuel / commute,117.11
aisha@example.com,Aisha Rahman,2019-03-27,Entertainment,Movies / dining out,429.67
aisha@example.com,Aisha Rahman,2019-03-29,Transport,Fuel / commute,116.01
aisha@example.com,Aisha Rahman,2019-04-01,Rent,Monthly rent,12507.28
aisha@example.com,Aisha Rahman,2019-04-02,Transport,Fuel / commute,146.37
aisha@example.com,Aisha Rahman,2019-04-03,Food & Groceries,Supermarket run,2143.57
aisha@example.com,Aisha Rahman,2019-04-04,Transport,Fuel / commute,135.13
aisha@example.com,Aisha Rahman,2019-04-05,Rent,Society maintenance,2806.55
aisha@example.com,Aisha Rahman,2019-04-06,Food & Groceries,Vegetables and fruit,679.84
aisha@example.com,Aisha Rahman,2019-04-07,Entertainment,Movies / dining out,444.18
aisha@example.com,Aisha Rahman,2019-04-08,Utilities,Electricity bill,1421.88
aisha@example.com,Aisha Rahman,2019-04-08,Transport,Fuel / commute,128.72
aisha@example.com,Aisha Rahman,2019-04-10,Utilities,Broadband internet,1181.53
aisha@example.com,Aisha Rahman,2019-04-10,Food & Groceries,Supermarket run,2300.81
aisha@example.com,Aisha Rahman,2019-04-11,Transport,Fuel / commute,166.48
aisha@example.com,Aisha Rahman,2019-04-12,Health,Doctor visit,947.37
aisha@example.com,Aisha Rahman,2019-04-15,Transport,Fuel / commute,157.16
aisha@example.com,Aisha Rahman,2019-04-16,Entertainment,Movies / dining out,620.47
aisha@example.com,Aisha Rahman,2019-04-17,Food & Groceries,Supermarket run,2080.67
aisha@example.com,Aisha Rahman,2019-04-18,Transport,Fuel / commute,126.85
aisha@example.com,Aisha Rahman,2019-04-20,Food & Groceries,Vegetables and fruit,653.07
aisha@example.com,Aisha Rahman,2019-04-22,Transport,Fuel / commute,149.11
aisha@example.com,Aisha Rahman,2019-04-24,Food & Groceries,Supermarket run,2210.77
aisha@example.com,Aisha Rahman,2019-04-25,Transport,Fuel / commute,127.15
aisha@example.com,Aisha Rahman,2019-04-27,Entertainment,Movies / dining out,541.43
aisha@example.com,Aisha Rahman,2019-04-29,Transport,Fuel / commute,119.75
aisha@example.com,Aisha Rahman,2019-05-01,Rent,Monthly rent,12534.31
aisha@example.com,Aisha Rahman,2019-05-02,Transport,Fuel / commute,137.99
aisha@example.com,Aisha Rahman,2019-05-03,Food & Groceries,Supermarket run,2198.14
aisha@example.com,Aisha Rahman,2019-05-04,Transport,Fuel / commute,137.24
aisha@example.com,Aisha Rahman,2019-05-06,Food & Groceries,Vegetables and fruit,726.97
aisha@example.com,Aisha Rahman,2019-05-07,Entertainment,Movies / dining out,516.96
aisha@example.com,Aisha Rahman,2019-05-08,Utilities,Electricity bill,1786.41
aisha@example.com,Aisha Rahman,2019-05-08,Transport,Fuel / commute,118.42
aisha@example.com,Aisha Rahman,2019-05-10,Utilities,Broadband internet,1178.9
aisha@example.com,Aisha Rahman,2019-05-10,Food & Groceries,Supermarket run,2498.8
aisha@example.com,Aisha Rahman,2019-05-11,Transport,Fuel / commute,135.69
aisha@example.com,Aisha Rahman,2019-05-12,Health,Doctor visit,868.68
aisha@example.com,Aisha Rahman,2019-05-15,Transport,Fuel / commute,162.6
aisha@example.com,Aisha Rahman,2019-05-16,Entertainment,Movies / dining out,542.07
aisha@example.com,Aisha Rahman,2019-05-17,Food & Groceries,Supermarket run,2415.55
aisha@example.com,Aisha Rahman,2019-05-18,Transport,Fuel / commute,144.12
aisha@example.com,Aisha Rahman,2019-05-20,Food & Groceries,Vegetables and fruit,629.09
aisha@example.com,Aisha Rahman,2019-05-22,Transport,Fuel / commute,117.49
aisha@example.com,Aisha Rahman,2019-05-24,Food & Groceries,Supermarket run,2428.97
aisha@example.com,Aisha Rahman,2019-05-25,Transport,Fuel / commute,113.96
aisha@example.com,Aisha Rahman,2019-05-27,Entertainment,Movies / dining out,461.14
aisha@example.com,Aisha Rahman,2019-05-29,Transport,Fuel / commute,168.12
aisha@example.com,Aisha Rahman,2019-06-01,Rent,Monthly rent,12577.96
aisha@example.com,Aisha Rahman,2019-06-02,Transport,Fuel / commute,156.44
aisha@example.com,Aisha Rahman,2019-06-03,Food & Groceries,Supermarket run,2311.61
aisha@example.com,Aisha Rahman,2019-06-04,Transport,Fuel / commute,156.04
aisha@example.com,Aisha Rahman,2019-06-06,Food & Groceries,Vegetables and fruit,681.25
aisha@example.com,Aisha Rahman,2019-06-07,Entertainment,Movies / dining out,754.74
aisha@example.com,Aisha Rahman,2019-06-08,Utilities,Electricity bill,1880.8
aisha@example.com,Aisha Rahman,2019-06-08,Transport,Fuel / commute,138.96
aisha@example.com,Aisha Rahman,2019-06-10,Utilities,Broadband internet,1176.77
aisha@example.com,Aisha Rahman,2019-06-10,Food & Groceries,Supermarket run,2549.97
aisha@example.com,Aisha Rahman,2019-06-11,Transport,Fuel / commute,164.07
aisha@example.com,Aisha Rahman,2019-06-12,Health,Doctor visit,924.09
aisha@example.com,Aisha Rahman,2019-06-15,Food & Groceries,Kirana store top-up,1266.99
aisha@example.com,Aisha Rahman,2019-06-15,Transport,Fuel / commute,144.52
aisha@example.com,Aisha Rahman,2019-06-16,Entertainment,Movies / dining out,537.33
aisha@example.com,Aisha Rahman,2019-06-17,Food & Groceries,Supermarket run,2502.55
aisha@example.com,Aisha Rahman,2019-06-18,Transport,Fuel / commute,151.33
aisha@example.com,Aisha Rahman,2019-06-20,Food & Groceries,Vegetables and fruit,668.74
aisha@example.com,Aisha Rahman,2019-06-22,Transport,Fuel / commute,145.42
aisha@example.com,Aisha Rahman,2019-06-24,Food & Groceries,Supermarket run,2504.07
aisha@example.com,Aisha Rahman,2019-06-25,Transport,Fuel / commute,144.83
aisha@example.com,Aisha Rahman,2019-06-27,Entertainment,Movies / dining out,567.43
aisha@example.com,Aisha Rahman,2019-06-29,Transport,Fuel / commute,128.24
aisha@example.com,Aisha Rahman,2019-07-01,Rent,Monthly rent,12648.18
aisha@example.com,Aisha Rahman,2019-07-02,Transport,Fuel / commute,137.03
aisha@example.com,Aisha Rahman,2019-07-03,Food & Groceries,Supermarket run,2513.79
aisha@example.com,Aisha Rahman,2019-07-04,Transport,Fuel / commute,160.66
aisha@example.com,Aisha Rahman,2019-07-05,Rent,Society maintenance,2867.95
aisha@example.com,Aisha Rahman,2019-07-06,Food & Groceries,Vegetables and fruit,652.5
aisha@example.com,Aisha Rahman,2019-07-07,Entertainment,Movies / dining out,550.49
aisha@example.com,Aisha Rahman,2019-07-08,Utilities,Electricity bill,1841.24
aisha@example.com,Aisha Rahman,2019-07-08,Transport,Fuel / commute,128.79
aisha@example.com,Aisha Rahman,2019-07-10,Utilities,Broadband internet,1180.86
aisha@example.com,Aisha Rahman,2019-07-10,Food & Groceries,Supermarket run,2475.25
aisha@example.com,Aisha Rahman,2019-07-11,Transport,Fuel / commute,140.13
aisha@example.com,Aisha Rahman,2019-07-12,Health,Doctor visit,870.54
aisha@example.com,Aisha Rahman,2019-07-15,Transport,Fuel / commute,144.3
aisha@example.com,Aisha Rahman,2019-07-16,Entertainment,Movies / dining out,542.47
aisha@example.com,Aisha Rahman,2019-07-17,Food & Groceries,Supermarket run,2550.28
aisha@example.com,Aisha Rahman,2019-07-18,Transport,Fuel / commute,167.63
aisha@example.com,Aisha Rahman,2019-07-20,Food & Groceries,Vegetables and fruit,640.62
aisha@example.com,Aisha Rahman,2019-07-22,Transport,Fuel / commute,136.11
aisha@example.com,Aisha Rahman,2019-07-24,Food & Groceries,Supermarket run,2529.99
aisha@example.com,Aisha Rahman,2019-07-25,Transport,Fuel / commute,157.44
aisha@example.com,Aisha Rahman,2019-07-27,Entertainment,Movies / dining out,547.44
aisha@example.com,Aisha Rahman,2019-07-29,Transport,Fuel / commute,162.07
aisha@example.com,Aisha Rahman,2019-08-01,Rent,Monthly rent,12628.12
aisha@example.com,Aisha Rahman,2019-08-02,Transport,Fuel / commute,115.84
aisha@example.com,Aisha Rahman,2019-08-03,Food & Groceries,Supermarket run,2269.8
aisha@example.com,Aisha Rahman,2019-08-04,Transport,Fuel / commute,137.8
aisha@example.com,Aisha Rahman,2019-08-06,Food & Groceries,Vegetables and fruit,705.84
aisha@example.com,Aisha Rahman,2019-08-07,Entertainment,Movies / dining out,534.55
aisha@example.com,Aisha Rahman,2019-08-08,Utilities,Electricity bill,1956.11
aisha@example.com,Aisha Rahman,2019-08-08,Transport,Fuel / commute,114.21
aisha@example.com,Aisha Rahman,2019-08-10,Utilities,Broadband internet,1179.22
aisha@example.com,Aisha Rahman,2019-08-10,Food & Groceries,Supermarket run,2738.49
aisha@example.com,Aisha Rahman,2019-08-11,Transport,Fuel / commute,183.33
aisha@example.com,Aisha Rahman,2019-08-12,Health,Doctor visit,1044.57
aisha@example.com,Aisha Rahman,2019-08-15,Transport,Fuel / commute,114.6
aisha@example.com,Aisha Rahman,2019-08-16,Entertainment,Movies / dining out,477.08
aisha@example.com,Aisha Rahman,2019-08-17,Food & Groceries,Supermarket run,2378.35
aisha@example.com,Aisha Rahman,2019-08-18,Transport,Fuel / commute,123.91
aisha@example.com,Aisha Rahman,2019-08-20,Food & Groceries,Vegetables and fruit,706.93
aisha@example.com,Aisha Rahman,2019-08-22,Transport,Fuel / commute,124.03
aisha@example.com,Aisha Rahman,2019-08-24,Food & Groceries,Supermarket run,2520.42
aisha@example.com,Aisha Rahman,2019-08-25,Transport,Fuel / commute,116.27
aisha@example.com,Aisha Rahman,2019-08-27,Entertainment,Movies / dining out,414.74
aisha@example.com,Aisha Rahman,2019-08-29,Transport,Fuel / commute,164.73
aisha@example.com,Aisha Rahman,2019-09-01,Rent,Monthly rent,12660.36
aisha@example.com,Aisha Rahman,2019-09-02,Transport,Fuel / commute,137.06
aisha@example.com,Aisha Rahman,2019-09-03,Food & Groceries,Supermarket run,2230.83
aisha@example.com,Aisha Rahman,2019-09-04,Transport,Fuel / commute,130.48
aisha@example.com,Aisha Rahman,2019-09-06,Food & Groceries,Vegetables and fruit,689.16
aisha@example.com,Aisha Rahman,2019-09-07,Entertainment,Movies / dining out,587.71
aisha@example.com,Aisha Rahman,2019-09-08,Utilities,Electricity bill,1720.83
aisha@example.com,Aisha Rahman,2019-09-08,Transport,Fuel / commute,152.54
aisha@example.com,Aisha Rahman,2019-09-10,Utilities,Broadband internet,1191.53
aisha@example.com,Aisha Rahman,2019-09-10,Food & Groceries,Supermarket run,2455.29
aisha@example.com,Aisha Rahman,2019-09-11,Transport,Fuel / commute,130.67
aisha@example.com,Aisha Rahman,2019-09-12,Health,Doctor visit,937.67
aisha@example.com,Aisha Rahman,2019-09-15,Transport,Fuel / commute,159.53
aisha@example.com,Aisha Rahman,2019-09-16,Entertainment,Movies / dining out,721.93
aisha@example.com,Aisha Rahman,2019-09-17,Food & Groceries,Supermarket run,2563.9
aisha@example.com,Aisha Rahman,2019-09-18,Transport,Fuel / commute,138.07
aisha@example.com,Aisha Rahman,2019-09-20,Food & Groceries,Vegetables and fruit,618.13
aisha@example.com,Aisha Rahman,2019-09-22,Transport,Fuel / commute,131.17
aisha@example.com,Aisha Rahman,2019-09-24,Food & Groceries,Supermarket run,2261.82
aisha@example.com,Aisha Rahman,2019-09-25,Transport,Fuel / commute,120.87
aisha@example.com,Aisha Rahman,2019-09-27,Entertainment,Movies / dining out,666.68
aisha@example.com,Aisha Rahman,2019-09-29,Transport,Fuel / commute,146.59
aisha@example.com,Aisha Rahman,2019-10-01,Rent,Monthly rent,12847.36
aisha@example.com,Aisha Rahman,2019-10-02,Transport,Fuel / commute,136.45
aisha@example.com,Aisha Rahman,2019-10-03,Food & Groceries,Supermarket run,2978.17
aisha@example.com,Aisha Rahman,2019-10-04,Transport,Fuel / commute,160.38
aisha@example.com,Aisha Rahman,2019-10-05,Rent,Society maintenance,2604.1
aisha@example.com,Aisha Rahman,2019-10-06,Food & Groceries,Vegetables and fruit,722.98
aisha@example.com,Aisha Rahman,2019-10-07,Entertainment,Movies / dining out,661.46
aisha@example.com,Aisha Rahman,2019-10-08,Utilities,Electricity bill,1524.96
aisha@example.com,Aisha Rahman,2019-10-08,Transport,Fuel / commute,142.46
aisha@example.com,Aisha Rahman,2019-10-10,Utilities,Broadband internet,1180.1
aisha@example.com,Aisha Rahman,2019-10-10,Food & Groceries,Supermarket run,2993.86
aisha@example.com,Aisha Rahman,2019-10-11,Transport,Fuel / commute,128.78
aisha@example.com,Aisha Rahman,2019-10-12,Health,Doctor visit,821.43
aisha@example.com,Aisha Rahman,2019-10-15,Transport,Fuel / commute,113.39
aisha@example.com,Aisha Rahman,2019-10-16,Entertainment,Movies / dining out,822.18
aisha@example.com,Aisha Rahman,2019-10-17,Food & Groceries,Supermarket run,2972.82
aisha@example.com,Aisha Rahman,2019-10-18,Transport,Fuel / commute,135.23
aisha@example.com,Aisha Rahman,2019-10-20,Food & Groceries,Vegetables and fruit,680.62
aisha@example.com,Aisha Rahman,2019-10-22,Transport,Fuel / commute,155.73
aisha@example.com,Aisha Rahman,2019-10-24,Food & Groceries,Supermarket run,3270.47
aisha@example.com,Aisha Rahman,2019-10-25,Transport,Fuel / commute,181.81
aisha@example.com,Aisha Rahman,2019-10-27,Entertainment,Movies / dining out,607.82
aisha@example.com,Aisha Rahman,2019-10-29,Transport,Fuel / commute,143.85
aisha@example.com,Aisha Rahman,2019-11-01,Rent,Monthly rent,12813.1
aisha@example.com,Aisha Rahman,2019-11-02,Transport,Fuel / commute,130.5
aisha@example.com,Aisha Rahman,2019-11-03,Food & Groceries,Supermarket run,2718.46
aisha@example.com,Aisha Rahman,2019-11-04,Transport,Fuel / commute,124.91
aisha@example.com,Aisha Rahman,2019-11-06,Food & Groceries,Vegetables and fruit,711.91
aisha@example.com,Aisha Rahman,2019-11-07,Entertainment,Movies / dining out,992.79
aisha@example.com,Aisha Rahman,2019-11-08,Utilities,Electricity bill,1440.01
aisha@example.com,Aisha Rahman,2019-11-08,Transport,Fuel / commute,134.54
aisha@example.com,Aisha Rahman,2019-11-10,Utilities,Broadband internet,1196.39
aisha@example.com,Aisha Rahman,2019-11-10,Food & Groceries,Supermarket run,2880.11
aisha@example.com,Aisha Rahman,2019-11-11,Transport,Fuel / commute,150.38
aisha@example.com,Aisha Rahman,2019-11-12,Health,Doctor visit,775.81
aisha@example.com,Aisha Rahman,2019-11-15,Transport,Fuel / commute,149.12
aisha@example.com,Aisha Rahman,2019-11-16,Entertainment,Movies / dining out,771.3
aisha@example.com,Aisha Rahman,2019-11-17,Food & Groceries,Supermarket run,2983.99
aisha@example.com,Aisha Rahman,2019-11-18,Transport,Fuel / commute,107.21
aisha@example.com,Aisha Rahman,2019-11-20,Food & Groceries,Vegetables and fruit,682.94
aisha@example.com,Aisha Rahman,2019-11-22,Transport,Fuel / commute,129.82
aisha@example.com,Aisha Rahman,2019-11-24,Food & Groceries,Supermarket run,3080.94
aisha@example.com,Aisha Rahman,2019-11-25,Transport,Fuel / commute,164.05
aisha@example.com,Aisha Rahman,2019-11-27,Entertainment,Movies / dining out,809.69
aisha@example.com,Aisha Rahman,2019-11-29,Transport,Fuel / commute,144.69
aisha@example.com,Aisha Rahman,2019-12-01,Rent,Monthly rent,12896.31
aisha@example.com,Aisha Rahman,2019-12-02,Transport,Fuel / commute,163.19
aisha@example.com,Aisha Rahman,2019-12-03,Food & Groceries,Supermarket run,2170.76
aisha@example.com,Aisha Rahman,2019-12-04,Transport,Fuel / commute,135.81
aisha@example.com,Aisha Rahman,2019-12-06,Food & Groceries,Vegetables and fruit,661.33
aisha@example.com,Aisha Rahman,2019-12-07,Entertainment,Movies / dining out,500.7
aisha@example.com,Aisha Rahman,2019-12-08,Utilities,Electricity bill,1277.38
aisha@example.com,Aisha Rahman,2019-12-08,Transport,Fuel / commute,158.85
aisha@example.com,Aisha Rahman,2019-12-10,Utilities,Broadband internet,1203.66
aisha@example.com,Aisha Rahman,2019-12-10,Food & Groceries,Supermarket run,1836.37
aisha@example.com,Aisha Rahman,2019-12-11,Transport,Fuel / commute,132.28
aisha@example.com,Aisha Rahman,2019-12-12,Health,Doctor visit,786.01
aisha@example.com,Aisha Rahman,2019-12-15,Transport,Fuel / commute,135.62
aisha@example.com,Aisha Rahman,2019-12-16,Entertainment,Movies / dining out,602.71
aisha@example.com,Aisha Rahman,2019-12-17,Food & Groceries,Supermarket run,2187.55
aisha@example.com,Aisha Rahman,2019-12-18,Transport,Fuel / commute,130.07
aisha@example.com,Aisha Rahman,2019-12-20,Food & Groceries,Vegetables and fruit,697.38
aisha@example.com,Aisha Rahman,2019-12-22,Transport,Fuel / commute,149.78
aisha@example.com,Aisha Rahman,2019-12-24,Food & Groceries,Supermarket run,2235.96
aisha@example.com,Aisha Rahman,2019-12-25,Transport,Fuel / commute,163.86
aisha@example.com,Aisha Rahman,2019-12-27,Entertainment,Movies / dining out,702.81
aisha@example.com,Aisha Rahman,2019-12-29,Transport,Fuel / commute,140.69
aisha@example.com,Aisha Rahman,2020-01-01,Rent,Monthly rent,12976.09
aisha@example.com,Aisha Rahman,2020-01-02,Transport,Fuel / commute,124.51
aisha@example.com,Aisha Rahman,2020-01-03,Food & Groceries,Supermarket run,2056.74
aisha@example.com,Aisha Rahman,2020-01-04,Transport,Fuel / commute,145.94
aisha@example.com,Aisha Rahman,2020-01-05,Rent,Society maintenance,2740.27
aisha@example.com,Aisha Rahman,2020-01-06,Food & Groceries,Vegetables and fruit,712.41
aisha@example.com,Aisha Rahman,2020-01-07,Entertainment,Movies / dining out,601.1
aisha@example.com,Aisha Rahman,2020-01-08,Utilities,Electricity bill,1343.76
aisha@example.com,Aisha Rahman,2020-01-08,Transport,Fuel / commute,119.02
aisha@example.com,Aisha Rahman,2020-01-10,Utilities,Broadband internet,1210.0
aisha@example.com,Aisha Rahman,2020-01-10,Food & Groceries,Supermarket run,1905.47
aisha@example.com,Aisha Rahman,2020-01-11,Transport,Fuel / commute,126.6
aisha@example.com,Aisha Rahman,2020-01-12,Health,Doctor visit,899.67
aisha@example.com,Aisha Rahman,2020-01-15,Transport,Fuel / commute,131.39
aisha@example.com,Aisha Rahman,2020-01-16,Entertainment,Movies / dining out,551.98
aisha@example.com,Aisha Rahman,2020-01-17,Food & Groceries,Supermarket run,1741.0
aisha@example.com,Aisha Rahman,2020-01-18,Transport,Fuel / commute,159.02
aisha@example.com,Aisha Rahman,2020-01-20,Food & Groceries,Vegetables and fruit,673.08
aisha@example.com,Aisha Rahman,2020-01-22,Transport,Fuel / commute,138.12
aisha@example.com,Aisha Rahman,2020-01-24,Food & Groceries,Supermarket run,2062.62
aisha@example.com,Aisha Rahman,2020-01-25,Transport,Fuel / commute,136.64
aisha@example.com,Aisha Rahman,2020-01-27,Entertainment,Movies / dining out,536.26
aisha@example.com,Aisha Rahman,2020-01-29,Transport,Fuel / commute,178.27
aisha@example.com,Aisha Rahman,2020-02-01,Rent,Monthly rent,12994.25
aisha@example.com,Aisha Rahman,2020-02-02,Transport,Fuel / commute,107.4
aisha@example.com,Aisha Rahman,2020-02-03,Food & Groceries,Supermarket run,2152.35
aisha@example.com,Aisha Rahman,2020-02-04,Transport,Fuel / commute,144.29
aisha@example.com,Aisha Rahman,2020-02-06,Food & Groceries,Vegetables and fruit,633.67
aisha@example.com,Aisha Rahman,2020-02-07,Entertainment,Movies / dining out,562.56
aisha@example.com,Aisha Rahman,2020-02-08,Utilities,Electricity bill,1393.9
aisha@example.com,Aisha Rahman,2020-02-08,Transport,Fuel / commute,127.19
aisha@example.com,Aisha Rahman,2020-02-10,Utilities,Broadband internet,1234.24
aisha@example.com,Aisha Rahman,2020-02-10,Food & Groceries,Supermarket run,1996.18
aisha@example.com,Aisha Rahman,2020-02-11,Transport,Fuel / commute,146.7
aisha@example.com,Aisha Rahman,2020-02-12,Health,Doctor visit,821.2
aisha@example.com,Aisha Rahman,2020-02-15,Transport,Fuel / commute,126.19
aisha@example.com,Aisha Rahman,2020-02-16,Entertainment,Movies / dining out,486.22
aisha@example.com,Aisha Rahman,2020-02-17,Food & Groceries,Supermarket run,2148.68
aisha@example.com,Aisha Rahman,2020-02-18,Transport,Fuel / commute,152.31
aisha@example.com,Aisha Rahman,2020-02-20,Food & Groceries,Vegetables and fruit,704.83
aisha@example.com,Aisha Rahman,2020-02-22,Transport,Fuel / commute,145.27
aisha@example.com,Aisha Rahman,2020-02-24,Food & Groceries,Supermarket run,1876.39
aisha@example.com,Aisha Rahman,2020-02-25,Transport,Fuel / commute,169.29
aisha@example.com,Aisha Rahman,2020-02-27,Entertainment,Movies / dining out,607.99
aisha@example.com,Aisha Rahman,2020-02-29,Transport,Fuel / commute,145.05
aisha@example.com,Aisha Rahman,2020-03-01,Rent,Monthly rent,13031.54
aisha@example.com,Aisha Rahman,2020-03-02,Transport,Fuel / commute,150.53
aisha@example.com,Aisha Rahman,2020-03-03,Food & Groceries,Supermarket run,2281.61
aisha@example.com,Aisha Rahman,2020-03-04,Transport,Fuel / commute,176.79
aisha@example.com,Aisha Rahman,2020-03-06,Food & Groceries,Vegetables and fruit,650.25
aisha@example.com,Aisha Rahman,2020-03-07,Entertainment,Movies / dining out,600.89
aisha@example.com,Aisha Rahman,2020-03-08,Utilities,Electricity bill,1416.28
aisha@example.com,Aisha Rahman,2020-03-08,Transport,Fuel / commute,119.3
aisha@example.com,Aisha Rahman,2020-03-10,Utilities,Broadband internet,1224.07
aisha@example.com,Aisha Rahman,2020-03-10,Food & Groceries,Supermarket run,1994.69
aisha@example.com,Aisha Rahman,2020-03-11,Transport,Fuel / commute,145.33
aisha@example.com,Aisha Rahman,2020-03-12,Food & Groceries,Kirana store top-up,1336.3
aisha@example.com,Aisha Rahman,2020-03-12,Health,Doctor visit,949.05
aisha@example.com,Aisha Rahman,2020-03-15,Transport,Fuel / commute,151.86
aisha@example.com,Aisha Rahman,2020-03-16,Entertainment,Movies / dining out,452.5
aisha@example.com,Aisha Rahman,2020-03-17,Food & Groceries,Supermarket run,2117.25
aisha@example.com,Aisha Rahman,2020-03-18,Transport,Fuel / commute,129.5
aisha@example.com,Aisha Rahman,2020-03-20,Food & Groceries,Vegetables and fruit,767.97
aisha@example.com,Aisha Rahman,2020-03-22,Transport,Fuel / commute,150.72
aisha@example.com,Aisha Rahman,2020-03-24,Food & Groceries,Supermarket run,2172.01
aisha@example.com,Aisha Rahman,2020-03-25,Transport,Fuel / commute,126.15
aisha@example.com,Aisha Rahman,2020-03-27,Entertainment,Movies / dining out,514.37
aisha@example.com,Aisha Rahman,2020-03-29,Transport,Fuel / commute,157.52
aisha@example.com,Aisha Rahman,2020-04-01,Rent,Monthly rent,13030.14
aisha@example.com,Aisha Rahman,2020-04-02,Transport,Fuel / commute,178.23
aisha@example.com,Aisha Rahman,2020-04-03,Food & Groceries,Supermarket run,2150.37
aisha@example.com,Aisha Rahman,2020-04-04,Transport,Fuel / commute,152.81
aisha@example.com,Aisha Rahman,2020-04-05,Rent,Society maintenance,2683.9
aisha@example.com,Aisha Rahman,2020-04-06,Food & Groceries,Vegetables and fruit,689.27
aisha@example.com,Aisha Rahman,2020-04-07,Entertainment,Movies / dining out,499.96
aisha@example.com,Aisha Rahman,2020-04-08,Utilities,Electricity bill,1639.99
aisha@example.com,Aisha Rahman,2020-04-08,Transport,Fuel / commute,136.55
aisha@example.com,Aisha Rahman,2020-04-10,Utilities,Broadband internet,1205.46
aisha@example.com,Aisha Rahman,2020-04-10,Food & Groceries,Supermarket run,2662.98
aisha@example.com,Aisha Rahman,2020-04-11,Transport,Fuel / commute,159.79
aisha@example.com,Aisha Rahman,2020-04-12,Health,Doctor visit,792.55
aisha@example.com,Aisha Rahman,2020-04-13,Food & Groceries,Kirana store top-up,1333.53
aisha@example.com,Aisha Rahman,2020-04-15,Transport,Fuel / commute,133.77
aisha@example.com,Aisha Rahman,2020-04-16,Entertainment,Movies / dining out,363.7
aisha@example.com,Aisha Rahman,2020-04-17,Food & Groceries,Supermarket run,2369.14
aisha@example.com,Aisha Rahman,2020-04-18,Transport,Fuel / commute,127.9
aisha@example.com,Aisha Rahman,2020-04-20,Food & Groceries,Vegetables and fruit,695.33
aisha@example.com,Aisha Rahman,2020-04-21,Health,Pharmacy / lab tests,1933.73
aisha@example.com,Aisha Rahman,2020-04-22,Transport,Fuel / commute,115.17
aisha@example.com,Aisha Rahman,2020-04-24,Food & Groceries,Supermarket run,2136.19
aisha@example.com,Aisha Rahman,2020-04-25,Transport,Fuel / commute,118.58
aisha@example.com,Aisha Rahman,2020-04-27,Entertainment,Movies / dining out,510.85
aisha@example.com,Aisha Rahman,2020-04-29,Transport,Fuel / commute,130.3
aisha@example.com,Aisha Rahman,2020-05-01,Rent,Monthly rent,13070.91
aisha@example.com,Aisha Rahman,2020-05-02,Transport,Fuel / commute,140.24
aisha@example.com,Aisha Rahman,2020-05-03,Food & Groceries,Supermarket run,2352.06
aisha@example.com,Aisha Rahman,2020-05-04,Transport,Fuel / commute,151.59
aisha@example.com,Aisha Rahman,2020-05-06,Food & Groceries,Vegetables and fruit,785.0
aisha@example.com,Aisha Rahman,2020-05-07,Entertainment,Movies / dining out,511.76
aisha@example.com,Aisha Rahman,2020-05-08,Utilities,Electricity bill,1790.02
aisha@example.com,Aisha Rahman,2020-05-08,Transport,Fuel / commute,149.26
aisha@example.com,Aisha Rahman,2020-05-10,Utilities,Broadband internet,1235.87
aisha@example.com,Aisha Rahman,2020-05-10,Food & Groceries,Supermarket run,2595.99
aisha@example.com,Aisha Rahman,2020-05-11,Transport,Fuel / commute,98.26
aisha@example.com,Aisha Rahman,2020-05-12,Health,Doctor visit,852.49
aisha@example.com,Aisha Rahman,2020-05-15,Transport,Fuel / commute,130.6
aisha@example.com,Aisha Rahman,2020-05-16,Entertainment,Movies / dining out,609.0
aisha@example.com,Aisha Rahman,2020-05-17,Food & Groceries,Supermarket run,2305.04
aisha@example.com,Aisha Rahman,2020-05-18,Transport,Fuel / commute,145.64
aisha@example.com,Aisha Rahman,2020-05-20,Food & Groceries,Vegetables and fruit,742.36
aisha@example.com,Aisha Rahman,2020-05-22,Transport,Fuel / commute,140.27
aisha@example.com,Aisha Rahman,2020-05-24,Food & Groceries,Supermarket run,2348.76
aisha@example.com,Aisha Rahman,2020-05-25,Transport,Fuel / commute,150.88
aisha@example.com,Aisha Rahman,2020-05-27,Entertainment,Movies / dining out,563.18
aisha@example.com,Aisha Rahman,2020-05-29,Transport,Fuel / commute,166.4
aisha@example.com,Aisha Rahman,2020-06-01,Rent,Monthly rent,13216.13
aisha@example.com,Aisha Rahman,2020-06-02,Transport,Fuel / commute,164.26
aisha@example.com,Aisha Rahman,2020-06-03,Food & Groceries,Supermarket run,2677.99
aisha@example.com,Aisha Rahman,2020-06-04,Transport,Fuel / commute,138.92
aisha@example.com,Aisha Rahman,2020-06-06,Food & Groceries,Vegetables and fruit,726.9
aisha@example.com,Aisha Rahman,2020-06-07,Entertainment,Movies / dining out,585.48
aisha@example.com,Aisha Rahman,2020-06-08,Utilities,Electricity bill,1918.29
aisha@example.com,Aisha Rahman,2020-06-08,Transport,Fuel / commute,123.63
aisha@example.com,Aisha Rahman,2020-06-10,Utilities,Broadband internet,1239.75
aisha@example.com,Aisha Rahman,2020-06-10,Food & Groceries,Supermarket run,2480.18
aisha@example.com,Aisha Rahman,2020-06-11,Transport,Fuel / commute,181.96
aisha@example.com,Aisha Rahman,2020-06-12,Health,Doctor visit,873.78
aisha@example.com,Aisha Rahman,2020-06-15,Transport,Fuel / commute,136.4
aisha@example.com,Aisha Rahman,2020-06-16,Entertainment,Movies / dining out,600.63
aisha@example.com,Aisha Rahman,2020-06-17,Food & Groceries,Supermarket run,2483.45
aisha@example.com,Aisha Rahman,2020-06-18,Transport,Fuel / commute,137.04
aisha@example.com,Aisha Rahman,2020-06-20,Food & Groceries,Vegetables and fruit,695.86
aisha@example.com,Aisha Rahman,2020-06-22,Transport,Fuel / commute,145.91
aisha@example.com,Aisha Rahman,2020-06-24,Food & Groceries,Supermarket run,2552.46
aisha@example.com,Aisha Rahman,2020-06-25,Transport,Fuel / commute,148.26
aisha@example.com,Aisha Rahman,2020-06-27,Entertainment,Movies / dining out,421.86
aisha@example.com,Aisha Rahman,2020-06-29,Transport,Fuel / commute,140.25
aisha@example.com,Aisha Rahman,2020-07-01,Rent,Monthly rent,13189.44
aisha@example.com,Aisha Rahman,2020-07-02,Transport,Fuel / commute,158.49
aisha@example.com,Aisha Rahman,2020-07-03,Food & Groceries,Supermarket run,2787.3
aisha@example.com,Aisha Rahman,2020-07-04,Transport,Fuel / commute,169.84
aisha@example.com,Aisha Rahman,2020-07-05,Rent,Society maintenance,2777.13
aisha@example.com,Aisha Rahman,2020-07-06,Food & Groceries,Vegetables and fruit,652.56
aisha@example.com,Aisha Rahman,2020-07-07,Entertainment,Movies / dining out,678.32
aisha@example.com,Aisha Rahman,2020-07-08,Utilities,Electricity bill,2141.72
aisha@example.com,Aisha Rahman,2020-07-08,Transport,Fuel / commute,153.06
aisha@example.com,Aisha Rahman,2020-07-10,Utilities,Broadband internet,1240.07
aisha@example.com,Aisha Rahman,2020-07-10,Food & Groceries,Supermarket run,2690.47
aisha@example.com,Aisha Rahman,2020-07-11,Transport,Fuel / commute,139.71
aisha@example.com,Aisha Rahman,2020-07-15,Transport,Fuel / commute,110.72
aisha@example.com,Aisha Rahman,2020-07-16,Entertainment,Movies / dining out,646.05
aisha@example.com,Aisha Rahman,2020-07-17,Food & Groceries,Supermarket run,2373.94
aisha@example.com,Aisha Rahman,2020-07-18,Food & Groceries,Kirana store top-up,1231.78
aisha@example.com,Aisha Rahman,2020-07-18,Transport,Fuel / commute,148.86
aisha@example.com,Aisha Rahman,2020-07-20,Food & Groceries,Vegetables and fruit,651.37
aisha@example.com,Aisha Rahman,2020-07-22,Transport,Fuel / commute,148.06
aisha@example.com,Aisha Rahman,2020-07-24,Food & Groceries,Supermarket run,2430.97
aisha@example.com,Aisha Rahman,2020-07-25,Transport,Fuel / commute,150.85
aisha@example.com,Aisha Rahman,2020-07-27,Entertainment,Movies / dining out,522.26
aisha@example.com,Aisha Rahman,2020-07-29,Transport,Fuel / commute,184.91
aisha@example.com,Aisha Rahman,2020-08-01,Rent,Monthly rent,13282.77
aisha@example.com,Aisha Rahman,2020-08-02,Transport,Fuel / commute,153.04
aisha@example.com,Aisha Rahman,2020-08-03,Food & Groceries,Supermarket run,2675.63
aisha@example.com,Aisha Rahman,2020-08-04,Transport,Fuel / commute,139.35
aisha@example.com,Aisha Rahman,2020-08-06,Food & Groceries,Vegetables and fruit,620.95
aisha@example.com,Aisha Rahman,2020-08-07,Entertainment,Movies / dining out,648.07
aisha@example.com,Aisha Rahman,2020-08-08,Utilities,Electricity bill,2068.16
aisha@example.com,Aisha Rahman,2020-08-08,Transport,Fuel / commute,162.85
aisha@example.com,Aisha Rahman,2020-08-10,Utilities,Broadband internet,1240.24
aisha@example.com,Aisha Rahman,2020-08-10,Food & Groceries,Supermarket run,2615.03
aisha@example.com,Aisha Rahman,2020-08-11,Transport,Fuel / commute,120.4
aisha@example.com,Aisha Rahman,2020-08-12,Health,Doctor visit,850.97
aisha@example.com,Aisha Rahman,2020-08-15,Transport,Fuel / commute,146.97
aisha@example.com,Aisha Rahman,2020-08-16,Entertainment,Movies / dining out,596.1
aisha@example.com,Aisha Rahman,2020-08-17,Food & Groceries,Supermarket run,2319.24
aisha@example.com,Aisha Rahman,2020-08-18,Transport,Fuel / commute,138.12
aisha@example.com,Aisha Rahman,2020-08-20,Food & Groceries,Vegetables and fruit,725.27
aisha@example.com,Aisha Rahman,2020-08-20,Food & Groceries,Kirana store top-up,1296.15
aisha@example.com,Aisha Rahman,2020-08-22,Transport,Fuel / commute,136.1
aisha@example.com,Aisha Rahman,2020-08-24,Food & Groceries,Supermarket run,2879.4
aisha@example.com,Aisha Rahman,2020-08-25,Transport,Fuel / commute,155.76
aisha@example.com,Aisha Rahman,2020-08-27,Entertainment,Movies / dining out,529.08
aisha@example.com,Aisha Rahman,2020-08-29,Transport,Fuel / commute,167.29
aisha@example.com,Aisha Rahman,2020-09-01,Rent,Monthly rent,13196.54
aisha@example.com,Aisha Rahman,2020-09-02,Transport,Fuel / commute,149.37
aisha@example.com,Aisha Rahman,2020-09-03,Food & Groceries,Supermarket run,2682.97
aisha@example.com,Aisha Rahman,2020-09-04,Transport,Fuel / commute,156.09
aisha@example.com,Aisha Rahman,2020-09-06,Food & Groceries,Vegetables and fruit,688.62
aisha@example.com,Aisha Rahman,2020-09-07,Entertainment,Movies / dining out,687.81
aisha@example.com,Aisha Rahman,2020-09-08,Utilities,Electricity bill,1885.06
aisha@example.com,Aisha Rahman,2020-09-08,Transport,Fuel / commute,149.92
aisha@example.com,Aisha Rahman,2020-09-10,Utilities,Broadband internet,1245.02
aisha@example.com,Aisha Rahman,2020-09-10,Food & Groceries,Supermarket run,2428.25
aisha@example.com,Aisha Rahman,2020-09-11,Transport,Fuel / commute,163.8
aisha@example.com,Aisha Rahman,2020-09-12,Health,Doctor visit,924.72
aisha@example.com,Aisha Rahman,2020-09-15,Transport,Fuel / commute,136.44
aisha@example.com,Aisha Rahman,2020-09-16,Entertainment,Movies / dining out,525.06
aisha@example.com,Aisha Rahman,2020-09-17,Food & Groceries,Supermarket run,2492.65
aisha@example.com,Aisha Rahman,2020-09-18,Transport,Fuel / commute,131.12
aisha@example.com,Aisha Rahman,2020-09-20,Food & Groceries,Vegetables and fruit,774.05
aisha@example.com,Aisha Rahman,2020-09-22,Transport,Fuel / commute,137.28
aisha@example.com,Aisha Rahman,2020-09-24,Food & Groceries,Supermarket run,2787.04
aisha@example.com,Aisha Rahman,2020-09-25,Transport,Fuel / commute,150.45
aisha@example.com,Aisha Rahman,2020-09-27,Entertainment,Movies / dining out,542.32
aisha@example.com,Aisha Rahman,2020-09-29,Transport,Fuel / commute,144.74
aisha@example.com,Aisha Rahman,2020-10-01,Rent,Monthly rent,13306.53
aisha@example.com,Aisha Rahman,2020-10-02,Transport,Fuel / commute,136.7
aisha@example.com,Aisha Rahman,2020-10-03,Food & Groceries,Supermarket run,2797.3
aisha@example.com,Aisha Rahman,2020-10-04,Transport,Fuel / commute,115.38
aisha@example.com,Aisha Rahman,2020-10-05,Rent,Society maintenance,2672.33
aisha@example.com,Aisha Rahman,2020-10-06,Food & Groceries,Vegetables and fruit,716.78
aisha@example.com,Aisha Rahman,2020-10-07,Entertainment,Movies / dining out,787.48
aisha@example.com,Aisha Rahman,2020-10-08,Utilities,Electricity bill,1661.27
aisha@example.com,Aisha Rahman,2020-10-08,Transport,Fuel / commute,129.52
aisha@example.com,Aisha Rahman,2020-10-10,Utilities,Broadband internet,1249.94
aisha@example.com,Aisha Rahman,2020-10-10,Food & Groceries,Supermarket run,3194.13
aisha@example.com,Aisha Rahman,2020-10-11,Transport,Fuel / commute,167.41
aisha@example.com,Aisha Rahman,2020-10-12,Health,Doctor visit,1019.18
aisha@example.com,Aisha Rahman,2020-10-15,Transport,Fuel / commute,189.17
aisha@example.com,Aisha Rahman,2020-10-16,Entertainment,Movies / dining out,1010.29
aisha@example.com,Aisha Rahman,2020-10-17,Food & Groceries,Supermarket run,2919.78
aisha@example.com,Aisha Rahman,2020-10-18,Transport,Fuel / commute,162.22
aisha@example.com,Aisha Rahman,2020-10-20,Food & Groceries,Vegetables and fruit,655.6
aisha@example.com,Aisha Rahman,2020-10-22,Transport,Fuel / commute,147.56
aisha@example.com,Aisha Rahman,2020-10-24,Food & Groceries,Supermarket run,3515.12
aisha@example.com,Aisha Rahman,2020-10-25,Transport,Fuel / commute,141.48
aisha@example.com,Aisha Rahman,2020-10-27,Entertainment,Movies / dining out,940.47
aisha@example.com,Aisha Rahman,2020-10-29,Transport,Fuel / commute,132.08
aisha@example.com,Aisha Rahman,2020-11-01,Rent,Monthly rent,13450.85
aisha@example.com,Aisha Rahman,2020-11-02,Transport,Fuel / commute,158.5
aisha@example.com,Aisha Rahman,2020-11-03,Food & Groceries,Supermarket run,3008.43
aisha@example.com,Aisha Rahman,2020-11-04,Transport,Fuel / commute,127.44
aisha@example.com,Aisha Rahman,2020-11-06,Food & Groceries,Vegetables and fruit,753.87
aisha@example.com,Aisha Rahman,2020-11-07,Entertainment,Movies / dining out,662.37
aisha@example.com,Aisha Rahman,2020-11-08,Utilities,Electricity bill,1504.79
aisha@example.com,Aisha Rahman,2020-11-08,Transport,Fuel / commute,123.02
aisha@example.com,Aisha Rahman,2020-11-10,Utilities,Broadband internet,1252.42
aisha@example.com,Aisha Rahman,2020-11-10,Food & Groceries,Supermarket run,3285.02
aisha@example.com,Aisha Rahman,2020-11-11,Transport,Fuel / commute,154.04
aisha@example.com,Aisha Rahman,2020-11-12,Health,Doctor visit,867.65
aisha@example.com,Aisha Rahman,2020-11-15,Transport,Fuel / commute,159.15
aisha@example.com,Aisha Rahman,2020-11-16,Entertainment,Movies / dining out,614.22
aisha@example.com,Aisha Rahman,2020-11-17,Food & Groceries,Supermarket run,3336.44
aisha@example.com,Aisha Rahman,2020-11-18,Transport,Fuel / commute,165.98
aisha@example.com,Aisha Rahman,2020-11-20,Food & Groceries,Vegetables and fruit,638.06
aisha@example.com,Aisha Rahman,2020-11-22,Transport,Fuel / commute,158.68
aisha@example.com,Aisha Rahman,2020-11-24,Food & Groceries,Supermarket run,3294.46
aisha@example.com,Aisha Rahman,2020-11-25,Transport,Fuel / commute,159.3
aisha@example.com,Aisha Rahman,2020-11-27,Entertainment,Movies / dining out,880.48
aisha@example.com,Aisha Rahman,2020-11-29,Transport,Fuel / commute,132.05
aisha@example.com,Aisha Rahman,2020-12-01,Rent,Monthly rent,13530.32
aisha@example.com,Aisha Rahman,2020-12-02,Transport,Fuel / commute,152.46
aisha@example.com,Aisha Rahman,2020-12-03,Food & Groceries,Supermarket run,2243.7
aisha@example.com,Aisha Rahman,2020-12-04,Transport,Fuel / commute,113.88
aisha@example.com,Aisha Rahman,2020-12-06,Food & Groceries,Vegetables and fruit,722.55
aisha@example.com,Aisha Rahman,2020-12-07,Entertainment,Movies / dining out,622.48
aisha@example.com,Aisha Rahman,2020-12-08,Utilities,Electricity bill,1485.36
aisha@example.com,Aisha Rahman,2020-12-08,Transport,Fuel / commute,148.83
aisha@example.com,Aisha Rahman,2020-12-10,Utilities,Broadband internet,1255.44
aisha@example.com,Aisha Rahman,2020-12-10,Food & Groceries,Supermarket run,2256.12
aisha@example.com,Aisha Rahman,2020-12-11,Transport,Fuel / commute,138.23
aisha@example.com,Aisha Rahman,2020-12-15,Transport,Fuel / commute,128.88
aisha@example.com,Aisha Rahman,2020-12-16,Entertainment,Movies / dining out,672.63
aisha@example.com,Aisha Rahman,2020-12-17,Food & Groceries,Supermarket run,2181.93
aisha@example.com,Aisha Rahman,2020-12-18,Transport,Fuel / commute,176.14
aisha@example.com,Aisha Rahman,2020-12-20,Food & Groceries,Vegetables and fruit,723.26
aisha@example.com,Aisha Rahman,2020-12-22,Transport,Fuel / commute,159.37
aisha@example.com,Aisha Rahman,2020-12-24,Food & Groceries,Supermarket run,2286.84
aisha@example.com,Aisha Rahman,2020-12-25,Transport,Fuel / commute,149.74
aisha@example.com,Aisha Rahman,2020-12-27,Entertainment,Movies / dining out,541.46
aisha@example.com,Aisha Rahman,2020-12-29,Transport,Fuel / commute,140.09
aisha@example.com,Aisha Rahman,2021-01-01,Rent,Monthly rent,13433.77
aisha@example.com,Aisha Rahman,2021-01-02,Transport,Fuel / commute,156.52
aisha@example.com,Aisha Rahman,2021-01-03,Food & Groceries,Supermarket run,2023.79
aisha@example.com,Aisha Rahman,2021-01-04,Transport,Fuel / commute,131.15
aisha@example.com,Aisha Rahman,2021-01-05,Rent,Society maintenance,2728.6
aisha@example.com,Aisha Rahman,2021-01-06,Food & Groceries,Vegetables and fruit,845.1
aisha@example.com,Aisha Rahman,2021-01-07,Entertainment,Movies / dining out,506.98
aisha@example.com,Aisha Rahman,2021-01-08,Utilities,Electricity bill,1426.74
aisha@example.com,Aisha Rahman,2021-01-08,Transport,Fuel / commute,169.25
aisha@example.com,Aisha Rahman,2021-01-10,Utilities,Broadband internet,1274.14
aisha@example.com,Aisha Rahman,2021-01-10,Food & Groceries,Supermarket run,2016.48
aisha@example.com,Aisha Rahman,2021-01-11,Transport,Fuel / commute,133.83
aisha@example.com,Aisha Rahman,2021-01-12,Health,Doctor visit,874.6
aisha@example.com,Aisha Rahman,2021-01-15,Transport,Fuel / commute,138.6
aisha@example.com,Aisha Rahman,2021-01-16,Entertainment,Movies / dining out,655.93
aisha@example.com,Aisha Rahman,2021-01-17,Food & Groceries,Supermarket run,2115.33
aisha@example.com,Aisha Rahman,2021-01-18,Transport,Fuel / commute,140.15
aisha@example.com,Aisha Rahman,2021-01-20,Food & Groceries,Vegetables and fruit,628.22
aisha@example.com,Aisha Rahman,2021-01-22,Transport,Fuel / commute,149.43
aisha@example.com,Aisha Rahman,2021-01-24,Food & Groceries,Supermarket run,2229.83
aisha@example.com,Aisha Rahman,2021-01-25,Transport,Fuel / commute,156.66
aisha@example.com,Aisha Rahman,2021-01-27,Entertainment,Movies / dining out,599.42
aisha@example.com,Aisha Rahman,2021-01-29,Transport,Fuel / commute,159.57
aisha@example.com,Aisha Rahman,2021-02-01,Rent,Monthly rent,13521.4
aisha@example.com,Aisha Rahman,2021-02-02,Transport,Fuel / commute,148.43
aisha@example.com,Aisha Rahman,2021-02-03,Food & Groceries,Supermarket run,2242.98
aisha@example.com,Aisha Rahman,2021-02-04,Transport,Fuel / commute,125.74
aisha@example.com,Aisha Rahman,2021-02-06,Food & Groceries,Vegetables and fruit,670.68
aisha@example.com,Aisha Rahman,2021-02-07,Entertainment,Movies / dining out,631.33
aisha@example.com,Aisha Rahman,2021-02-08,Utilities,Electricity bill,1439.59
aisha@example.com,Aisha Rahman,2021-02-08,Transport,Fuel / commute,159.61
aisha@example.com,Aisha Rahman,2021-02-10,Utilities,Broadband internet,1284.31
aisha@example.com,Aisha Rahman,2021-02-10,Food & Groceries,Supermarket run,2012.05
aisha@example.com,Aisha Rahman,2021-02-11,Transport,Fuel / commute,155.29
aisha@example.com,Aisha Rahman,2021-02-12,Health,Doctor visit,886.65
aisha@example.com,Aisha Rahman,2021-02-15,Transport,Fuel / commute,147.21
aisha@example.com,Aisha Rahman,2021-02-16,Entertainment,Movies / dining out,521.51
aisha@example.com,Aisha Rahman,2021-02-17,Food & Groceries,Supermarket run,2225.83
aisha@example.com,Aisha Rahman,2021-02-18,Transport,Fuel / commute,150.67
aisha@example.com,Aisha Rahman,2021-02-20,Food & Groceries,Vegetables and fruit,765.59
aisha@example.com,Aisha Rahman,2021-02-22,Transport,Fuel / commute,138.29
aisha@example.com,Aisha Rahman,2021-02-24,Food & Groceries,Supermarket run,2220.94
aisha@example.com,Aisha Rahman,2021-02-25,Transport,Fuel / commute,162.43
aisha@example.com,Aisha Rahman,2021-02-27,Entertainment,Movies / dining out,540.42
aisha@example.com,Aisha Rahman,2021-03-01,Rent,Monthly rent,13621.02
aisha@example.com,Aisha Rahman,2021-03-02,Transport,Fuel / commute,139.27
aisha@example.com,Aisha Rahman,2021-03-03,Food & Groceries,Supermarket run,2072.69
aisha@example.com,Aisha Rahman,2021-03-04,Transport,Fuel / commute,139.43
aisha@example.com,Aisha Rahman,2021-03-06,Food & Groceries,Vegetables and fruit,746.46
aisha@example.com,Aisha Rahman,2021-03-07,Entertainment,Movies / dining out,792.33
aisha@example.com,Aisha Rahman,2021-03-08,Utilities,Electricity bill,1504.84
aisha@example.com,Aisha Rahman,2021-03-08,Transport,Fuel / commute,178.32
aisha@example.com,Aisha Rahman,2021-03-10,Utilities,Broadband internet,1276.7
aisha@example.com,Aisha Rahman,2021-03-10,Food & Groceries,Supermarket run,2213.28
aisha@example.com,Aisha Rahman,2021-03-11,Transport,Fuel / commute,165.93
aisha@example.com,Aisha Rahman,2021-03-15,Transport,Fuel / commute,144.76
aisha@example.com,Aisha Rahman,2021-03-16,Entertainment,Movies / dining out,621.36
aisha@example.com,Aisha Rahman,2021-03-17,Food & Groceries,Supermarket run,2256.0
aisha@example.com,Aisha Rahman,2021-03-18,Transport,Fuel / commute,149.93
aisha@example.com,Aisha Rahman,2021-03-20,Food & Groceries,Vegetables and fruit,772.46
aisha@example.com,Aisha Rahman,2021-03-22,Transport,Fuel / commute,150.01
aisha@example.com,Aisha Rahman,2021-03-24,Food & Groceries,Supermarket run,2273.23
aisha@example.com,Aisha Rahman,2021-03-25,Transport,Fuel / commute,152.46
aisha@example.com,Aisha Rahman,2021-03-27,Entertainment,Movies / dining out,655.83
aisha@example.com,Aisha Rahman,2021-03-29,Transport,Fuel / commute,160.5
aisha@example.com,Aisha Rahman,2021-04-01,Rent,Monthly rent,13727.75
aisha@example.com,Aisha Rahman,2021-04-02,Transport,Fuel / commute,147.32
aisha@example.com,Aisha Rahman,2021-04-03,Food & Groceries,Supermarket run,2482.94
aisha@example.com,Aisha Rahman,2021-04-04,Transport,Fuel / commute,173.35
aisha@example.com,Aisha Rahman,2021-04-05,Rent,Society maintenance,2707.79
aisha@example.com,Aisha Rahman,2021-04-06,Food & Groceries,Vegetables and fruit,686.63
aisha@example.com,Aisha Rahman,2021-04-07,Entertainment,Movies / dining out,673.11
aisha@example.com,Aisha Rahman,2021-04-08,Utilities,Electricity bill,1611.98
aisha@example.com,Aisha Rahman,2021-04-08,Transport,Fuel / commute,163.37
aisha@example.com,Aisha Rahman,2021-04-10,Utilities,Broadband internet,1293.39
aisha@example.com,Aisha Rahman,2021-04-10,Food & Groceries,Supermarket run,2703.96
aisha@example.com,Aisha Rahman,2021-04-11,Transport,Fuel / commute,152.79
aisha@example.com,Aisha Rahman,2021-04-12,Health,Doctor visit,819.21
aisha@example.com,Aisha Rahman,2021-04-15,Transport,Fuel / commute,134.22
aisha@example.com,Aisha Rahman,2021-04-16,Entertainment,Movies / dining out,380.53
aisha@example.com,Aisha Rahman,2021-04-17,Food & Groceries,Supermarket run,2424.16
aisha@example.com,Aisha Rahman,2021-04-18,Transport,Fuel / commute,156.57
aisha@example.com,Aisha Rahman,2021-04-20,Food & Groceries,Vegetables and fruit,615.29
aisha@example.com,Aisha Rahman,2021-04-22,Transport,Fuel / commute,170.94
aisha@example.com,Aisha Rahman,2021-04-24,Food & Groceries,Supermarket run,2331.61
aisha@example.com,Aisha Rahman,2021-04-25,Transport,Fuel / commute,160.29
aisha@example.com,Aisha Rahman,2021-04-27,Entertainment,Movies / dining out,637.67
aisha@example.com,Aisha Rahman,2021-04-29,Transport,Fuel / commute,155.47
aisha@example.com,Aisha Rahman,2021-05-01,Rent,Monthly rent,13608.13
aisha@example.com,Aisha Rahman,2021-05-02,Transport,Fuel / commute,173.63
aisha@example.com,Aisha Rahman,2021-05-03,Food & Groceries,Supermarket run,2531.96
aisha@example.com,Aisha Rahman,2021-05-04,Transport,Fuel / commute,153.47
aisha@example.com,Aisha Rahman,2021-05-06,Food & Groceries,Vegetables and fruit,682.31
aisha@example.com,Aisha Rahman,2021-05-07,Entertainment,Movies / dining out,577.29
aisha@example.com,Aisha Rahman,2021-05-08,Utilities,Electricity bill,1780.36
aisha@example.com,Aisha Rahman,2021-05-08,Transport,Fuel / commute,144.83
aisha@example.com,Aisha Rahman,2021-05-10,Utilities,Broadband internet,1282.25
aisha@example.com,Aisha Rahman,2021-05-10,Food & Groceries,Supermarket run,2810.15
aisha@example.com,Aisha Rahman,2021-05-11,Transport,Fuel / commute,173.6
aisha@example.com,Aisha Rahman,2021-05-12,Health,Doctor visit,903.73
aisha@example.com,Aisha Rahman,2021-05-15,Transport,Fuel / commute,134.72
aisha@example.com,Aisha Rahman,2021-05-16,Entertainment,Movies / dining out,509.45
aisha@example.com,Aisha Rahman,2021-05-17,Food & Groceries,Supermarket run,2622.19
aisha@example.com,Aisha Rahman,2021-05-18,Transport,Fuel / commute,160.15
aisha@example.com,Aisha Rahman,2021-05-20,Food & Groceries,Vegetables and fruit,804.18
aisha@example.com,Aisha Rahman,2021-05-22,Transport,Fuel / commute,194.66
aisha@example.com,Aisha Rahman,2021-05-24,Food & Groceries,Supermarket run,2401.46
aisha@example.com,Aisha Rahman,2021-05-25,Transport,Fuel / commute,156.72
aisha@example.com,Aisha Rahman,2021-05-27,Entertainment,Movies / dining out,663.27
aisha@example.com,Aisha Rahman,2021-05-29,Transport,Fuel / commute,138.71
aisha@example.com,Aisha Rahman,2021-06-01,Rent,Monthly rent,13833.7
aisha@example.com,Aisha Rahman,2021-06-02,Transport,Fuel / commute,177.08
aisha@example.com,Aisha Rahman,2021-06-03,Food & Groceries,Supermarket run,2688.05
aisha@example.com,Aisha Rahman,2021-06-04,Transport,Fuel / commute,174.82
aisha@example.com,Aisha Rahman,2021-06-06,Food & Groceries,Vegetables and fruit,697.83
aisha@example.com,Aisha Rahman,2021-06-07,Entertainment,Movies / dining out,759.43
aisha@example.com,Aisha Rahman,2021-06-08,Utilities,Electricity bill,2056.75
aisha@example.com,Aisha Rahman,2021-06-08,Transport,Fuel / commute,174.33
aisha@example.com,Aisha Rahman,2021-06-10,Utilities,Broadband internet,1310.47
aisha@example.com,Aisha Rahman,2021-06-10,Food & Groceries,Supermarket run,2663.31
aisha@example.com,Aisha Rahman,2021-06-11,Transport,Fuel / commute,146.81
aisha@example.com,Aisha Rahman,2021-06-15,Transport,Fuel / commute,152.55
aisha@example.com,Aisha Rahman,2021-06-16,Entertainment,Movies / dining out,680.04
aisha@example.com,Aisha Rahman,2021-06-17,Food & Groceries,Supermarket run,2455.55
aisha@example.com,Aisha Rahman,2021-06-18,Transport,Fuel / commute,152.38
aisha@example.com,Aisha Rahman,2021-06-20,Food & Groceries,Vegetables and fruit,689.4
aisha@example.com,Aisha Rahman,2021-06-22,Transport,Fuel / commute,167.9
aisha@example.com,Aisha Rahman,2021-06-24,Food & Groceries,Supermarket run,2836.95
aisha@example.com,Aisha Rahman,2021-06-25,Transport,Fuel / commute,182.1
aisha@example.com,Aisha Rahman,2021-06-27,Entertainment,Movies / dining out,596.64
aisha@example.com,Aisha Rahman,2021-06-29,Transport,Fuel / commute,160.26
aisha@example.com,Aisha Rahman,2021-07-01,Rent,Monthly rent,13708.21
aisha@example.com,Aisha Rahman,2021-07-02,Transport,Fuel / commute,156.26
aisha@example.com,Aisha Rahman,2021-07-03,Food & Groceries,Supermarket run,2976.12
aisha@example.com,Aisha Rahman,2021-07-04,Transport,Fuel / commute,182.23
aisha@example.com,Aisha Rahman,2021-07-05,Rent,Society maintenance,2899.0
aisha@example.com,Aisha Rahman,2021-07-06,Food & Groceries,Vegetables and fruit,682.98
aisha@example.com,Aisha Rahman,2021-07-07,Entertainment,Movies / dining out,512.42
aisha@example.com,Aisha Rahman,2021-07-08,Utilities,Electricity bill,2131.21
aisha@example.com,Aisha Rahman,2021-07-08,Transport,Fuel / commute,162.11
aisha@example.com,Aisha Rahman,2021-07-10,Utilities,Broadband internet,1284.16
aisha@example.com,Aisha Rahman,2021-07-10,Food & Groceries,Supermarket run,2705.22
aisha@example.com,Aisha Rahman,2021-07-11,Transport,Fuel / commute,157.28
aisha@example.com,Aisha Rahman,2021-07-12,Health,Doctor visit,835.48
aisha@example.com,Aisha Rahman,2021-07-15,Transport,Fuel / commute,150.32
aisha@example.com,Aisha Rahman,2021-07-16,Entertainment,Movies / dining out,560.6
aisha@example.com,Aisha Rahman,2021-07-17,Food & Groceries,Supermarket run,3027.08
aisha@example.com,Aisha Rahman,2021-07-18,Transport,Fuel / commute,153.08
aisha@example.com,Aisha Rahman,2021-07-20,Food & Groceries,Vegetables and fruit,724.6
aisha@example.com,Aisha Rahman,2021-07-21,Health,Pharmacy / lab tests,1771.17
aisha@example.com,Aisha Rahman,2021-07-22,Transport,Fuel / commute,178.13
aisha@example.com,Aisha Rahman,2021-07-24,Food & Groceries,Supermarket run,2915.24
aisha@example.com,Aisha Rahman,2021-07-25,Transport,Fuel / commute,154.09
aisha@example.com,Aisha Rahman,2021-07-27,Entertainment,Movies / dining out,726.85
aisha@example.com,Aisha Rahman,2021-07-29,Transport,Fuel / commute,146.72
aisha@example.com,Aisha Rahman,2021-08-01,Rent,Monthly rent,13791.81
aisha@example.com,Aisha Rahman,2021-08-02,Transport,Fuel / commute,174.98
aisha@example.com,Aisha Rahman,2021-08-03,Food & Groceries,Supermarket run,3018.41
aisha@example.com,Aisha Rahman,2021-08-04,Transport,Fuel / commute,144.9
aisha@example.com,Aisha Rahman,2021-08-06,Food & Groceries,Vegetables and fruit,670.48
aisha@example.com,Aisha Rahman,2021-08-07,Entertainment,Movies / dining out,546.75
aisha@example.com,Aisha Rahman,2021-08-08,Utilities,Electricity bill,2078.86
aisha@example.com,Aisha Rahman,2021-08-08,Transport,Fuel / commute,138.41
aisha@example.com,Aisha Rahman,2021-08-10,Utilities,Broadband internet,1290.3
aisha@example.com,Aisha Rahman,2021-08-10,Food & Groceries,Supermarket run,2680.95
aisha@example.com,Aisha Rahman,2021-08-11,Transport,Fuel / commute,157.44
aisha@example.com,Aisha Rahman,2021-08-12,Health,Doctor visit,794.29
aisha@example.com,Aisha Rahman,2021-08-15,Transport,Fuel / commute,163.81
aisha@example.com,Aisha Rahman,2021-08-16,Entertainment,Movies / dining out,537.8
aisha@example.com,Aisha Rahman,2021-08-17,Food & Groceries,Supermarket run,2800.82
aisha@example.com,Aisha Rahman,2021-08-18,Transport,Fuel / commute,185.02
aisha@example.com,Aisha Rahman,2021-08-20,Food & Groceries,Vegetables and fruit,718.4
aisha@example.com,Aisha Rahman,2021-08-22,Transport,Fuel / commute,161.11
aisha@example.com,Aisha Rahman,2021-08-24,Food & Groceries,Supermarket run,2609.68
aisha@example.com,Aisha Rahman,2021-08-25,Transport,Fuel / commute,166.5
aisha@example.com,Aisha Rahman,2021-08-27,Entertainment,Movies / dining out,519.39
aisha@example.com,Aisha Rahman,2021-08-29,Transport,Fuel / commute,167.89
aisha@example.com,Aisha Rahman,2021-09-01,Rent,Monthly rent,13959.98
aisha@example.com,Aisha Rahman,2021-09-02,Transport,Fuel / commute,179.04
aisha@example.com,Aisha Rahman,2021-09-03,Food & Groceries,Supermarket run,2601.08
aisha@example.com,Aisha Rahman,2021-09-04,Transport,Fuel / commute,143.15
aisha@example.com,Aisha Rahman,2021-09-06,Food & Groceries,Vegetables and fruit,694.81
aisha@example.com,Aisha Rahman,2021-09-07,Entertainment,Movies / dining out,693.92
aisha@example.com,Aisha Rahman,2021-09-08,Utilities,Electricity bill,1937.67
aisha@example.com,Aisha Rahman,2021-09-08,Transport,Fuel / commute,140.17
aisha@example.com,Aisha Rahman,2021-09-10,Utilities,Broadband internet,1320.06
aisha@example.com,Aisha Rahman,2021-09-10,Food & Groceries,Supermarket run,2756.96
aisha@example.com,Aisha Rahman,2021-09-11,Transport,Fuel / commute,133.13
aisha@example.com,Aisha Rahman,2021-09-12,Health,Doctor visit,802.59
aisha@example.com,Aisha Rahman,2021-09-15,Transport,Fuel / commute,151.28
aisha@example.com,Aisha Rahman,2021-09-16,Entertainment,Movies / dining out,641.68
aisha@example.com,Aisha Rahman,2021-09-17,Food & Groceries,Supermarket run,2537.2
aisha@example.com,Aisha Rahman,2021-09-18,Transport,Fuel / commute,187.91
aisha@example.com,Aisha Rahman,2021-09-20,Food & Groceries,Vegetables and fruit,613.53
aisha@example.com,Aisha Rahman,2021-09-22,Transport,Fuel / commute,194.05
aisha@example.com,Aisha Rahman,2021-09-24,Food & Groceries,Supermarket run,2527.28
aisha@example.com,Aisha Rahman,2021-09-25,Transport,Fuel / commute,124.18
aisha@example.com,Aisha Rahman,2021-09-27,Entertainment,Movies / dining out,572.96
aisha@example.com,Aisha Rahman,2021-09-29,Transport,Fuel / commute,148.49
aisha@example.com,Aisha Rahman,2021-10-01,Rent,Monthly rent,13967.29
aisha@example.com,Aisha Rahman,2021-10-02,Transport,Fuel / commute,155.0
aisha@example.com,Aisha Rahman,2021-10-03,Food & Groceries,Supermarket run,3294.42
aisha@example.com,Aisha Rahman,2021-10-04,Transport,Fuel / commute,146.57
aisha@example.com,Aisha Rahman,2021-10-05,Rent,Society maintenance,2738.02
aisha@example.com,Aisha Rahman,2021-10-06,Food & Groceries,Vegetables and fruit,705.86
aisha@example.com,Aisha Rahman,2021-10-07,Entertainment,Movies / dining out,912.8
aisha@example.com,Aisha Rahman,2021-10-08,Utilities,Electricity bill,1797.27
aisha@example.com,Aisha Rahman,2021-10-08,Transport,Fuel / commute,178.53
aisha@example.com,Aisha Rahman,2021-10-10,Utilities,Broadband internet,1307.61
aisha@example.com,Aisha Rahman,2021-10-10,Food & Groceries,Supermarket run,3307.79
aisha@example.com,Aisha Rahman,2021-10-11,Transport,Fuel / commute,184.59
aisha@example.com,Aisha Rahman,2021-10-12,Health,Doctor visit,856.27
aisha@example.com,Aisha Rahman,2021-10-15,Transport,Fuel / commute,179.07
aisha@example.com,Aisha Rahman,2021-10-16,Entertainment,Movies / dining out,941.94
aisha@example.com,Aisha Rahman,2021-10-17,Food & Groceries,Supermarket run,3078.06
aisha@example.com,Aisha Rahman,2021-10-18,Transport,Fuel / commute,139.69
aisha@example.com,Aisha Rahman,2021-10-20,Food & Groceries,Vegetables and fruit,804.14
aisha@example.com,Aisha Rahman,2021-10-22,Transport,Fuel / commute,146.37
aisha@example.com,Aisha Rahman,2021-10-24,Food & Groceries,Supermarket run,3134.19
aisha@example.com,Aisha Rahman,2021-10-25,Transport,Fuel / commute,189.49
aisha@example.com,Aisha Rahman,2021-10-27,Entertainment,Movies / dining out,782.73
aisha@example.com,Aisha Rahman,2021-10-29,Transport,Fuel / commute,160.13
aisha@example.com,Aisha Rahman,2021-11-01,Rent,Monthly rent,13959.25
aisha@example.com,Aisha Rahman,2021-11-02,Transport,Fuel / commute,183.13
aisha@example.com,Aisha Rahman,2021-11-03,Food & Groceries,Supermarket run,3208.62
aisha@example.com,Aisha Rahman,2021-11-04,Transport,Fuel / commute,159.24
aisha@example.com,Aisha Rahman,2021-11-06,Food & Groceries,Vegetables and fruit,799.77
aisha@example.com,Aisha Rahman,2021-11-07,Entertainment,Movies / dining out,818.53
aisha@example.com,Aisha Rahman,2021-11-08,Utilities,Electricity bill,1557.43
aisha@example.com,Aisha Rahman,2021-11-08,Transport,Fuel / commute,151.5
aisha@example.com,Aisha Rahman,2021-11-10,Utilities,Broadband internet,1309.33
aisha@example.com,Aisha Rahman,2021-11-10,Food & Groceries,Supermarket run,3641.2
aisha@example.com,Aisha Rahman,2021-11-11,Transport,Fuel / commute,122.73
aisha@example.com,Aisha Rahman,2021-11-12,Health,Doctor visit,877.12
aisha@example.com,Aisha Rahman,2021-11-15,Transport,Fuel / commute,125.8
aisha@example.com,Aisha Rahman,2021-11-16,Entertainment,Movies / dining out,757.85
aisha@example.com,Aisha Rahman,2021-11-17,Food & Groceries,Supermarket run,3132.61
aisha@example.com,Aisha Rahman,2021-11-18,Transport,Fuel / commute,121.76
aisha@example.com,Aisha Rahman,2021-11-20,Food & Groceries,Vegetables and fruit,753.86
aisha@example.com,Aisha Rahman,2021-11-22,Transport,Fuel / commute,163.26
aisha@example.com,Aisha Rahman,2021-11-24,Food & Groceries,Supermarket run,3073.2
aisha@example.com,Aisha Rahman,2021-11-25,Transport,Fuel / commute,130.63
aisha@example.com,Aisha Rahman,2021-11-27,Entertainment,Movies / dining out,906.21
aisha@example.com,Aisha Rahman,2021-11-29,Transport,Fuel / commute,179.68
aisha@example.com,Aisha Rahman,2021-12-01,Rent,Monthly rent,13987.27
aisha@example.com,Aisha Rahman,2021-12-02,Transport,Fuel / commute,192.24
aisha@example.com,Aisha Rahman,2021-12-03,Food & Groceries,Supermarket run,2098.56
aisha@example.com,Aisha Rahman,2021-12-04,Transport,Fuel / commute,154.9
aisha@example.com,Aisha Rahman,2021-12-06,Food & Groceries,Vegetables and fruit,822.99
aisha@example.com,Aisha Rahman,2021-12-07,Entertainment,Movies / dining out,720.19
aisha@example.com,Aisha Rahman,2021-12-08,Utilities,Electricity bill,1579.17
aisha@example.com,Aisha Rahman,2021-12-08,Transport,Fuel / commute,156.01
aisha@example.com,Aisha Rahman,2021-12-10,Utilities,Broadband internet,1318.43
aisha@example.com,Aisha Rahman,2021-12-10,Food & Groceries,Supermarket run,2190.67
aisha@example.com,Aisha Rahman,2021-12-11,Transport,Fuel / commute,168.74
aisha@example.com,Aisha Rahman,2021-12-12,Health,Doctor visit,795.64
aisha@example.com,Aisha Rahman,2021-12-15,Transport,Fuel / commute,106.44
aisha@example.com,Aisha Rahman,2021-12-16,Entertainment,Movies / dining out,607.03
aisha@example.com,Aisha Rahman,2021-12-17,Food & Groceries,Supermarket run,2018.83
aisha@example.com,Aisha Rahman,2021-12-18,Transport,Fuel / commute,160.54
aisha@example.com,Aisha Rahman,2021-12-20,Food & Groceries,Vegetables and fruit,733.76
aisha@example.com,Aisha Rahman,2021-12-22,Transport,Fuel / commute,155.77
aisha@example.com,Aisha Rahman,2021-12-24,Food & Groceries,Supermarket run,2096.97
aisha@example.com,Aisha Rahman,2021-12-25,Transport,Fuel / commute,184.63
aisha@example.com,Aisha Rahman,2021-12-27,Entertainment,Movies / dining out,558.74
aisha@example.com,Aisha Rahman,2021-12-29,Transport,Fuel / commute,174.83
aisha@example.com,Aisha Rahman,2022-01-01,Rent,Monthly rent,14178.99
aisha@example.com,Aisha Rahman,2022-01-02,Transport,Fuel / commute,164.73
aisha@example.com,Aisha Rahman,2022-01-03,Food & Groceries,Supermarket run,2291.99
aisha@example.com,Aisha Rahman,2022-01-04,Transport,Fuel / commute,144.93
aisha@example.com,Aisha Rahman,2022-01-05,Rent,Society maintenance,2900.13
aisha@example.com,Aisha Rahman,2022-01-06,Food & Groceries,Vegetables and fruit,751.17
aisha@example.com,Aisha Rahman,2022-01-07,Entertainment,Movies / dining out,645.42
aisha@example.com,Aisha Rahman,2022-01-08,Utilities,Electricity bill,1561.95
aisha@example.com,Aisha Rahman,2022-01-08,Transport,Fuel / commute,144.26
aisha@example.com,Aisha Rahman,2022-01-10,Utilities,Broadband internet,1344.75
aisha@example.com,Aisha Rahman,2022-01-10,Food & Groceries,Supermarket run,2213.71
aisha@example.com,Aisha Rahman,2022-01-11,Transport,Fuel / commute,165.03
aisha@example.com,Aisha Rahman,2022-01-12,Health,Doctor visit,904.01
aisha@example.com,Aisha Rahman,2022-01-15,Transport,Fuel / commute,154.63
aisha@example.com,Aisha Rahman,2022-01-16,Entertainment,Movies / dining out,709.29
aisha@example.com,Aisha Rahman,2022-01-17,Food & Groceries,Supermarket run,2320.34
aisha@example.com,Aisha Rahman,2022-01-18,Transport,Fuel / commute,120.86
aisha@example.com,Aisha Rahman,2022-01-20,Food & Groceries,Vegetables and fruit,706.16
aisha@example.com,Aisha Rahman,2022-01-22,Transport,Fuel / commute,129.76
aisha@example.com,Aisha Rahman,2022-01-24,Food & Groceries,Supermarket run,2118.7
aisha@example.com,Aisha Rahman,2022-01-25,Transport,Fuel / commute,135.58
aisha@example.com,Aisha Rahman,2022-01-27,Entertainment,Movies / dining out,685.71
aisha@example.com,Aisha Rahman,2022-01-29,Transport,Fuel / commute,140.57
aisha@example.com,Aisha Rahman,2022-02-01,Rent,Monthly rent,14134.47
aisha@example.com,Aisha Rahman,2022-02-02,Transport,Fuel / commute,181.72
aisha@example.com,Aisha Rahman,2022-02-03,Food & Groceries,Supermarket run,2391.85
aisha@example.com,Aisha Rahman,2022-02-04,Transport,Fuel / commute,174.48
aisha@example.com,Aisha Rahman,2022-02-06,Food & Groceries,Vegetables and fruit,738.7
aisha@example.com,Aisha Rahman,2022-02-07,Entertainment,Movies / dining out,441.73
aisha@example.com,Aisha Rahman,2022-02-08,Utilities,Electricity bill,1582.59
aisha@example.com,Aisha Rahman,2022-02-08,Transport,Fuel / commute,151.97
aisha@example.com,Aisha Rahman,2022-02-10,Utilities,Broadband internet,1333.13
aisha@example.com,Aisha Rahman,2022-02-10,Food & Groceries,Supermarket run,2147.71
aisha@example.com,Aisha Rahman,2022-02-11,Transport,Fuel / commute,169.91
aisha@example.com,Aisha Rahman,2022-02-12,Health,Doctor visit,918.65
aisha@example.com,Aisha Rahman,2022-02-15,Transport,Fuel / commute,161.98
aisha@example.com,Aisha Rahman,2022-02-16,Entertainment,Movies / dining out,549.13
aisha@example.com,Aisha Rahman,2022-02-17,Food & Groceries,Supermarket run,2159.27
aisha@example.com,Aisha Rahman,2022-02-18,Transport,Fuel / commute,171.39
aisha@example.com,Aisha Rahman,2022-02-20,Food & Groceries,Vegetables and fruit,687.02
aisha@example.com,Aisha Rahman,2022-02-21,Health,Pharmacy / lab tests,1757.17
aisha@example.com,Aisha Rahman,2022-02-22,Transport,Fuel / commute,132.31
aisha@example.com,Aisha Rahman,2022-02-24,Food & Groceries,Supermarket run,2197.9
aisha@example.com,Aisha Rahman,2022-02-25,Transport,Fuel / commute,155.0
aisha@example.com,Aisha Rahman,2022-02-27,Entertainment,Movies / dining out,626.41
aisha@example.com,Aisha Rahman,2022-03-01,Rent,Monthly rent,14192.12
aisha@example.com,Aisha Rahman,2022-03-02,Transport,Fuel / commute,192.88
aisha@example.com,Aisha Rahman,2022-03-03,Food & Groceries,Supermarket run,2281.09
aisha@example.com,Aisha Rahman,2022-03-04,Transport,Fuel / commute,153.58
aisha@example.com,Aisha Rahman,2022-03-06,Food & Groceries,Vegetables and fruit,684.65
aisha@example.com,Aisha Rahman,2022-03-07,Entertainment,Movies / dining out,705.33
aisha@example.com,Aisha Rahman,2022-03-08,Utilities,Electricity bill,1472.73
aisha@example.com,Aisha Rahman,2022-03-08,Transport,Fuel / commute,166.63
aisha@example.com,Aisha Rahman,2022-03-10,Utilities,Broadband internet,1320.26
aisha@example.com,Aisha Rahman,2022-03-10,Food & Groceries,Supermarket run,2299.42
aisha@example.com,Aisha Rahman,2022-03-11,Transport,Fuel / commute,134.89
aisha@example.com,Aisha Rahman,2022-03-12,Health,Doctor visit,852.24
aisha@example.com,Aisha Rahman,2022-03-15,Transport,Fuel / commute,170.14
aisha@example.com,Aisha Rahman,2022-03-16,Entertainment,Movies / dining out,573.51
aisha@example.com,Aisha Rahman,2022-03-17,Food & Groceries,Supermarket run,2095.58
aisha@example.com,Aisha Rahman,2022-03-18,Transport,Fuel / commute,148.83
aisha@example.com,Aisha Rahman,2022-03-20,Food & Groceries,Vegetables and fruit,839.39
aisha@example.com,Aisha Rahman,2022-03-22,Transport,Fuel / commute,137.64
aisha@example.com,Aisha Rahman,2022-03-24,Food & Groceries,Supermarket run,2451.93
aisha@example.com,Aisha Rahman,2022-03-25,Transport,Fuel / commute,152.8
aisha@example.com,Aisha Rahman,2022-03-27,Entertainment,Movies / dining out,765.0
aisha@example.com,Aisha Rahman,2022-03-29,Transport,Fuel / commute,149.45
aisha@example.com,Aisha Rahman,2022-04-01,Rent,Monthly rent,14299.36
aisha@example.com,Aisha Rahman,2022-04-02,Transport,Fuel / commute,135.3
aisha@example.com,Aisha Rahman,2022-04-03,Food & Groceries,Supermarket run,2493.45
aisha@example.com,Aisha Rahman,2022-04-04,Transport,Fuel / commute,188.5
aisha@example.com,Aisha Rahman,2022-04-05,Rent,Society maintenance,2582.19
aisha@example.com,Aisha Rahman,2022-04-06,Food & Groceries,Vegetables and fruit,705.99
aisha@example.com,Aisha Rahman,2022-04-07,Entertainment,Movies / dining out,587.83
aisha@example.com,Aisha Rahman,2022-04-08,Utilities,Electricity bill,1719.73
aisha@example.com,Aisha Rahman,2022-04-08,Transport,Fuel / commute,180.84
aisha@example.com,Aisha Rahman,2022-04-10,Utilities,Broadband internet,1352.4
aisha@example.com,Aisha Rahman,2022-04-10,Food & Groceries,Supermarket run,2449.58
aisha@example.com,Aisha Rahman,2022-04-11,Transport,Fuel / commute,158.23
aisha@example.com,Aisha Rahman,2022-04-12,Health,Doctor visit,829.78
aisha@example.com,Aisha Rahman,2022-04-15,Transport,Fuel / commute,136.83
aisha@example.com,Aisha Rahman,2022-04-16,Entertainment,Movies / dining out,692.06
aisha@example.com,Aisha Rahman,2022-04-17,Food & Groceries,Supermarket run,2314.61
aisha@example.com,Aisha Rahman,2022-04-18,Transport,Fuel / commute,188.1
aisha@example.com,Aisha Rahman,2022-04-20,Food & Groceries,Vegetables and fruit,746.64
aisha@example.com,Aisha Rahman,2022-04-21,Health,Pharmacy / lab tests,1602.26
aisha@example.com,Aisha Rahman,2022-04-22,Transport,Fuel / commute,151.85
aisha@example.com,Aisha Rahman,2022-04-24,Food & Groceries,Supermarket run,2650.64
aisha@example.com,Aisha Rahman,2022-04-25,Transport,Fuel / commute,137.76
aisha@example.com,Aisha Rahman,2022-04-27,Entertainment,Movies / dining out,606.69
aisha@example.com,Aisha Rahman,2022-04-29,Transport,Fuel / commute,125.24
aisha@example.com,Aisha Rahman,2022-05-01,Rent,Monthly rent,14258.21
aisha@example.com,Aisha Rahman,2022-05-02,Transport,Fuel / commute,157.37
aisha@example.com,Aisha Rahman,2022-05-03,Food & Groceries,Supermarket run,2659.12
aisha@example.com,Aisha Rahman,2022-05-04,Transport,Fuel / commute,181.52
aisha@example.com,Aisha Rahman,2022-05-06,Food & Groceries,Vegetables and fruit,763.74
aisha@example.com,Aisha Rahman,2022-05-07,Entertainment,Movies / dining out,646.72
aisha@example.com,Aisha Rahman,2022-05-08,Utilities,Electricity bill,1851.93
aisha@example.com,Aisha Rahman,2022-05-08,Transport,Fuel / commute,155.52
aisha@example.com,Aisha Rahman,2022-05-10,Utilities,Broadband internet,1352.69
aisha@example.com,Aisha Rahman,2022-05-10,Food & Groceries,Supermarket run,2601.07
aisha@example.com,Aisha Rahman,2022-05-11,Transport,Fuel / commute,156.76
aisha@example.com,Aisha Rahman,2022-05-15,Transport,Fuel / commute,136.18
aisha@example.com,Aisha Rahman,2022-05-16,Entertainment,Movies / dining out,506.94
aisha@example.com,Aisha Rahman,2022-05-17,Food & Groceries,Supermarket run,2723.42
aisha@example.com,Aisha Rahman,2022-05-18,Transport,Fuel / commute,173.89
aisha@example.com,Aisha Rahman,2022-05-20,Food & Groceries,Vegetables and fruit,667.76
aisha@example.com,Aisha Rahman,2022-05-21,Food & Groceries,Kirana store top-up,1487.89
aisha@example.com,Aisha Rahman,2022-05-22,Transport,Fuel / commute,142.61
aisha@example.com,Aisha Rahman,2022-05-24,Food & Groceries,Supermarket run,2553.98
aisha@example.com,Aisha Rahman,2022-05-25,Transport,Fuel / commute,150.06
aisha@example.com,Aisha Rahman,2022-05-27,Entertainment,Movies / dining out,619.79
aisha@example.com,Aisha Rahman,2022-05-29,Transport,Fuel / commute,159.38
aisha@example.com,Aisha Rahman,2022-06-01,Rent,Monthly rent,14344.9
aisha@example.com,Aisha Rahman,2022-06-02,Transport,Fuel / commute,146.08
aisha@example.com,Aisha Rahman,2022-06-03,Food & Groceries,Supermarket run,2928.98
aisha@example.com,Aisha Rahman,2022-06-04,Transport,Fuel / commute,156.23
aisha@example.com,Aisha Rahman,2022-06-06,Food & Groceries,Vegetables and fruit,736.94
aisha@example.com,Aisha Rahman,2022-06-07,Entertainment,Movies / dining out,823.59
aisha@example.com,Aisha Rahman,2022-06-08,Utilities,Electricity bill,2218.94
aisha@example.com,Aisha Rahman,2022-06-08,Transport,Fuel / commute,114.71
aisha@example.com,Aisha Rahman,2022-06-10,Utilities,Broadband internet,1359.62
aisha@example.com,Aisha Rahman,2022-06-10,Food & Groceries,Supermarket run,2888.28
aisha@example.com,Aisha Rahman,2022-06-11,Transport,Fuel / commute,192.96
aisha@example.com,Aisha Rahman,2022-06-12,Health,Doctor visit,788.08
aisha@example.com,Aisha Rahman,2022-06-15,Transport,Fuel / commute,155.67
aisha@example.com,Aisha Rahman,2022-06-16,Entertainment,Movies / dining out,723.02
aisha@example.com,Aisha Rahman,2022-06-17,Food & Groceries,Supermarket run,2736.72
aisha@example.com,Aisha Rahman,2022-06-18,Transport,Fuel / commute,168.64
aisha@example.com,Aisha Rahman,2022-06-20,Food & Groceries,Vegetables and fruit,795.05
aisha@example.com,Aisha Rahman,2022-06-22,Transport,Fuel / commute,187.87
aisha@example.com,Aisha Rahman,2022-06-24,Food & Groceries,Supermarket run,2763.97
aisha@example.com,Aisha Rahman,2022-06-25,Transport,Fuel / commute,165.66
aisha@example.com,Aisha Rahman,2022-06-27,Entertainment,Movies / dining out,655.64
aisha@example.com,Aisha Rahman,2022-06-29,Transport,Fuel / commute,187.61
aisha@example.com,Aisha Rahman,2022-07-01,Rent,Monthly rent,14409.28
aisha@example.com,Aisha Rahman,2022-07-02,Transport,Fuel / commute,165.7
aisha@example.com,Aisha Rahman,2022-07-03,Food & Groceries,Supermarket run,2463.92
aisha@example.com,Aisha Rahman,2022-07-04,Transport,Fuel / commute,179.63
aisha@example.com,Aisha Rahman,2022-07-05,Rent,Society maintenance,2594.85
aisha@example.com,Aisha Rahman,2022-07-06,Food & Groceries,Vegetables and fruit,794.68
aisha@example.com,Aisha Rahman,2022-07-07,Entertainment,Movies / dining out,756.89
aisha@example.com,Aisha Rahman,2022-07-08,Utilities,Electricity bill,2247.62
aisha@example.com,Aisha Rahman,2022-07-08,Transport,Fuel / commute,170.42
aisha@example.com,Aisha Rahman,2022-07-10,Utilities,Broadband internet,1358.51
aisha@example.com,Aisha Rahman,2022-07-10,Food & Groceries,Supermarket run,3171.9
aisha@example.com,Aisha Rahman,2022-07-11,Transport,Fuel / commute,194.33
aisha@example.com,Aisha Rahman,2022-07-15,Transport,Fuel / commute,170.49
aisha@example.com,Aisha Rahman,2022-07-16,Entertainment,Movies / dining out,643.79
aisha@example.com,Aisha Rahman,2022-07-17,Food & Groceries,Supermarket run,2757.09
aisha@example.com,Aisha Rahman,2022-07-18,Transport,Fuel / commute,198.25
aisha@example.com,Aisha Rahman,2022-07-20,Food & Groceries,Vegetables and fruit,804.08
aisha@example.com,Aisha Rahman,2022-07-21,Health,Pharmacy / lab tests,1767.31
aisha@example.com,Aisha Rahman,2022-07-22,Transport,Fuel / commute,177.78
aisha@example.com,Aisha Rahman,2022-07-24,Food & Groceries,Supermarket run,2853.23
aisha@example.com,Aisha Rahman,2022-07-25,Transport,Fuel / commute,125.67
aisha@example.com,Aisha Rahman,2022-07-27,Entertainment,Movies / dining out,723.44
aisha@example.com,Aisha Rahman,2022-07-29,Transport,Fuel / commute,210.7
aisha@example.com,Aisha Rahman,2022-08-01,Rent,Monthly rent,14363.65
aisha@example.com,Aisha Rahman,2022-08-02,Transport,Fuel / commute,150.19
aisha@example.com,Aisha Rahman,2022-08-03,Food & Groceries,Supermarket run,2833.36
aisha@example.com,Aisha Rahman,2022-08-04,Transport,Fuel / commute,224.59
aisha@example.com,Aisha Rahman,2022-08-06,Food & Groceries,Vegetables and fruit,915.43
aisha@example.com,Aisha Rahman,2022-08-07,Entertainment,Movies / dining out,719.04
aisha@example.com,Aisha Rahman,2022-08-08,Utilities,Electricity bill,2159.08
aisha@example.com,Aisha Rahman,2022-08-08,Transport,Fuel / commute,169.1
aisha@example.com,Aisha Rahman,2022-08-10,Utilities,Broadband internet,1353.96
aisha@example.com,Aisha Rahman,2022-08-10,Food & Groceries,Supermarket run,2776.29
aisha@example.com,Aisha Rahman,2022-08-11,Transport,Fuel / commute,134.31
aisha@example.com,Aisha Rahman,2022-08-12,Health,Doctor visit,987.64
aisha@example.com,Aisha Rahman,2022-08-15,Transport,Fuel / commute,177.24
aisha@example.com,Aisha Rahman,2022-08-16,Entertainment,Movies / dining out,677.47
aisha@example.com,Aisha Rahman,2022-08-17,Food & Groceries,Supermarket run,2737.09
aisha@example.com,Aisha Rahman,2022-08-18,Transport,Fuel / commute,143.39
aisha@example.com,Aisha Rahman,2022-08-20,Food & Groceries,Vegetables and fruit,715.46
aisha@example.com,Aisha Rahman,2022-08-21,Health,Pharmacy / lab tests,1981.2
aisha@example.com,Aisha Rahman,2022-08-22,Transport,Fuel / commute,178.52
aisha@example.com,Aisha Rahman,2022-08-24,Food & Groceries,Supermarket run,2749.21
aisha@example.com,Aisha Rahman,2022-08-25,Transport,Fuel / commute,156.89
aisha@example.com,Aisha Rahman,2022-08-27,Entertainment,Movies / dining out,609.52
aisha@example.com,Aisha Rahman,2022-08-29,Transport,Fuel / commute,152.47
aisha@example.com,Aisha Rahman,2022-09-01,Rent,Monthly rent,14406.23
aisha@example.com,Aisha Rahman,2022-09-02,Transport,Fuel / commute,143.34
aisha@example.com,Aisha Rahman,2022-09-03,Food & Groceries,Supermarket run,2809.62
aisha@example.com,Aisha Rahman,2022-09-04,Transport,Fuel / commute,179.3
aisha@example.com,Aisha Rahman,2022-09-06,Food & Groceries,Vegetables and fruit,687.72
aisha@example.com,Aisha Rahman,2022-09-07,Entertainment,Movies / dining out,788.46
aisha@example.com,Aisha Rahman,2022-09-08,Utilities,Electricity bill,2031.82
aisha@example.com,Aisha Rahman,2022-09-08,Transport,Fuel / commute,154.94
aisha@example.com,Aisha Rahman,2022-09-10,Utilities,Broadband internet,1357.78
aisha@example.com,Aisha Rahman,2022-09-10,Food & Groceries,Supermarket run,2685.82
aisha@example.com,Aisha Rahman,2022-09-11,Transport,Fuel / commute,182.09
aisha@example.com,Aisha Rahman,2022-09-12,Health,Doctor visit,877.9
aisha@example.com,Aisha Rahman,2022-09-15,Transport,Fuel / commute,139.74
aisha@example.com,Aisha Rahman,2022-09-16,Entertainment,Movies / dining out,623.55
aisha@example.com,Aisha Rahman,2022-09-17,Food & Groceries,Supermarket run,2587.38
aisha@example.com,Aisha Rahman,2022-09-18,Transport,Fuel / commute,148.36
aisha@example.com,Aisha Rahman,2022-09-20,Food & Groceries,Vegetables and fruit,798.01
aisha@example.com,Aisha Rahman,2022-09-22,Transport,Fuel / commute,168.88
aisha@example.com,Aisha Rahman,2022-09-24,Food & Groceries,Supermarket run,2734.22
aisha@example.com,Aisha Rahman,2022-09-25,Transport,Fuel / commute,184.18
aisha@example.com,Aisha Rahman,2022-09-27,Entertainment,Movies / dining out,731.18
aisha@example.com,Aisha Rahman,2022-09-29,Transport,Fuel / commute,193.8
aisha@example.com,Aisha Rahman,2022-10-01,Rent,Monthly rent,14461.29
aisha@example.com,Aisha Rahman,2022-10-02,Transport,Fuel / commute,143.82
aisha@example.com,Aisha Rahman,2022-10-03,Food & Groceries,Supermarket run,3483.73
aisha@example.com,Aisha Rahman,2022-10-04,Transport,Fuel / commute,156.64
aisha@example.com,Aisha Rahman,2022-10-05,Rent,Society maintenance,2716.41
aisha@example.com,Aisha Rahman,2022-10-06,Food & Groceries,Vegetables and fruit,692.91
aisha@example.com,Aisha Rahman,2022-10-07,Entertainment,Movies / dining out,766.08
aisha@example.com,Aisha Rahman,2022-10-08,Utilities,Electricity bill,1734.38
aisha@example.com,Aisha Rahman,2022-10-08,Transport,Fuel / commute,112.26
aisha@example.com,Aisha Rahman,2022-10-10,Utilities,Broadband internet,1375.83
aisha@example.com,Aisha Rahman,2022-10-10,Food & Groceries,Supermarket run,3516.7
aisha@example.com,Aisha Rahman,2022-10-11,Transport,Fuel / commute,140.1
aisha@example.com,Aisha Rahman,2022-10-12,Health,Doctor visit,843.3
aisha@example.com,Aisha Rahman,2022-10-15,Transport,Fuel / commute,190.5
aisha@example.com,Aisha Rahman,2022-10-16,Entertainment,Movies / dining out,995.39
aisha@example.com,Aisha Rahman,2022-10-17,Food & Groceries,Supermarket run,3378.9
aisha@example.com,Aisha Rahman,2022-10-18,Transport,Fuel / commute,178.18
aisha@example.com,Aisha Rahman,2022-10-20,Food & Groceries,Vegetables and fruit,757.1
aisha@example.com,Aisha Rahman,2022-10-22,Transport,Fuel / commute,187.68
aisha@example.com,Aisha Rahman,2022-10-24,Food & Groceries,Supermarket run,3476.5
aisha@example.com,Aisha Rahman,2022-10-25,Transport,Fuel / commute,189.02
aisha@example.com,Aisha Rahman,2022-10-27,Entertainment,Movies / dining out,881.77
aisha@example.com,Aisha Rahman,2022-10-29,Transport,Fuel / commute,175.12
aisha@example.com,Aisha Rahman,2022-11-01,Rent,Monthly rent,14622.98
aisha@example.com,Aisha Rahman,2022-11-02,Transport,Fuel / commute,178.37
aisha@example.com,Aisha Rahman,2022-11-03,Food & Groceries,Supermarket run,3838.02
aisha@example.com,Aisha Rahman,2022-11-04,Transport,Fuel / commute,144.78
aisha@example.com,Aisha Rahman,2022-11-06,Food & Groceries,Vegetables and fruit,599.49
aisha@example.com,Aisha Rahman,2022-11-07,Entertainment,Movies / dining out,900.45
aisha@example.com,Aisha Rahman,2022-11-08,Utilities,Electricity bill,1541.97
aisha@example.com,Aisha Rahman,2022-11-08,Transport,Fuel / commute,153.39
aisha@example.com,Aisha Rahman,2022-11-10,Utilities,Broadband internet,1360.0
aisha@example.com,Aisha Rahman,2022-11-10,Food & Groceries,Supermarket run,3231.39
aisha@example.com,Aisha Rahman,2022-11-11,Transport,Fuel / commute,180.59
aisha@example.com,Aisha Rahman,2022-11-12,Health,Doctor visit,786.54
aisha@example.com,Aisha Rahman,2022-11-15,Transport,Fuel / commute,128.43
aisha@example.com,Aisha Rahman,2022-11-16,Entertainment,Movies / dining out,862.15
aisha@example.com,Aisha Rahman,2022-11-17,Food & Groceries,Supermarket run,2912.48
aisha@example.com,Aisha Rahman,2022-11-18,Transport,Fuel / commute,136.79
aisha@example.com,Aisha Rahman,2022-11-20,Food & Groceries,Vegetables and fruit,784.9
aisha@example.com,Aisha Rahman,2022-11-22,Transport,Fuel / commute,158.12
aisha@example.com,Aisha Rahman,2022-11-24,Food & Groceries,Supermarket run,3170.39
aisha@example.com,Aisha Rahman,2022-11-25,Transport,Fuel / commute,147.89
aisha@example.com,Aisha Rahman,2022-11-27,Entertainment,Movies / dining out,935.73
aisha@example.com,Aisha Rahman,2022-11-29,Transport,Fuel / commute,156.84
aisha@example.com,Aisha Rahman,2022-12-01,Rent,Monthly rent,14585.15
aisha@example.com,Aisha Rahman,2022-12-02,Transport,Fuel / commute,153.05
aisha@example.com,Aisha Rahman,2022-12-03,Food & Groceries,Supermarket run,2148.29
aisha@example.com,Aisha Rahman,2022-12-04,Transport,Fuel / commute,128.06
aisha@example.com,Aisha Rahman,2022-12-06,Food & Groceries,Vegetables and fruit,755.87
aisha@example.com,Aisha Rahman,2022-12-07,Entertainment,Movies / dining out,593.79
aisha@example.com,Aisha Rahman,2022-12-08,Utilities,Electricity bill,1485.69
aisha@example.com,Aisha Rahman,2022-12-08,Transport,Fuel / commute,181.43
aisha@example.com,Aisha Rahman,2022-12-10,Utilities,Broadband internet,1370.15
aisha@example.com,Aisha Rahman,2022-12-10,Food & Groceries,Supermarket run,2066.53
aisha@example.com,Aisha Rahman,2022-12-11,Transport,Fuel / commute,120.59
aisha@example.com,Aisha Rahman,2022-12-12,Health,Doctor visit,818.92
aisha@example.com,Aisha Rahman,2022-12-15,Transport,Fuel / commute,152.24
aisha@example.com,Aisha Rahman,2022-12-16,Entertainment,Movies / dining out,591.89
aisha@example.com,Aisha Rahman,2022-12-17,Food & Groceries,Supermarket run,2172.89
aisha@example.com,Aisha Rahman,2022-12-18,Transport,Fuel / commute,162.03
aisha@example.com,Aisha Rahman,2022-12-20,Food & Groceries,Vegetables and fruit,786.18
aisha@example.com,Aisha Rahman,2022-12-22,Transport,Fuel / commute,167.61
aisha@example.com,Aisha Rahman,2022-12-24,Food & Groceries,Supermarket run,2534.61
aisha@example.com,Aisha Rahman,2022-12-25,Transport,Fuel / commute,148.88
aisha@example.com,Aisha Rahman,2022-12-27,Entertainment,Movies / dining out,728.36
aisha@example.com,Aisha Rahman,2022-12-29,Transport,Fuel / commute,127.13
aisha@example.com,Aisha Rahman,2023-01-01,Rent,Monthly rent,14640.27
aisha@example.com,Aisha Rahman,2023-01-02,Transport,Fuel / commute,351.62
aisha@example.com,Aisha Rahman,2023-01-03,Food & Groceries,Supermarket run,2037.09
aisha@example.com,Aisha Rahman,2023-01-04,Transport,Fuel / commute,251.57
aisha@example.com,Aisha Rahman,2023-01-05,Rent,Society maintenance,2880.26
aisha@example.com,Aisha Rahman,2023-01-06,Food & Groceries,Vegetables and fruit,714.82
aisha@example.com,Aisha Rahman,2023-01-07,Entertainment,Movies / dining out,727.23
aisha@example.com,Aisha Rahman,2023-01-08,Utilities,Electricity bill,1597.25
aisha@example.com,Aisha Rahman,2023-01-08,Transport,Fuel / commute,323.3
aisha@example.com,Aisha Rahman,2023-01-10,Utilities,Broadband internet,1381.61
aisha@example.com,Aisha Rahman,2023-01-10,Food & Groceries,Supermarket run,2434.54
aisha@example.com,Aisha Rahman,2023-01-11,Transport,Fuel / commute,288.25
aisha@example.com,Aisha Rahman,2023-01-12,Health,Doctor visit,847.32
aisha@example.com,Aisha Rahman,2023-01-15,Transport,Fuel / commute,269.88
aisha@example.com,Aisha Rahman,2023-01-16,Entertainment,Movies / dining out,674.52
aisha@example.com,Aisha Rahman,2023-01-17,Food & Groceries,Supermarket run,2218.99
aisha@example.com,Aisha Rahman,2023-01-18,Transport,Fuel / commute,282.68
aisha@example.com,Aisha Rahman,2023-01-20,Food & Groceries,Vegetables and fruit,701.64
aisha@example.com,Aisha Rahman,2023-01-22,Transport,Fuel / commute,239.84
aisha@example.com,Aisha Rahman,2023-01-24,Food & Groceries,Supermarket run,2379.66
aisha@example.com,Aisha Rahman,2023-01-25,Transport,Fuel / commute,283.74
aisha@example.com,Aisha Rahman,2023-01-27,Entertainment,Movies / dining out,538.13
aisha@example.com,Aisha Rahman,2023-01-29,Transport,Fuel / commute,247.29
aisha@example.com,Aisha Rahman,2023-02-01,Rent,Monthly rent,14699.55
aisha@example.com,Aisha Rahman,2023-02-02,Transport,Fuel / commute,259.48
aisha@example.com,Aisha Rahman,2023-02-03,Food & Groceries,Supermarket run,2235.7
aisha@example.com,Aisha Rahman,2023-02-04,Transport,Fuel / commute,275.32
aisha@example.com,Aisha Rahman,2023-02-06,Food & Groceries,Vegetables and fruit,738.7
aisha@example.com,Aisha Rahman,2023-02-07,Entertainment,Movies / dining out,594.64
aisha@example.com,Aisha Rahman,2023-02-08,Utilities,Electricity bill,1619.21
aisha@example.com,Aisha Rahman,2023-02-08,Transport,Fuel / commute,303.35
aisha@example.com,Aisha Rahman,2023-02-10,Utilities,Broadband internet,1389.06
aisha@example.com,Aisha Rahman,2023-02-10,Food & Groceries,Supermarket run,2323.72
aisha@example.com,Aisha Rahman,2023-02-11,Transport,Fuel / commute,281.05
aisha@example.com,Aisha Rahman,2023-02-12,Health,Doctor visit,892.96
aisha@example.com,Aisha Rahman,2023-02-15,Transport,Fuel / commute,221.35
aisha@example.com,Aisha Rahman,2023-02-16,Entertainment,Movies / dining out,676.14
aisha@example.com,Aisha Rahman,2023-02-17,Food & Groceries,Supermarket run,2141.48
aisha@example.com,Aisha Rahman,2023-02-18,Transport,Fuel / commute,259.61
aisha@example.com,Aisha Rahman,2023-02-20,Food & Groceries,Vegetables and fruit,752.59
aisha@example.com,Aisha Rahman,2023-02-22,Transport,Fuel / commute,233.15
aisha@example.com,Aisha Rahman,2023-02-24,Food & Groceries,Supermarket run,2291.48
aisha@example.com,Aisha Rahman,2023-02-25,Transport,Fuel / commute,293.49
aisha@example.com,Aisha Rahman,2023-02-27,Entertainment,Movies / dining out,619.64
aisha@example.com,Aisha Rahman,2023-03-01,Rent,Monthly rent,14709.79
aisha@example.com,Aisha Rahman,2023-03-02,Transport,Fuel / commute,294.5
aisha@example.com,Aisha Rahman,2023-03-03,Food & Groceries,Supermarket run,2292.65
aisha@example.com,Aisha Rahman,2023-03-04,Transport,Fuel / commute,284.01
aisha@example.com,Aisha Rahman,2023-03-06,Food & Groceries,Vegetables and fruit,777.81
aisha@example.com,Aisha Rahman,2023-03-07,Entertainment,Movies / dining out,653.71
aisha@example.com,Aisha Rahman,2023-03-08,Utilities,Electricity bill,1514.58
aisha@example.com,Aisha Rahman,2023-03-08,Transport,Fuel / commute,328.27
aisha@example.com,Aisha Rahman,2023-03-10,Utilities,Broadband internet,1386.33
aisha@example.com,Aisha Rahman,2023-03-10,Food & Groceries,Supermarket run,2347.33
aisha@example.com,Aisha Rahman,2023-03-11,Transport,Fuel / commute,267.52
aisha@example.com,Aisha Rahman,2023-03-12,Health,Doctor visit,799.5
aisha@example.com,Aisha Rahman,2023-03-14,Food & Groceries,Kirana store top-up,1186.65
aisha@example.com,Aisha Rahman,2023-03-15,Transport,Fuel / commute,277.77
aisha@example.com,Aisha Rahman,2023-03-16,Entertainment,Movies / dining out,686.23
aisha@example.com,Aisha Rahman,2023-03-17,Food & Groceries,Supermarket run,2501.61
aisha@example.com,Aisha Rahman,2023-03-18,Transport,Fuel / commute,322.42
aisha@example.com,Aisha Rahman,2023-03-20,Food & Groceries,Vegetables and fruit,814.77
aisha@example.com,Aisha Rahman,2023-03-22,Transport,Fuel / commute,282.91
aisha@example.com,Aisha Rahman,2023-03-24,Food & Groceries,Supermarket run,2638.5
aisha@example.com,Aisha Rahman,2023-03-25,Transport,Fuel / commute,248.0
aisha@example.com,Aisha Rahman,2023-03-27,Entertainment,Movies / dining out,679.98
aisha@example.com,Aisha Rahman,2023-03-29,Transport,Fuel / commute,373.66
aisha@example.com,Aisha Rahman,2023-04-01,Rent,Monthly rent,14814.22
aisha@example.com,Aisha Rahman,2023-04-02,Transport,Fuel / commute,322.39
aisha@example.com,Aisha Rahman,2023-04-03,Food & Groceries,Supermarket run,2326.52
aisha@example.com,Aisha Rahman,2023-04-04,Transport,Fuel / commute,249.06
aisha@example.com,Aisha Rahman,2023-04-05,Rent,Society maintenance,2825.53
aisha@example.com,Aisha Rahman,2023-04-06,Food & Groceries,Vegetables and fruit,783.56
aisha@example.com,Aisha Rahman,2023-04-07,Entertainment,Movies / dining out,730.27
aisha@example.com,Aisha Rahman,2023-04-08,Utilities,Electricity bill,1824.47
aisha@example.com,Aisha Rahman,2023-04-08,Transport,Fuel / commute,251.14
aisha@example.com,Aisha Rahman,2023-04-10,Utilities,Broadband internet,1406.71
aisha@example.com,Aisha Rahman,2023-04-10,Food & Groceries,Supermarket run,2529.14
aisha@example.com,Aisha Rahman,2023-04-11,Transport,Fuel / commute,251.72
aisha@example.com,Aisha Rahman,2023-04-15,Transport,Fuel / commute,274.59
aisha@example.com,Aisha Rahman,2023-04-16,Entertainment,Movies / dining out,656.24
aisha@example.com,Aisha Rahman,2023-04-17,Food & Groceries,Supermarket run,2474.17
aisha@example.com,Aisha Rahman,2023-04-18,Transport,Fuel / commute,244.68
aisha@example.com,Aisha Rahman,2023-04-20,Food & Groceries,Vegetables and fruit,768.06
aisha@example.com,Aisha Rahman,2023-04-22,Transport,Fuel / commute,285.32
aisha@example.com,Aisha Rahman,2023-04-24,Food & Groceries,Supermarket run,2616.3
aisha@example.com,Aisha Rahman,2023-04-25,Transport,Fuel / commute,281.3
aisha@example.com,Aisha Rahman,2023-04-27,Entertainment,Movies / dining out,745.25
aisha@example.com,Aisha Rahman,2023-04-29,Transport,Fuel / commute,259.91
aisha@example.com,Aisha Rahman,2023-05-01,Rent,Monthly rent,14828.01
aisha@example.com,Aisha Rahman,2023-05-02,Transport,Fuel / commute,332.07
aisha@example.com,Aisha Rahman,2023-05-03,Food & Groceries,Supermarket run,2786.65
aisha@example.com,Aisha Rahman,2023-05-04,Transport,Fuel / commute,238.59
aisha@example.com,Aisha Rahman,2023-05-06,Food & Groceries,Vegetables and fruit,787.9
aisha@example.com,Aisha Rahman,2023-05-07,Entertainment,Movies / dining out,647.34
aisha@example.com,Aisha Rahman,2023-05-08,Utilities,Electricity bill,2020.23
aisha@example.com,Aisha Rahman,2023-05-08,Transport,Fuel / commute,344.73
aisha@example.com,Aisha Rahman,2023-05-10,Utilities,Broadband internet,1400.22
aisha@example.com,Aisha Rahman,2023-05-10,Food & Groceries,Supermarket run,2729.94
aisha@example.com,Aisha Rahman,2023-05-11,Transport,Fuel / commute,287.16
aisha@example.com,Aisha Rahman,2023-05-12,Health,Doctor visit,922.34
aisha@example.com,Aisha Rahman,2023-05-15,Transport,Fuel / commute,298.9
aisha@example.com,Aisha Rahman,2023-05-16,Entertainment,Movies / dining out,488.64
aisha@example.com,Aisha Rahman,2023-05-17,Food & Groceries,Supermarket run,2514.73
aisha@example.com,Aisha Rahman,2023-05-18,Transport,Fuel / commute,274.28
aisha@example.com,Aisha Rahman,2023-05-20,Food & Groceries,Vegetables and fruit,759.27
aisha@example.com,Aisha Rahman,2023-05-22,Transport,Fuel / commute,230.33
aisha@example.com,Aisha Rahman,2023-05-24,Food & Groceries,Supermarket run,2852.5
aisha@example.com,Aisha Rahman,2023-05-25,Transport,Fuel / commute,283.1
aisha@example.com,Aisha Rahman,2023-05-27,Entertainment,Movies / dining out,540.43
aisha@example.com,Aisha Rahman,2023-05-29,Transport,Fuel / commute,299.49
aisha@example.com,Aisha Rahman,2023-06-01,Rent,Monthly rent,14891.06
aisha@example.com,Aisha Rahman,2023-06-02,Transport,Fuel / commute,240.89
aisha@example.com,Aisha Rahman,2023-06-03,Food & Groceries,Supermarket run,2934.49
aisha@example.com,Aisha Rahman,2023-06-04,Transport,Fuel / commute,298.44
aisha@example.com,Aisha Rahman,2023-06-06,Food & Groceries,Vegetables and fruit,685.23
aisha@example.com,Aisha Rahman,2023-06-07,Entertainment,Movies / dining out,587.26
aisha@example.com,Aisha Rahman,2023-06-08,Utilities,Electricity bill,2225.61
aisha@example.com,Aisha Rahman,2023-06-08,Transport,Fuel / commute,345.77
aisha@example.com,Aisha Rahman,2023-06-10,Utilities,Broadband internet,1402.96
aisha@example.com,Aisha Rahman,2023-06-10,Food & Groceries,Supermarket run,2975.58
aisha@example.com,Aisha Rahman,2023-06-11,Transport,Fuel / commute,272.42
aisha@example.com,Aisha Rahman,2023-06-12,Health,Doctor visit,672.21
aisha@example.com,Aisha Rahman,2023-06-15,Transport,Fuel / commute,293.26
aisha@example.com,Aisha Rahman,2023-06-16,Entertainment,Movies / dining out,753.12
aisha@example.com,Aisha Rahman,2023-06-17,Food & Groceries,Supermarket run,2917.24
aisha@example.com,Aisha Rahman,2023-06-18,Transport,Fuel / commute,315.07
aisha@example.com,Aisha Rahman,2023-06-20,Food & Groceries,Vegetables and fruit,779.51
aisha@example.com,Aisha Rahman,2023-06-22,Transport,Fuel / commute,217.18
aisha@example.com,Aisha Rahman,2023-06-24,Food & Groceries,Supermarket run,3027.7
aisha@example.com,Aisha Rahman,2023-06-25,Transport,Fuel / commute,270.76
aisha@example.com,Aisha Rahman,2023-06-27,Entertainment,Movies / dining out,745.31
aisha@example.com,Aisha Rahman,2023-06-29,Transport,Fuel / commute,301.49
aisha@example.com,Aisha Rahman,2023-07-01,Rent,Monthly rent,14965.89
aisha@example.com,Aisha Rahman,2023-07-02,Transport,Fuel / commute,265.86
aisha@example.com,Aisha Rahman,2023-07-03,Food & Groceries,Supermarket run,2802.0
aisha@example.com,Aisha Rahman,2023-07-04,Transport,Fuel / commute,261.39
aisha@example.com,Aisha Rahman,2023-07-05,Rent,Society maintenance,2780.3
aisha@example.com,Aisha Rahman,2023-07-06,Food & Groceries,Vegetables and fruit,873.8
aisha@example.com,Aisha Rahman,2023-07-07,Entertainment,Movies / dining out,788.29
aisha@example.com,Aisha Rahman,2023-07-08,Utilities,Electricity bill,2376.96
aisha@example.com,Aisha Rahman,2023-07-08,Transport,Fuel / commute,282.48
aisha@example.com,Aisha Rahman,2023-07-10,Utilities,Broadband internet,1398.98
aisha@example.com,Aisha Rahman,2023-07-10,Food & Groceries,Supermarket run,3182.59
aisha@example.com,Aisha Rahman,2023-07-11,Transport,Fuel / commute,244.75
aisha@example.com,Aisha Rahman,2023-07-12,Health,Doctor visit,906.8
aisha@example.com,Aisha Rahman,2023-07-15,Transport,Fuel / commute,256.34
aisha@example.com,Aisha Rahman,2023-07-16,Entertainment,Movies / dining out,712.95
aisha@example.com,Aisha Rahman,2023-07-17,Food & Groceries,Supermarket run,2673.5
aisha@example.com,Aisha Rahman,2023-07-18,Transport,Fuel / commute,312.2
aisha@example.com,Aisha Rahman,2023-07-20,Food & Groceries,Vegetables and fruit,844.69
aisha@example.com,Aisha Rahman,2023-07-22,Transport,Fuel / commute,312.36
aisha@example.com,Aisha Rahman,2023-07-24,Food & Groceries,Supermarket run,3163.3
aisha@example.com,Aisha Rahman,2023-07-25,Transport,Fuel / commute,253.28
aisha@example.com,Aisha Rahman,2023-07-27,Entertainment,Movies / dining out,752.15
aisha@example.com,Aisha Rahman,2023-07-29,Transport,Fuel / commute,313.29
aisha@example.com,Aisha Rahman,2023-08-01,Rent,Monthly rent,14975.96
aisha@example.com,Aisha Rahman,2023-08-02,Transport,Fuel / commute,309.03
aisha@example.com,Aisha Rahman,2023-08-03,Food & Groceries,Supermarket run,2744.22
aisha@example.com,Aisha Rahman,2023-08-04,Transport,Fuel / commute,246.97
aisha@example.com,Aisha Rahman,2023-08-06,Food & Groceries,Vegetables and fruit,723.07
aisha@example.com,Aisha Rahman,2023-08-07,Entertainment,Movies / dining out,677.94
aisha@example.com,Aisha Rahman,2023-08-08,Utilities,Electricity bill,2265.49
aisha@example.com,Aisha Rahman,2023-08-08,Transport,Fuel / commute,269.11
aisha@example.com,Aisha Rahman,2023-08-10,Utilities,Broadband internet,1412.47
aisha@example.com,Aisha Rahman,2023-08-10,Food & Groceries,Supermarket run,2694.42
aisha@example.com,Aisha Rahman,2023-08-11,Transport,Fuel / commute,259.18
aisha@example.com,Aisha Rahman,2023-08-12,Health,Doctor visit,827.91
aisha@example.com,Aisha Rahman,2023-08-15,Transport,Fuel / commute,352.68
aisha@example.com,Aisha Rahman,2023-08-16,Entertainment,Movies / dining out,705.85
aisha@example.com,Aisha Rahman,2023-08-17,Food & Groceries,Supermarket run,2991.86
aisha@example.com,Aisha Rahman,2023-08-18,Transport,Fuel / commute,322.32
aisha@example.com,Aisha Rahman,2023-08-20,Food & Groceries,Vegetables and fruit,845.92
aisha@example.com,Aisha Rahman,2023-08-22,Transport,Fuel / commute,276.03
aisha@example.com,Aisha Rahman,2023-08-24,Food & Groceries,Supermarket run,2727.63
aisha@example.com,Aisha Rahman,2023-08-25,Transport,Fuel / commute,310.81
aisha@example.com,Aisha Rahman,2023-08-27,Entertainment,Movies / dining out,661.68
aisha@example.com,Aisha Rahman,2023-08-29,Transport,Fuel / commute,243.4
aisha@example.com,Aisha Rahman,2023-09-01,Rent,Monthly rent,14998.06
aisha@example.com,Aisha Rahman,2023-09-02,Transport,Fuel / commute,313.62
aisha@example.com,Aisha Rahman,2023-09-03,Food & Groceries,Supermarket run,2722.05
aisha@example.com,Aisha Rahman,2023-09-04,Transport,Fuel / commute,273.89
aisha@example.com,Aisha Rahman,2023-09-06,Food & Groceries,Vegetables and fruit,828.41
aisha@example.com,Aisha Rahman,2023-09-07,Entertainment,Movies / dining out,710.31
aisha@example.com,Aisha Rahman,2023-09-08,Utilities,Electricity bill,2056.68
aisha@example.com,Aisha Rahman,2023-09-08,Transport,Fuel / commute,291.93
aisha@example.com,Aisha Rahman,2023-09-10,Utilities,Broadband internet,1421.13
aisha@example.com,Aisha Rahman,2023-09-10,Food & Groceries,Supermarket run,2919.41
aisha@example.com,Aisha Rahman,2023-09-11,Transport,Fuel / commute,246.34
aisha@example.com,Aisha Rahman,2023-09-15,Transport,Fuel / commute,295.92
aisha@example.com,Aisha Rahman,2023-09-16,Entertainment,Movies / dining out,475.46
aisha@example.com,Aisha Rahman,2023-09-17,Food & Groceries,Supermarket run,2876.75
aisha@example.com,Aisha Rahman,2023-09-18,Transport,Fuel / commute,324.08
aisha@example.com,Aisha Rahman,2023-09-20,Food & Groceries,Vegetables and fruit,705.43
aisha@example.com,Aisha Rahman,2023-09-22,Transport,Fuel / commute,263.4
aisha@example.com,Aisha Rahman,2023-09-24,Food & Groceries,Supermarket run,2586.8
aisha@example.com,Aisha Rahman,2023-09-25,Transport,Fuel / commute,270.39
aisha@example.com,Aisha Rahman,2023-09-27,Entertainment,Movies / dining out,834.09
aisha@example.com,Aisha Rahman,2023-09-29,Transport,Fuel / commute,307.55
aisha@example.com,Aisha Rahman,2023-10-01,Rent,Monthly rent,15093.99
aisha@example.com,Aisha Rahman,2023-10-02,Transport,Fuel / commute,252.41
aisha@example.com,Aisha Rahman,2023-10-03,Food & Groceries,Supermarket run,3568.51
aisha@example.com,Aisha Rahman,2023-10-04,Transport,Fuel / commute,319.62
aisha@example.com,Aisha Rahman,2023-10-05,Rent,Society maintenance,2909.33
aisha@example.com,Aisha Rahman,2023-10-06,Food & Groceries,Vegetables and fruit,755.02
aisha@example.com,Aisha Rahman,2023-10-07,Entertainment,Movies / dining out,1019.73
aisha@example.com,Aisha Rahman,2023-10-08,Utilities,Electricity bill,1829.52
aisha@example.com,Aisha Rahman,2023-10-08,Transport,Fuel / commute,275.77
aisha@example.com,Aisha Rahman,2023-10-10,Utilities,Broadband internet,1410.8
aisha@example.com,Aisha Rahman,2023-10-10,Food & Groceries,Supermarket run,3365.92
aisha@example.com,Aisha Rahman,2023-10-11,Transport,Fuel / commute,333.26
aisha@example.com,Aisha Rahman,2023-10-12,Health,Doctor visit,758.56
aisha@example.com,Aisha Rahman,2023-10-15,Transport,Fuel / commute,278.78
aisha@example.com,Aisha Rahman,2023-10-16,Entertainment,Movies / dining out,900.04
aisha@example.com,Aisha Rahman,2023-10-17,Food & Groceries,Supermarket run,3722.45
aisha@example.com,Aisha Rahman,2023-10-18,Transport,Fuel / commute,314.75
aisha@example.com,Aisha Rahman,2023-10-20,Food & Groceries,Vegetables and fruit,829.74
aisha@example.com,Aisha Rahman,2023-10-22,Transport,Fuel / commute,298.87
aisha@example.com,Aisha Rahman,2023-10-24,Food & Groceries,Supermarket run,3533.75
aisha@example.com,Aisha Rahman,2023-10-25,Transport,Fuel / commute,318.68
aisha@example.com,Aisha Rahman,2023-10-27,Entertainment,Movies / dining out,995.79
aisha@example.com,Aisha Rahman,2023-10-29,Transport,Fuel / commute,296.43
aisha@example.com,Aisha Rahman,2023-11-01,Rent,Monthly rent,15124.17
aisha@example.com,Aisha Rahman,2023-11-02,Transport,Fuel / commute,365.83
aisha@example.com,Aisha Rahman,2023-11-03,Food & Groceries,Supermarket run,3432.18
aisha@example.com,Aisha Rahman,2023-11-04,Transport,Fuel / commute,309.63
aisha@example.com,Aisha Rahman,2023-11-06,Food & Groceries,Vegetables and fruit,757.59
aisha@example.com,Aisha Rahman,2023-11-07,Entertainment,Movies / dining out,935.46
aisha@example.com,Aisha Rahman,2023-11-08,Utilities,Electricity bill,1689.49
aisha@example.com,Aisha Rahman,2023-11-08,Transport,Fuel / commute,317.68
aisha@example.com,Aisha Rahman,2023-11-10,Utilities,Broadband internet,1430.34
aisha@example.com,Aisha Rahman,2023-11-10,Food & Groceries,Supermarket run,3676.5
aisha@example.com,Aisha Rahman,2023-11-11,Transport,Fuel / commute,278.95
aisha@example.com,Aisha Rahman,2023-11-12,Health,Doctor visit,877.46
aisha@example.com,Aisha Rahman,2023-11-15,Transport,Fuel / commute,284.89
aisha@example.com,Aisha Rahman,2023-11-16,Entertainment,Movies / dining out,829.99
aisha@example.com,Aisha Rahman,2023-11-17,Food & Groceries,Supermarket run,3390.7
aisha@example.com,Aisha Rahman,2023-11-18,Transport,Fuel / commute,328.17
aisha@example.com,Aisha Rahman,2023-11-20,Food & Groceries,Vegetables and fruit,684.08
aisha@example.com,Aisha Rahman,2023-11-21,Food & Groceries,Kirana store top-up,1462.24
aisha@example.com,Aisha Rahman,2023-11-22,Transport,Fuel / commute,364.24
aisha@example.com,Aisha Rahman,2023-11-24,Food & Groceries,Supermarket run,3343.07
aisha@example.com,Aisha Rahman,2023-11-25,Transport,Fuel / commute,345.9
aisha@example.com,Aisha Rahman,2023-11-27,Entertainment,Movies / dining out,753.92
aisha@example.com,Aisha Rahman,2023-11-29,Transport,Fuel / commute,321.85
aisha@example.com,Aisha Rahman,2023-12-01,Rent,Monthly rent,15113.94
aisha@example.com,Aisha Rahman,2023-12-02,Transport,Fuel / commute,353.55
aisha@example.com,Aisha Rahman,2023-12-03,Food & Groceries,Supermarket run,2268.98
aisha@example.com,Aisha Rahman,2023-12-04,Transport,Fuel / commute,230.62
aisha@example.com,Aisha Rahman,2023-12-06,Food & Groceries,Vegetables and fruit,805.01
aisha@example.com,Aisha Rahman,2023-12-07,Entertainment,Movies / dining out,495.5
aisha@example.com,Aisha Rahman,2023-12-08,Utilities,Electricity bill,1636.08
aisha@example.com,Aisha Rahman,2023-12-08,Transport,Fuel / commute,304.96
aisha@example.com,Aisha Rahman,2023-12-10,Utilities,Broadband internet,1409.97
aisha@example.com,Aisha Rahman,2023-12-10,Food & Groceries,Supermarket run,2145.59
aisha@example.com,Aisha Rahman,2023-12-11,Transport,Fuel / commute,259.48
aisha@example.com,Aisha Rahman,2023-12-12,Health,Doctor visit,924.35
aisha@example.com,Aisha Rahman,2023-12-15,Transport,Fuel / commute,252.27
aisha@example.com,Aisha Rahman,2023-12-16,Entertainment,Movies / dining out,616.8
aisha@example.com,Aisha Rahman,2023-12-17,Food & Groceries,Supermarket run,2476.33
aisha@example.com,Aisha Rahman,2023-12-18,Transport,Fuel / commute,290.41
aisha@example.com,Aisha Rahman,2023-12-20,Food & Groceries,Vegetables and fruit,908.29
aisha@example.com,Aisha Rahman,2023-12-22,Transport,Fuel / commute,337.82
aisha@example.com,Aisha Rahman,2023-12-24,Food & Groceries,Supermarket run,2154.32
aisha@example.com,Aisha Rahman,2023-12-25,Transport,Fuel / commute,315.61
aisha@example.com,Aisha Rahman,2023-12-27,Entertainment,Movies / dining out,611.02
aisha@example.com,Aisha Rahman,2023-12-29,Transport,Fuel / commute,269.16
aisha@example.com,Aisha Rahman,2024-01-01,Rent,Monthly rent,15229.68
aisha@example.com,Aisha Rahman,2024-01-02,Transport,Fuel / commute,298.22
aisha@example.com,Aisha Rahman,2024-01-03,Food & Groceries,Supermarket run,2000.37
aisha@example.com,Aisha Rahman,2024-01-04,Transport,Fuel / commute,348.79
aisha@example.com,Aisha Rahman,2024-01-05,Rent,Society maintenance,2772.57
aisha@example.com,Aisha Rahman,2024-01-06,Food & Groceries,Vegetables and fruit,807.83
aisha@example.com,Aisha Rahman,2024-01-07,Entertainment,Movies / dining out,737.0
aisha@example.com,Aisha Rahman,2024-01-08,Utilities,Electricity bill,1641.12
aisha@example.com,Aisha Rahman,2024-01-08,Transport,Fuel / commute,335.29
aisha@example.com,Aisha Rahman,2024-01-10,Utilities,Broadband internet,1435.05
aisha@example.com,Aisha Rahman,2024-01-10,Food & Groceries,Supermarket run,2336.87
aisha@example.com,Aisha Rahman,2024-01-11,Transport,Fuel / commute,291.15
aisha@example.com,Aisha Rahman,2024-01-12,Health,Doctor visit,885.7
aisha@example.com,Aisha Rahman,2024-01-15,Transport,Fuel / commute,288.33
aisha@example.com,Aisha Rahman,2024-01-16,Entertainment,Movies / dining out,794.2
aisha@example.com,Aisha Rahman,2024-01-17,Food & Groceries,Supermarket run,2444.77
aisha@example.com,Aisha Rahman,2024-01-18,Transport,Fuel / commute,194.33
aisha@example.com,Aisha Rahman,2024-01-20,Food & Groceries,Vegetables and fruit,853.88
aisha@example.com,Aisha Rahman,2024-01-22,Transport,Fuel / commute,283.78
aisha@example.com,Aisha Rahman,2024-01-24,Food & Groceries,Supermarket run,2312.69
aisha@example.com,Aisha Rahman,2024-01-25,Transport,Fuel / commute,247.39
aisha@example.com,Aisha Rahman,2024-01-27,Entertainment,Movies / dining out,678.06
aisha@example.com,Aisha Rahman,2024-01-29,Transport,Fuel / commute,303.19
aisha@example.com,Aisha Rahman,2024-02-01,Rent,Monthly rent,15361.34
aisha@example.com,Aisha Rahman,2024-02-02,Transport,Fuel / commute,297.9
aisha@example.com,Aisha Rahman,2024-02-03,Food & Groceries,Supermarket run,2341.21
aisha@example.com,Aisha Rahman,2024-02-04,Transport,Fuel / commute,335.07
aisha@example.com,Aisha Rahman,2024-02-06,Food & Groceries,Vegetables and fruit,763.42
aisha@example.com,Aisha Rahman,2024-02-07,Entertainment,Movies / dining out,646.1
aisha@example.com,Aisha Rahman,2024-02-08,Utilities,Electricity bill,1583.42
aisha@example.com,Aisha Rahman,2024-02-08,Transport,Fuel / commute,271.92
aisha@example.com,Aisha Rahman,2024-02-10,Utilities,Broadband internet,1441.61
aisha@example.com,Aisha Rahman,2024-02-10,Food & Groceries,Supermarket run,2418.62
aisha@example.com,Aisha Rahman,2024-02-11,Transport,Fuel / commute,346.29
aisha@example.com,Aisha Rahman,2024-02-15,Transport,Fuel / commute,306.01
aisha@example.com,Aisha Rahman,2024-02-16,Entertainment,Movies / dining out,760.91
aisha@example.com,Aisha Rahman,2024-02-17,Food & Groceries,Supermarket run,2586.32
aisha@example.com,Aisha Rahman,2024-02-18,Transport,Fuel / commute,311.74
aisha@example.com,Aisha Rahman,2024-02-20,Food & Groceries,Vegetables and fruit,899.7
aisha@example.com,Aisha Rahman,2024-02-22,Transport,Fuel / commute,300.96
aisha@example.com,Aisha Rahman,2024-02-24,Food & Groceries,Supermarket run,2360.59
aisha@example.com,Aisha Rahman,2024-02-25,Transport,Fuel / commute,278.31
aisha@example.com,Aisha Rahman,2024-02-27,Entertainment,Movies / dining out,665.71
aisha@example.com,Aisha Rahman,2024-02-29,Transport,Fuel / commute,296.22
aisha@example.com,Aisha Rahman,2024-03-01,Rent,Monthly rent,15211.05
aisha@example.com,Aisha Rahman,2024-03-02,Transport,Fuel / commute,349.65
aisha@example.com,Aisha Rahman,2024-03-03,Food & Groceries,Supermarket run,2647.99
aisha@example.com,Aisha Rahman,2024-03-04,Transport,Fuel / commute,341.21
aisha@example.com,Aisha Rahman,2024-03-06,Food & Groceries,Vegetables and fruit,653.16
aisha@example.com,Aisha Rahman,2024-03-07,Entertainment,Movies / dining out,587.41
aisha@example.com,Aisha Rahman,2024-03-08,Utilities,Electricity bill,1622.31
aisha@example.com,Aisha Rahman,2024-03-08,Transport,Fuel / commute,313.72
aisha@example.com,Aisha Rahman,2024-03-10,Utilities,Broadband internet,1434.6
aisha@example.com,Aisha Rahman,2024-03-10,Food & Groceries,Supermarket run,2722.75
aisha@example.com,Aisha Rahman,2024-03-11,Transport,Fuel / commute,254.78
aisha@example.com,Aisha Rahman,2024-03-12,Health,Doctor visit,844.82
aisha@example.com,Aisha Rahman,2024-03-15,Transport,Fuel / commute,278.47
aisha@example.com,Aisha Rahman,2024-03-16,Entertainment,Movies / dining out,809.98
aisha@example.com,Aisha Rahman,2024-03-17,Food & Groceries,Supermarket run,2693.55
aisha@example.com,Aisha Rahman,2024-03-18,Transport,Fuel / commute,366.18
aisha@example.com,Aisha Rahman,2024-03-20,Food & Groceries,Vegetables and fruit,835.91
aisha@example.com,Aisha Rahman,2024-03-22,Transport,Fuel / commute,246.68
aisha@example.com,Aisha Rahman,2024-03-24,Food & Groceries,Supermarket run,2503.15
aisha@example.com,Aisha Rahman,2024-03-25,Transport,Fuel / commute,256.27
aisha@example.com,Aisha Rahman,2024-03-27,Entertainment,Movies / dining out,722.34
aisha@example.com,Aisha Rahman,2024-03-29,Transport,Fuel / commute,330.82
aisha@example.com,Aisha Rahman,2024-04-01,Rent,Monthly rent,15323.92
aisha@example.com,Aisha Rahman,2024-04-02,Transport,Fuel / commute,256.13
aisha@example.com,Aisha Rahman,2024-04-03,Food & Groceries,Supermarket run,2636.92
aisha@example.com,Aisha Rahman,2024-04-04,Transport,Fuel / commute,207.93
aisha@example.com,Aisha Rahman,2024-04-05,Rent,Society maintenance,2856.66
aisha@example.com,Aisha Rahman,2024-04-06,Food & Groceries,Vegetables and fruit,901.0
aisha@example.com,Aisha Rahman,2024-04-07,Entertainment,Movies / dining out,781.56
aisha@example.com,Aisha Rahman,2024-04-08,Utilities,Electricity bill,1759.69
aisha@example.com,Aisha Rahman,2024-04-08,Transport,Fuel / commute,295.55
aisha@example.com,Aisha Rahman,2024-04-10,Utilities,Broadband internet,1435.75
aisha@example.com,Aisha Rahman,2024-04-10,Food & Groceries,Supermarket run,2950.44
aisha@example.com,Aisha Rahman,2024-04-11,Transport,Fuel / commute,338.29
aisha@example.com,Aisha Rahman,2024-04-12,Health,Doctor visit,845.8
aisha@example.com,Aisha Rahman,2024-04-15,Transport,Fuel / commute,355.06
aisha@example.com,Aisha Rahman,2024-04-16,Entertainment,Movies / dining out,793.58
aisha@example.com,Aisha Rahman,2024-04-17,Food & Groceries,Supermarket run,2860.15
aisha@example.com,Aisha Rahman,2024-04-18,Transport,Fuel / commute,266.98
aisha@example.com,Aisha Rahman,2024-04-20,Food & Groceries,Vegetables and fruit,900.87
aisha@example.com,Aisha Rahman,2024-04-22,Transport,Fuel / commute,360.81
aisha@example.com,Aisha Rahman,2024-04-24,Food & Groceries,Supermarket run,2425.15
aisha@example.com,Aisha Rahman,2024-04-25,Transport,Fuel / commute,218.43
aisha@example.com,Aisha Rahman,2024-04-27,Entertainment,Movies / dining out,765.23
aisha@example.com,Aisha Rahman,2024-04-29,Transport,Fuel / commute,284.97
aisha@example.com,Aisha Rahman,2024-05-01,Rent,Monthly rent,15512.83
aisha@example.com,Aisha Rahman,2024-05-02,Transport,Fuel / commute,385.46
aisha@example.com,Aisha Rahman,2024-05-03,Food & Groceries,Supermarket run,2676.19
aisha@example.com,Aisha Rahman,2024-05-04,Transport,Fuel / commute,350.31
aisha@example.com,Aisha Rahman,2024-05-06,Food & Groceries,Vegetables and fruit,860.55
aisha@example.com,Aisha Rahman,2024-05-07,Entertainment,Movies / dining out,790.68
aisha@example.com,Aisha Rahman,2024-05-08,Utilities,Electricity bill,2092.87
aisha@example.com,Aisha Rahman,2024-05-08,Transport,Fuel / commute,341.31
aisha@example.com,Aisha Rahman,2024-05-10,Utilities,Broadband internet,1457.4
aisha@example.com,Aisha Rahman,2024-05-10,Food & Groceries,Supermarket run,2950.14
aisha@example.com,Aisha Rahman,2024-05-11,Transport,Fuel / commute,326.49
aisha@example.com,Aisha Rahman,2024-05-12,Health,Doctor visit,914.3
aisha@example.com,Aisha Rahman,2024-05-15,Transport,Fuel / commute,362.35
aisha@example.com,Aisha Rahman,2024-05-16,Entertainment,Movies / dining out,593.41
aisha@example.com,Aisha Rahman,2024-05-17,Food & Groceries,Supermarket run,2735.96
aisha@example.com,Aisha Rahman,2024-05-18,Transport,Fuel / commute,247.49
aisha@example.com,Aisha Rahman,2024-05-20,Food & Groceries,Vegetables and fruit,818.88
aisha@example.com,Aisha Rahman,2024-05-22,Transport,Fuel / commute,348.24
aisha@example.com,Aisha Rahman,2024-05-22,Health,Hospital admission,11125.0
aisha@example.com,Aisha Rahman,2024-05-24,Food & Groceries,Supermarket run,2927.88
aisha@example.com,Aisha Rahman,2024-05-25,Transport,Fuel / commute,263.49
aisha@example.com,Aisha Rahman,2024-05-27,Entertainment,Movies / dining out,646.39
aisha@example.com,Aisha Rahman,2024-05-29,Transport,Fuel / commute,278.81
aisha@example.com,Aisha Rahman,2024-06-01,Rent,Monthly rent,15481.3
aisha@example.com,Aisha Rahman,2024-06-02,Transport,Fuel / commute,270.42
aisha@example.com,Aisha Rahman,2024-06-03,Food & Groceries,Supermarket run,2938.64
aisha@example.com,Aisha Rahman,2024-06-04,Transport,Fuel / commute,314.31
aisha@example.com,Aisha Rahman,2024-06-06,Food & Groceries,Vegetables and fruit,609.02
aisha@example.com,Aisha Rahman,2024-06-07,Entertainment,Movies / dining out,769.88
aisha@example.com,Aisha Rahman,2024-06-08,Utilities,Electricity bill,2346.14
aisha@example.com,Aisha Rahman,2024-06-08,Transport,Fuel / commute,229.03
aisha@example.com,Aisha Rahman,2024-06-10,Utilities,Broadband internet,1456.5
aisha@example.com,Aisha Rahman,2024-06-10,Food & Groceries,Supermarket run,3160.7
aisha@example.com,Aisha Rahman,2024-06-11,Transport,Fuel / commute,276.69
aisha@example.com,Aisha Rahman,2024-06-12,Health,Doctor visit,916.66
aisha@example.com,Aisha Rahman,2024-06-15,Transport,Fuel / commute,316.92
aisha@example.com,Aisha Rahman,2024-06-16,Entertainment,Movies / dining out,698.56
aisha@example.com,Aisha Rahman,2024-06-17,Food & Groceries,Supermarket run,2836.3
aisha@example.com,Aisha Rahman,2024-06-18,Transport,Fuel / commute,262.92
aisha@example.com,Aisha Rahman,2024-06-20,Food & Groceries,Vegetables and fruit,813.57
aisha@example.com,Aisha Rahman,2024-06-22,Transport,Fuel / commute,314.72
aisha@example.com,Aisha Rahman,2024-06-24,Food & Groceries,Supermarket run,2755.94
aisha@example.com,Aisha Rahman,2024-06-25,Transport,Fuel / commute,279.94
aisha@example.com,Aisha Rahman,2024-06-27,Entertainment,Movies / dining out,623.4
aisha@example.com,Aisha Rahman,2024-06-29,Transport,Fuel / commute,298.81
aisha@example.com,Aisha Rahman,2024-07-01,Rent,Monthly rent,15448.97
aisha@example.com,Aisha Rahman,2024-07-02,Transport,Fuel / commute,284.93
aisha@example.com,Aisha Rahman,2024-07-03,Food & Groceries,Supermarket run,3386.08
aisha@example.com,Aisha Rahman,2024-07-04,Transport,Fuel / commute,299.26
aisha@example.com,Aisha Rahman,2024-07-05,Rent,Society maintenance,2780.81
aisha@example.com,Aisha Rahman,2024-07-06,Food & Groceries,Vegetables and fruit,895.94
aisha@example.com,Aisha Rahman,2024-07-07,Entertainment,Movies / dining out,651.14
aisha@example.com,Aisha Rahman,2024-07-08,Utilities,Electricity bill,2372.4
aisha@example.com,Aisha Rahman,2024-07-08,Transport,Fuel / commute,277.05
aisha@example.com,Aisha Rahman,2024-07-10,Utilities,Broadband internet,1454.7
aisha@example.com,Aisha Rahman,2024-07-10,Food & Groceries,Supermarket run,2969.9
aisha@example.com,Aisha Rahman,2024-07-11,Transport,Fuel / commute,332.1
aisha@example.com,Aisha Rahman,2024-07-12,Health,Doctor visit,885.49
aisha@example.com,Aisha Rahman,2024-07-15,Transport,Fuel / commute,344.32
aisha@example.com,Aisha Rahman,2024-07-16,Entertainment,Movies / dining out,658.98
aisha@example.com,Aisha Rahman,2024-07-17,Food & Groceries,Supermarket run,3003.02
aisha@example.com,Aisha Rahman,2024-07-18,Transport,Fuel / commute,249.93
aisha@example.com,Aisha Rahman,2024-07-20,Food & Groceries,Vegetables and fruit,606.44
aisha@example.com,Aisha Rahman,2024-07-22,Transport,Fuel / commute,376.52
aisha@example.com,Aisha Rahman,2024-07-24,Food & Groceries,Supermarket run,2882.66
aisha@example.com,Aisha Rahman,2024-07-25,Transport,Fuel / commute,249.52
aisha@example.com,Aisha Rahman,2024-07-27,Entertainment,Movies / dining out,690.24
aisha@example.com,Aisha Rahman,2024-07-29,Transport,Fuel / commute,347.45
aisha@example.com,Aisha Rahman,2024-08-01,Rent,Monthly rent,15515.38
aisha@example.com,Aisha Rahman,2024-08-02,Transport,Fuel / commute,322.66
aisha@example.com,Aisha Rahman,2024-08-03,Food & Groceries,Supermarket run,2734.67
aisha@example.com,Aisha Rahman,2024-08-04,Transport,Fuel / commute,297.72
aisha@example.com,Aisha Rahman,2024-08-06,Food & Groceries,Vegetables and fruit,892.3
aisha@example.com,Aisha Rahman,2024-08-07,Entertainment,Movies / dining out,586.3
aisha@example.com,Aisha Rahman,2024-08-08,Utilities,Electricity bill,2370.15
aisha@example.com,Aisha Rahman,2024-08-08,Transport,Fuel / commute,267.69
aisha@example.com,Aisha Rahman,2024-08-10,Utilities,Broadband internet,1448.21
aisha@example.com,Aisha Rahman,2024-08-10,Food & Groceries,Supermarket run,2828.39
aisha@example.com,Aisha Rahman,2024-08-11,Transport,Fuel / commute,315.8
aisha@example.com,Aisha Rahman,2024-08-12,Health,Doctor visit,846.12
aisha@example.com,Aisha Rahman,2024-08-15,Transport,Fuel / commute,299.46
aisha@example.com,Aisha Rahman,2024-08-16,Entertainment,Movies / dining out,701.4
aisha@example.com,Aisha Rahman,2024-08-17,Food & Groceries,Supermarket run,3095.78
aisha@example.com,Aisha Rahman,2024-08-18,Transport,Fuel / commute,279.06
aisha@example.com,Aisha Rahman,2024-08-20,Food & Groceries,Vegetables and fruit,762.63
aisha@example.com,Aisha Rahman,2024-08-22,Transport,Fuel / commute,303.37
aisha@example.com,Aisha Rahman,2024-08-24,Food & Groceries,Supermarket run,3031.6
aisha@example.com,Aisha Rahman,2024-08-25,Transport,Fuel / commute,297.16
aisha@example.com,Aisha Rahman,2024-08-27,Entertainment,Movies / dining out,628.2
aisha@example.com,Aisha Rahman,2024-08-29,Transport,Fuel / commute,296.28
aisha@example.com,Aisha Rahman,2024-09-01,Rent,Monthly rent,15610.06
aisha@example.com,Aisha Rahman,2024-09-02,Transport,Fuel / commute,316.78
aisha@example.com,Aisha Rahman,2024-09-03,Food & Groceries,Supermarket run,2979.36
aisha@example.com,Aisha Rahman,2024-09-04,Transport,Fuel / commute,300.34
aisha@example.com,Aisha Rahman,2024-09-06,Food & Groceries,Vegetables and fruit,843.18
aisha@example.com,Aisha Rahman,2024-09-07,Entertainment,Movies / dining out,636.73
aisha@example.com,Aisha Rahman,2024-09-08,Utilities,Electricity bill,2201.51
aisha@example.com,Aisha Rahman,2024-09-08,Transport,Fuel / commute,291.58
aisha@example.com,Aisha Rahman,2024-09-10,Utilities,Broadband internet,1470.48
aisha@example.com,Aisha Rahman,2024-09-10,Food & Groceries,Supermarket run,2950.4
aisha@example.com,Aisha Rahman,2024-09-11,Transport,Fuel / commute,400.1
aisha@example.com,Aisha Rahman,2024-09-12,Health,Doctor visit,807.63
aisha@example.com,Aisha Rahman,2024-09-15,Transport,Fuel / commute,246.86
aisha@example.com,Aisha Rahman,2024-09-16,Entertainment,Movies / dining out,695.83
aisha@example.com,Aisha Rahman,2024-09-17,Food & Groceries,Supermarket run,3089.11
aisha@example.com,Aisha Rahman,2024-09-18,Transport,Fuel / commute,337.6
aisha@example.com,Aisha Rahman,2024-09-20,Food & Groceries,Vegetables and fruit,779.92
aisha@example.com,Aisha Rahman,2024-09-22,Transport,Fuel / commute,271.43
aisha@example.com,Aisha Rahman,2024-09-24,Food & Groceries,Supermarket run,3057.67
aisha@example.com,Aisha Rahman,2024-09-25,Transport,Fuel / commute,307.54
aisha@example.com,Aisha Rahman,2024-09-27,Entertainment,Movies / dining out,626.41
aisha@example.com,Aisha Rahman,2024-09-29,Transport,Fuel / commute,396.1
aisha@example.com,Aisha Rahman,2024-10-01,Rent,Monthly rent,15678.0
aisha@example.com,Aisha Rahman,2024-10-02,Transport,Fuel / commute,294.06
aisha@example.com,Aisha Rahman,2024-10-03,Food & Groceries,Supermarket run,3603.81
aisha@example.com,Aisha Rahman,2024-10-04,Transport,Fuel / commute,281.41
aisha@example.com,Aisha Rahman,2024-10-05,Rent,Society maintenance,2625.4
aisha@example.com,Aisha Rahman,2024-10-06,Food & Groceries,Vegetables and fruit,998.84
aisha@example.com,Aisha Rahman,2024-10-07,Entertainment,Movies / dining out,1026.84
aisha@example.com,Aisha Rahman,2024-10-08,Utilities,Electricity bill,1926.28
aisha@example.com,Aisha Rahman,2024-10-08,Transport,Fuel / commute,302.15
aisha@example.com,Aisha Rahman,2024-10-10,Utilities,Broadband internet,1479.73
aisha@example.com,Aisha Rahman,2024-10-10,Food & Groceries,Supermarket run,3694.81
aisha@example.com,Aisha Rahman,2024-10-11,Transport,Fuel / commute,308.44
aisha@example.com,Aisha Rahman,2024-10-12,Health,Doctor visit,793.2
aisha@example.com,Aisha Rahman,2024-10-15,Transport,Fuel / commute,288.43
aisha@example.com,Aisha Rahman,2024-10-16,Entertainment,Movies / dining out,942.62
aisha@example.com,Aisha Rahman,2024-10-17,Food & Groceries,Supermarket run,3461.55
aisha@example.com,Aisha Rahman,2024-10-18,Transport,Fuel / commute,323.02
aisha@example.com,Aisha Rahman,2024-10-20,Food & Groceries,Vegetables and fruit,879.83
aisha@example.com,Aisha Rahman,2024-10-22,Transport,Fuel / commute,268.96
aisha@example.com,Aisha Rahman,2024-10-24,Food & Groceries,Supermarket run,3667.72
aisha@example.com,Aisha Rahman,2024-10-25,Transport,Fuel / commute,268.78
aisha@example.com,Aisha Rahman,2024-10-27,Entertainment,Movies / dining out,737.12
aisha@example.com,Aisha Rahman,2024-10-29,Transport,Fuel / commute,317.19
aisha@example.com,Aisha Rahman,2024-11-01,Rent,Monthly rent,15699.29
aisha@example.com,Aisha Rahman,2024-11-02,Transport,Fuel / commute,295.59
aisha@example.com,Aisha Rahman,2024-11-03,Food & Groceries,Supermarket run,3545.56
aisha@example.com,Aisha Rahman,2024-11-04,Transport,Fuel / commute,338.35
aisha@example.com,Aisha Rahman,2024-11-06,Food & Groceries,Vegetables and fruit,750.33
aisha@example.com,Aisha Rahman,2024-11-07,Entertainment,Movies / dining out,1098.87
aisha@example.com,Aisha Rahman,2024-11-08,Utilities,Electricity bill,1734.41
aisha@example.com,Aisha Rahman,2024-11-08,Transport,Fuel / commute,232.73
aisha@example.com,Aisha Rahman,2024-11-10,Utilities,Broadband internet,1485.32
aisha@example.com,Aisha Rahman,2024-11-10,Food & Groceries,Supermarket run,3277.55
aisha@example.com,Aisha Rahman,2024-11-11,Transport,Fuel / commute,295.77
aisha@example.com,Aisha Rahman,2024-11-12,Health,Doctor visit,849.23
aisha@example.com,Aisha Rahman,2024-11-15,Transport,Fuel / commute,287.25
aisha@example.com,Aisha Rahman,2024-11-16,Entertainment,Movies / dining out,828.45
aisha@example.com,Aisha Rahman,2024-11-17,Food & Groceries,Supermarket run,3489.5
aisha@example.com,Aisha Rahman,2024-11-18,Transport,Fuel / commute,339.57
aisha@example.com,Aisha Rahman,2024-11-20,Food & Groceries,Vegetables and fruit,873.05
aisha@example.com,Aisha Rahman,2024-11-22,Transport,Fuel / commute,329.22
aisha@example.com,Aisha Rahman,2024-11-24,Food & Groceries,Supermarket run,3099.69
aisha@example.com,Aisha Rahman,2024-11-25,Transport,Fuel / commute,328.11
aisha@example.com,Aisha Rahman,2024-11-27,Entertainment,Movies / dining out,824.28
aisha@example.com,Aisha Rahman,2024-11-29,Transport,Fuel / commute,360.98
aisha@example.com,Aisha Rahman,2024-12-01,Rent,Monthly rent,15672.18
aisha@example.com,Aisha Rahman,2024-12-02,Transport,Fuel / commute,336.67
aisha@example.com,Aisha Rahman,2024-12-03,Food & Groceries,Supermarket run,2750.54
aisha@example.com,Aisha Rahman,2024-12-04,Transport,Fuel / commute,293.19
aisha@example.com,Aisha Rahman,2024-12-06,Food & Groceries,Vegetables and fruit,677.72
aisha@example.com,Aisha Rahman,2024-12-07,Entertainment,Movies / dining out,784.21
aisha@example.com,Aisha Rahman,2024-12-08,Utilities,Electricity bill,1701.73
aisha@example.com,Aisha Rahman,2024-12-08,Transport,Fuel / commute,351.02
aisha@example.com,Aisha Rahman,2024-12-10,Utilities,Broadband internet,1492.58
aisha@example.com,Aisha Rahman,2024-12-10,Food & Groceries,Supermarket run,2617.97
aisha@example.com,Aisha Rahman,2024-12-11,Transport,Fuel / commute,304.12
aisha@example.com,Aisha Rahman,2024-12-12,Health,Doctor visit,820.78
aisha@example.com,Aisha Rahman,2024-12-15,Transport,Fuel / commute,310.39
aisha@example.com,Aisha Rahman,2024-12-16,Entertainment,Movies / dining out,758.87
aisha@example.com,Aisha Rahman,2024-12-17,Food & Groceries,Supermarket run,2613.59
aisha@example.com,Aisha Rahman,2024-12-18,Transport,Fuel / commute,295.49
aisha@example.com,Aisha Rahman,2024-12-20,Food & Groceries,Vegetables and fruit,802.39
aisha@example.com,Aisha Rahman,2024-12-22,Transport,Fuel / commute,286.4
aisha@example.com,Aisha Rahman,2024-12-24,Food & Groceries,Supermarket run,2845.7
aisha@example.com,Aisha Rahman,2024-12-25,Transport,Fuel / commute,285.5
aisha@example.com,Aisha Rahman,2024-12-27,Entertainment,Movies / dining out,796.55
aisha@example.com,Aisha Rahman,2024-12-29,Transport,Fuel / commute,315.5
aisha@example.com,Aisha Rahman,2025-01-01,Rent,Monthly rent,15879.46
aisha@example.com,Aisha Rahman,2025-01-02,Transport,Fuel / commute,296.89
aisha@example.com,Aisha Rahman,2025-01-03,Food & Groceries,Supermarket run,2182.75
aisha@example.com,Aisha Rahman,2025-01-04,Transport,Fuel / commute,362.36
aisha@example.com,Aisha Rahman,2025-01-05,Rent,Society maintenance,2885.17
aisha@example.com,Aisha Rahman,2025-01-06,Food & Groceries,Vegetables and fruit,835.66
aisha@example.com,Aisha Rahman,2025-01-07,Entertainment,Movies / dining out,749.27
aisha@example.com,Aisha Rahman,2025-01-08,Utilities,Electricity bill,1611.69
aisha@example.com,Aisha Rahman,2025-01-08,Transport,Fuel / commute,333.09
aisha@example.com,Aisha Rahman,2025-01-10,Utilities,Broadband internet,1485.85
aisha@example.com,Aisha Rahman,2025-01-10,Food & Groceries,Supermarket run,2593.62
aisha@example.com,Aisha Rahman,2025-01-11,Transport,Fuel / commute,330.2
aisha@example.com,Aisha Rahman,2025-01-15,Transport,Fuel / commute,261.27
aisha@example.com,Aisha Rahman,2025-01-16,Entertainment,Movies / dining out,793.26
aisha@example.com,Aisha Rahman,2025-01-17,Food & Groceries,Supermarket run,2219.1
aisha@example.com,Aisha Rahman,2025-01-18,Transport,Fuel / commute,368.99
aisha@example.com,Aisha Rahman,2025-01-20,Food & Groceries,Vegetables and fruit,865.63
aisha@example.com,Aisha Rahman,2025-01-22,Transport,Fuel / commute,276.95
aisha@example.com,Aisha Rahman,2025-01-24,Food & Groceries,Supermarket run,2341.92
aisha@example.com,Aisha Rahman,2025-01-25,Transport,Fuel / commute,370.39
aisha@example.com,Aisha Rahman,2025-01-27,Entertainment,Movies / dining out,444.72
aisha@example.com,Aisha Rahman,2025-01-29,Transport,Fuel / commute,380.86
aisha@example.com,Aisha Rahman,2025-02-01,Rent,Monthly rent,15819.21
aisha@example.com,Aisha Rahman,2025-02-02,Transport,Fuel / commute,328.04
aisha@example.com,Aisha Rahman,2025-02-03,Food & Groceries,Supermarket run,2472.53
aisha@example.com,Aisha Rahman,2025-02-04,Transport,Fuel / commute,298.76
aisha@example.com,Aisha Rahman,2025-02-06,Food & Groceries,Vegetables and fruit,812.79
aisha@example.com,Aisha Rahman,2025-02-07,Entertainment,Movies / dining out,737.61
aisha@example.com,Aisha Rahman,2025-02-08,Utilities,Electricity bill,1721.43
aisha@example.com,Aisha Rahman,2025-02-08,Transport,Fuel / commute,298.11
aisha@example.com,Aisha Rahman,2025-02-10,Utilities,Broadband internet,1485.04
aisha@example.com,Aisha Rahman,2025-02-10,Food & Groceries,Supermarket run,2436.67
aisha@example.com,Aisha Rahman,2025-02-11,Transport,Fuel / commute,243.94
aisha@example.com,Aisha Rahman,2025-02-12,Health,Doctor visit,803.37
aisha@example.com,Aisha Rahman,2025-02-15,Transport,Fuel / commute,327.33
aisha@example.com,Aisha Rahman,2025-02-16,Entertainment,Movies / dining out,681.18
aisha@example.com,Aisha Rahman,2025-02-17,Food & Groceries,Supermarket run,2290.98
aisha@example.com,Aisha Rahman,2025-02-18,Transport,Fuel / commute,281.74
aisha@example.com,Aisha Rahman,2025-02-20,Food & Groceries,Vegetables and fruit,843.36
aisha@example.com,Aisha Rahman,2025-02-21,Health,Pharmacy / lab tests,1871.87
aisha@example.com,Aisha Rahman,2025-02-22,Transport,Fuel / commute,334.98
aisha@example.com,Aisha Rahman,2025-02-24,Food & Groceries,Supermarket run,2403.38
aisha@example.com,Aisha Rahman,2025-02-25,Transport,Fuel / commute,355.98
aisha@example.com,Aisha Rahman,2025-02-27,Entertainment,Movies / dining out,660.07
aisha@example.com,Aisha Rahman,2025-03-01,Rent,Monthly rent,15976.29
aisha@example.com,Aisha Rahman,2025-03-02,Transport,Fuel / commute,313.08
aisha@example.com,Aisha Rahman,2025-03-03,Food & Groceries,Supermarket run,2473.21
aisha@example.com,Aisha Rahman,2025-03-04,Transport,Fuel / commute,251.44
aisha@example.com,Aisha Rahman,2025-03-06,Food & Groceries,Vegetables and fruit,817.1
aisha@example.com,Aisha Rahman,2025-03-07,Entertainment,Movies / dining out,586.12
aisha@example.com,Aisha Rahman,2025-03-08,Utilities,Electricity bill,1831.08
aisha@example.com,Aisha Rahman,2025-03-08,Transport,Fuel / commute,332.2
aisha@example.com,Aisha Rahman,2025-03-10,Utilities,Broadband internet,1509.06
aisha@example.com,Aisha Rahman,2025-03-10,Food & Groceries,Supermarket run,2710.6
aisha@example.com,Aisha Rahman,2025-03-11,Transport,Fuel / commute,298.71
aisha@example.com,Aisha Rahman,2025-03-12,Health,Doctor visit,861.08
aisha@example.com,Aisha Rahman,2025-03-15,Transport,Fuel / commute,325.54
aisha@example.com,Aisha Rahman,2025-03-16,Entertainment,Movies / dining out,758.61
aisha@example.com,Aisha Rahman,2025-03-17,Food & Groceries,Supermarket run,2758.03
aisha@example.com,Aisha Rahman,2025-03-18,Transport,Fuel / commute,317.04
aisha@example.com,Aisha Rahman,2025-03-20,Food & Groceries,Vegetables and fruit,926.99
aisha@example.com,Aisha Rahman,2025-03-22,Transport,Fuel / commute,315.04
aisha@example.com,Aisha Rahman,2025-03-24,Food & Groceries,Supermarket run,2740.32
aisha@example.com,Aisha Rahman,2025-03-24,Food & Groceries,Kirana store top-up,1495.07
aisha@example.com,Aisha Rahman,2025-03-25,Transport,Fuel / commute,306.65
aisha@example.com,Aisha Rahman,2025-03-27,Entertainment,Movies / dining out,641.19
aisha@example.com,Aisha Rahman,2025-03-29,Transport,Fuel / commute,337.45
aisha@example.com,Aisha Rahman,2025-04-01,Rent,Monthly rent,15922.52
aisha@example.com,Aisha Rahman,2025-04-02,Transport,Fuel / commute,324.78
aisha@example.com,Aisha Rahman,2025-04-03,Food & Groceries,Supermarket run,2672.13
aisha@example.com,Aisha Rahman,2025-04-04,Transport,Fuel / commute,308.95
aisha@example.com,Aisha Rahman,2025-04-05,Rent,Society maintenance,2798.05
aisha@example.com,Aisha Rahman,2025-04-06,Food & Groceries,Vegetables and fruit,830.11
aisha@example.com,Aisha Rahman,2025-04-07,Entertainment,Movies / dining out,759.36
aisha@example.com,Aisha Rahman,2025-04-08,Utilities,Electricity bill,1936.24
aisha@example.com,Aisha Rahman,2025-04-08,Transport,Fuel / commute,289.01
aisha@example.com,Aisha Rahman,2025-04-10,Utilities,Broadband internet,1491.11
aisha@example.com,Aisha Rahman,2025-04-10,Food & Groceries,Supermarket run,2822.24
aisha@example.com,Aisha Rahman,2025-04-11,Transport,Fuel / commute,355.61
aisha@example.com,Aisha Rahman,2025-04-12,Health,Doctor visit,897.44
aisha@example.com,Aisha Rahman,2025-04-15,Transport,Fuel / commute,289.26
aisha@example.com,Aisha Rahman,2025-04-16,Entertainment,Movies / dining out,890.7
aisha@example.com,Aisha Rahman,2025-04-17,Food & Groceries,Supermarket run,2941.85
aisha@example.com,Aisha Rahman,2025-04-18,Transport,Fuel / commute,298.43
aisha@example.com,Aisha Rahman,2025-04-20,Food & Groceries,Vegetables and fruit,826.99
aisha@example.com,Aisha Rahman,2025-04-21,Health,Pharmacy / lab tests,1987.41
aisha@example.com,Aisha Rahman,2025-04-22,Transport,Fuel / commute,250.21
aisha@example.com,Aisha Rahman,2025-04-24,Food & Groceries,Supermarket run,2595.26
aisha@example.com,Aisha Rahman,2025-04-25,Transport,Fuel / commute,282.79
aisha@example.com,Aisha Rahman,2025-04-27,Entertainment,Movies / dining out,648.34
aisha@example.com,Aisha Rahman,2025-04-29,Transport,Fuel / commute,328.42
aisha@example.com,Aisha Rahman,2025-05-01,Rent,Monthly rent,15994.73
aisha@example.com,Aisha Rahman,2025-05-02,Transport,Fuel / commute,283.26
aisha@example.com,Aisha Rahman,2025-05-03,Food & Groceries,Supermarket run,2726.02
aisha@example.com,Aisha Rahman,2025-05-04,Transport,Fuel / commute,277.82
aisha@example.com,Aisha Rahman,2025-05-06,Food & Groceries,Vegetables and fruit,773.04
aisha@example.com,Aisha Rahman,2025-05-07,Entertainment,Movies / dining out,645.66
aisha@example.com,Aisha Rahman,2025-05-08,Utilities,Electricity bill,2052.79
aisha@example.com,Aisha Rahman,2025-05-08,Transport,Fuel / commute,283.59
aisha@example.com,Aisha Rahman,2025-05-10,Utilities,Broadband internet,1503.41
aisha@example.com,Aisha Rahman,2025-05-10,Food & Groceries,Supermarket run,2898.66
aisha@example.com,Aisha Rahman,2025-05-11,Transport,Fuel / commute,340.88
aisha@example.com,Aisha Rahman,2025-05-15,Transport,Fuel / commute,292.03
aisha@example.com,Aisha Rahman,2025-05-16,Entertainment,Movies / dining out,782.99
aisha@example.com,Aisha Rahman,2025-05-17,Food & Groceries,Supermarket run,3074.13
aisha@example.com,Aisha Rahman,2025-05-18,Transport,Fuel / commute,393.93
aisha@example.com,Aisha Rahman,2025-05-20,Food & Groceries,Vegetables and fruit,835.83
aisha@example.com,Aisha Rahman,2025-05-22,Transport,Fuel / commute,325.68
aisha@example.com,Aisha Rahman,2025-05-24,Food & Groceries,Supermarket run,3376.63
aisha@example.com,Aisha Rahman,2025-05-25,Transport,Fuel / commute,272.6
aisha@example.com,Aisha Rahman,2025-05-27,Entertainment,Movies / dining out,573.91
aisha@example.com,Aisha Rahman,2025-05-29,Transport,Fuel / commute,296.55
aisha@example.com,Aisha Rahman,2025-06-01,Rent,Monthly rent,16007.18
aisha@example.com,Aisha Rahman,2025-06-02,Transport,Fuel / commute,349.84
aisha@example.com,Aisha Rahman,2025-06-03,Food & Groceries,Supermarket run,3202.5
aisha@example.com,Aisha Rahman,2025-06-04,Transport,Fuel / commute,290.44
aisha@example.com,Aisha Rahman,2025-06-06,Food & Groceries,Vegetables and fruit,787.76
aisha@example.com,Aisha Rahman,2025-06-07,Entertainment,Movies / dining out,575.97
aisha@example.com,Aisha Rahman,2025-06-08,Utilities,Electricity bill,2412.62
aisha@example.com,Aisha Rahman,2025-06-08,Transport,Fuel / commute,221.02
aisha@example.com,Aisha Rahman,2025-06-10,Utilities,Broadband internet,1500.48
aisha@example.com,Aisha Rahman,2025-06-10,Food & Groceries,Supermarket run,3266.4
aisha@example.com,Aisha Rahman,2025-06-11,Transport,Fuel / commute,377.04
aisha@example.com,Aisha Rahman,2025-06-12,Health,Doctor visit,789.03
aisha@example.com,Aisha Rahman,2025-06-15,Transport,Fuel / commute,281.18
aisha@example.com,Aisha Rahman,2025-06-16,Entertainment,Movies / dining out,702.23
aisha@example.com,Aisha Rahman,2025-06-17,Food & Groceries,Supermarket run,2994.7
aisha@example.com,Aisha Rahman,2025-06-18,Transport,Fuel / commute,301.93
aisha@example.com,Aisha Rahman,2025-06-20,Food & Groceries,Vegetables and fruit,770.85
aisha@example.com,Aisha Rahman,2025-06-22,Transport,Fuel / commute,372.39
aisha@example.com,Aisha Rahman,2025-06-24,Food & Groceries,Supermarket run,3094.02
aisha@example.com,Aisha Rahman,2025-06-25,Transport,Fuel / commute,305.84
aisha@example.com,Aisha Rahman,2025-06-27,Entertainment,Movies / dining out,747.73
aisha@example.com,Aisha Rahman,2025-06-29,Transport,Fuel / commute,305.03
aisha@example.com,Aisha Rahman,2025-07-01,Rent,Monthly rent,16032.32
aisha@example.com,Aisha Rahman,2025-07-02,Transport,Fuel / commute,342.78
aisha@example.com,Aisha Rahman,2025-07-03,Food & Groceries,Supermarket run,3198.94
aisha@example.com,Aisha Rahman,2025-07-04,Transport,Fuel / commute,349.38
aisha@example.com,Aisha Rahman,2025-07-05,Rent,Society maintenance,2679.35
aisha@example.com,Aisha Rahman,2025-07-06,Food & Groceries,Vegetables and fruit,824.49
aisha@example.com,Aisha Rahman,2025-07-07,Entertainment,Movies / dining out,827.25
aisha@example.com,Aisha Rahman,2025-07-08,Utilities,Electricity bill,2489.26
aisha@example.com,Aisha Rahman,2025-07-08,Transport,Fuel / commute,302.26
aisha@example.com,Aisha Rahman,2025-07-10,Utilities,Broadband internet,1521.49
aisha@example.com,Aisha Rahman,2025-07-10,Food & Groceries,Supermarket run,3412.57
aisha@example.com,Aisha Rahman,2025-07-11,Transport,Fuel / commute,318.62
aisha@example.com,Aisha Rahman,2025-07-12,Health,Doctor visit,921.35
aisha@example.com,Aisha Rahman,2025-07-15,Transport,Fuel / commute,333.93
aisha@example.com,Aisha Rahman,2025-07-16,Entertainment,Movies / dining out,601.73
aisha@example.com,Aisha Rahman,2025-07-17,Food & Groceries,Supermarket run,3262.5
aisha@example.com,Aisha Rahman,2025-07-18,Transport,Fuel / commute,297.68
aisha@example.com,Aisha Rahman,2025-07-20,Food & Groceries,Vegetables and fruit,889.3
aisha@example.com,Aisha Rahman,2025-07-22,Transport,Fuel / commute,269.56
aisha@example.com,Aisha Rahman,2025-07-24,Food & Groceries,Supermarket run,3109.76
aisha@example.com,Aisha Rahman,2025-07-25,Transport,Fuel / commute,281.86
aisha@example.com,Aisha Rahman,2025-07-27,Entertainment,Movies / dining out,667.16
aisha@example.com,Aisha Rahman,2025-07-29,Transport,Fuel / commute,303.03
aisha@example.com,Aisha Rahman,2025-08-01,Rent,Monthly rent,16232.79
aisha@example.com,Aisha Rahman,2025-08-02,Transport,Fuel / commute,296.04
aisha@example.com,Aisha Rahman,2025-08-03,Food & Groceries,Supermarket run,2959.88
aisha@example.com,Aisha Rahman,2025-08-04,Transport,Fuel / commute,287.66
aisha@example.com,Aisha Rahman,2025-08-06,Food & Groceries,Vegetables and fruit,815.43
aisha@example.com,Aisha Rahman,2025-08-07,Entertainment,Movies / dining out,767.27
aisha@example.com,Aisha Rahman,2025-08-08,Utilities,Electricity bill,2478.9
aisha@example.com,Aisha Rahman,2025-08-08,Transport,Fuel / commute,251.38
aisha@example.com,Aisha Rahman,2025-08-10,Utilities,Broadband internet,1517.8
aisha@example.com,Aisha Rahman,2025-08-10,Food & Groceries,Supermarket run,3315.97
aisha@example.com,Aisha Rahman,2025-08-11,Transport,Fuel / commute,315.92
aisha@example.com,Aisha Rahman,2025-08-12,Health,Doctor visit,825.96
aisha@example.com,Aisha Rahman,2025-08-15,Transport,Fuel / commute,319.07
aisha@example.com,Aisha Rahman,2025-08-16,Entertainment,Movies / dining out,676.94
aisha@example.com,Aisha Rahman,2025-08-17,Food & Groceries,Supermarket run,2887.95
aisha@example.com,Aisha Rahman,2025-08-17,Food & Groceries,Kirana store top-up,1805.51
aisha@example.com,Aisha Rahman,2025-08-18,Transport,Fuel / commute,342.64
aisha@example.com,Aisha Rahman,2025-08-20,Food & Groceries,Vegetables and fruit,987.06
aisha@example.com,Aisha Rahman,2025-08-22,Transport,Fuel / commute,347.19
aisha@example.com,Aisha Rahman,2025-08-24,Food & Groceries,Supermarket run,2848.45
aisha@example.com,Aisha Rahman,2025-08-25,Transport,Fuel / commute,305.57
aisha@example.com,Aisha Rahman,2025-08-27,Entertainment,Movies / dining out,760.55
aisha@example.com,Aisha Rahman,2025-08-29,Transport,Fuel / commute,333.87
aisha@example.com,Aisha Rahman,2025-09-01,Rent,Monthly rent,16301.42
aisha@example.com,Aisha Rahman,2025-09-02,Transport,Fuel / commute,325.55
aisha@example.com,Aisha Rahman,2025-09-03,Food & Groceries,Supermarket run,3092.06
aisha@example.com,Aisha Rahman,2025-09-04,Transport,Fuel / commute,296.48
aisha@example.com,Aisha Rahman,2025-09-06,Food & Groceries,Vegetables and fruit,891.82
aisha@example.com,Aisha Rahman,2025-09-07,Entertainment,Movies / dining out,654.61
aisha@example.com,Aisha Rahman,2025-09-08,Utilities,Electricity bill,2252.93
aisha@example.com,Aisha Rahman,2025-09-08,Transport,Fuel / commute,301.6
aisha@example.com,Aisha Rahman,2025-09-10,Utilities,Broadband internet,1525.68
aisha@example.com,Aisha Rahman,2025-09-10,Food & Groceries,Supermarket run,3021.04
aisha@example.com,Aisha Rahman,2025-09-11,Transport,Fuel / commute,264.08
aisha@example.com,Aisha Rahman,2025-09-12,Health,Doctor visit,866.78
aisha@example.com,Aisha Rahman,2025-09-15,Transport,Fuel / commute,376.49
aisha@example.com,Aisha Rahman,2025-09-16,Entertainment,Movies / dining out,638.93
aisha@example.com,Aisha Rahman,2025-09-17,Food & Groceries,Supermarket run,2991.92
aisha@example.com,Aisha Rahman,2025-09-18,Transport,Fuel / commute,293.53
aisha@example.com,Aisha Rahman,2025-09-20,Food & Groceries,Vegetables and fruit,935.19
aisha@example.com,Aisha Rahman,2025-09-22,Transport,Fuel / commute,350.36
aisha@example.com,Aisha Rahman,2025-09-24,Food & Groceries,Supermarket run,3092.76
aisha@example.com,Aisha Rahman,2025-09-25,Transport,Fuel / commute,324.33
aisha@example.com,Aisha Rahman,2025-09-27,Entertainment,Movies / dining out,872.9
aisha@example.com,Aisha Rahman,2025-09-29,Transport,Fuel / commute,325.35
aisha@example.com,Aisha Rahman,2025-10-01,Rent,Monthly rent,16232.84
aisha@example.com,Aisha Rahman,2025-10-02,Transport,Fuel / commute,287.78
aisha@example.com,Aisha Rahman,2025-10-03,Food & Groceries,Supermarket run,4107.55
aisha@example.com,Aisha Rahman,2025-10-04,Transport,Fuel / commute,345.61
aisha@example.com,Aisha Rahman,2025-10-05,Rent,Society maintenance,2844.81
aisha@example.com,Aisha Rahman,2025-10-06,Food & Groceries,Vegetables and fruit,819.51
aisha@example.com,Aisha Rahman,2025-10-07,Entertainment,Movies / dining out,934.99
aisha@example.com,Aisha Rahman,2025-10-08,Utilities,Electricity bill,1971.87
aisha@example.com,Aisha Rahman,2025-10-08,Transport,Fuel / commute,226.77
aisha@example.com,Aisha Rahman,2025-10-10,Utilities,Broadband internet,1517.19
aisha@example.com,Aisha Rahman,2025-10-10,Food & Groceries,Supermarket run,3763.66
aisha@example.com,Aisha Rahman,2025-10-11,Transport,Fuel / commute,293.71
aisha@example.com,Aisha Rahman,2025-10-12,Health,Doctor visit,824.5
aisha@example.com,Aisha Rahman,2025-10-15,Transport,Fuel / commute,308.37
aisha@example.com,Aisha Rahman,2025-10-16,Entertainment,Movies / dining out,995.5
aisha@example.com,Aisha Rahman,2025-10-17,Food & Groceries,Supermarket run,3936.51
aisha@example.com,Aisha Rahman,2025-10-18,Transport,Fuel / commute,380.68
aisha@example.com,Aisha Rahman,2025-10-20,Food & Groceries,Vegetables and fruit,927.99
aisha@example.com,Aisha Rahman,2025-10-22,Transport,Fuel / commute,270.67
aisha@example.com,Aisha Rahman,2025-10-24,Food & Groceries,Supermarket run,3530.91
aisha@example.com,Aisha Rahman,2025-10-25,Transport,Fuel / commute,340.19
aisha@example.com,Aisha Rahman,2025-10-27,Entertainment,Movies / dining out,804.85
aisha@example.com,Aisha Rahman,2025-10-29,Transport,Fuel / commute,354.77
aisha@example.com,Aisha Rahman,2025-11-01,Rent,Monthly rent,16281.23
aisha@example.com,Aisha Rahman,2025-11-02,Transport,Fuel / commute,347.26
aisha@example.com,Aisha Rahman,2025-11-03,Food & Groceries,Supermarket run,3536.09
aisha@example.com,Aisha Rahman,2025-11-04,Transport,Fuel / commute,368.7
aisha@example.com,Aisha Rahman,2025-11-06,Food & Groceries,Vegetables and fruit,918.46
aisha@example.com,Aisha Rahman,2025-11-07,Entertainment,Movies / dining out,912.69
aisha@example.com,Aisha Rahman,2025-11-08,Utilities,Electricity bill,1876.39
aisha@example.com,Aisha Rahman,2025-11-08,Transport,Fuel / commute,336.02
aisha@example.com,Aisha Rahman,2025-11-10,Utilities,Broadband internet,1531.64
aisha@example.com,Aisha Rahman,2025-11-10,Food & Groceries,Supermarket run,3688.1
aisha@example.com,Aisha Rahman,2025-11-11,Transport,Fuel / commute,388.83
aisha@example.com,Aisha Rahman,2025-11-12,Health,Doctor visit,703.82
aisha@example.com,Aisha Rahman,2025-11-15,Transport,Fuel / commute,334.82
aisha@example.com,Aisha Rahman,2025-11-16,Entertainment,Movies / dining out,984.46
aisha@example.com,Aisha Rahman,2025-11-17,Food & Groceries,Supermarket run,3304.43
aisha@example.com,Aisha Rahman,2025-11-18,Transport,Fuel / commute,327.22
aisha@example.com,Aisha Rahman,2025-11-20,Food & Groceries,Vegetables and fruit,835.37
aisha@example.com,Aisha Rahman,2025-11-22,Transport,Fuel / commute,324.88
aisha@example.com,Aisha Rahman,2025-11-23,Food & Groceries,Kirana store top-up,1490.98
aisha@example.com,Aisha Rahman,2025-11-24,Food & Groceries,Supermarket run,3162.34
aisha@example.com,Aisha Rahman,2025-11-25,Transport,Fuel / commute,267.06
aisha@example.com,Aisha Rahman,2025-11-27,Entertainment,Movies / dining out,888.71
aisha@example.com,Aisha Rahman,2025-11-29,Transport,Fuel / commute,351.99
aisha@example.com,Aisha Rahman,2025-12-01,Rent,Monthly rent,16265.78
aisha@example.com,Aisha Rahman,2025-12-02,Transport,Fuel / commute,318.07
aisha@example.com,Aisha Rahman,2025-12-03,Food & Groceries,Supermarket run,2393.79
aisha@example.com,Aisha Rahman,2025-12-04,Transport,Fuel / commute,275.13
aisha@example.com,Aisha Rahman,2025-12-06,Food & Groceries,Vegetables and fruit,881.18
aisha@example.com,Aisha Rahman,2025-12-07,Entertainment,Movies / dining out,678.7
aisha@example.com,Aisha Rahman,2025-12-08,Utilities,Electricity bill,1742.88
aisha@example.com,Aisha Rahman,2025-12-08,Transport,Fuel / commute,265.6
aisha@example.com,Aisha Rahman,2025-12-10,Utilities,Broadband internet,1521.86
aisha@example.com,Aisha Rahman,2025-12-10,Food & Groceries,Supermarket run,2411.67
aisha@example.com,Aisha Rahman,2025-12-11,Transport,Fuel / commute,259.73
aisha@example.com,Aisha Rahman,2025-12-12,Health,Doctor visit,991.23
aisha@example.com,Aisha Rahman,2025-12-15,Food & Groceries,Kirana store top-up,1483.77
aisha@example.com,Aisha Rahman,2025-12-15,Transport,Fuel / commute,341.37
aisha@example.com,Aisha Rahman,2025-12-16,Entertainment,Movies / dining out,789.01
aisha@example.com,Aisha Rahman,2025-12-17,Food & Groceries,Supermarket run,2563.2
aisha@example.com,Aisha Rahman,2025-12-18,Transport,Fuel / commute,303.86
aisha@example.com,Aisha Rahman,2025-12-20,Food & Groceries,Vegetables and fruit,909.55
aisha@example.com,Aisha Rahman,2025-12-22,Transport,Fuel / commute,245.59
aisha@example.com,Aisha Rahman,2025-12-24,Food & Groceries,Supermarket run,2569.91
aisha@example.com,Aisha Rahman,2025-12-25,Transport,Fuel / commute,314.3
aisha@example.com,Aisha Rahman,2025-12-27,Entertainment,Movies / dining out,824.67
aisha@example.com,Aisha Rahman,2025-12-29,Transport,Fuel / commute,269.24
aisha@example.com,Aisha Rahman,2026-01-01,Rent,Monthly rent,16333.09
aisha@example.com,Aisha Rahman,2026-01-02,Transport,Fuel / commute,308.73
aisha@example.com,Aisha Rahman,2026-01-03,Food & Groceries,Supermarket run,2460.04
aisha@example.com,Aisha Rahman,2026-01-04,Transport,Fuel / commute,298.26
aisha@example.com,Aisha Rahman,2026-01-05,Rent,Society maintenance,2877.1
aisha@example.com,Aisha Rahman,2026-01-06,Food & Groceries,Vegetables and fruit,836.68
aisha@example.com,Aisha Rahman,2026-01-07,Entertainment,Movies / dining out,632.43
aisha@example.com,Aisha Rahman,2026-01-08,Utilities,Electricity bill,1690.01
aisha@example.com,Aisha Rahman,2026-01-08,Transport,Fuel / commute,347.74
aisha@example.com,Aisha Rahman,2026-01-10,Utilities,Broadband internet,1548.79
aisha@example.com,Aisha Rahman,2026-01-10,Food & Groceries,Supermarket run,2476.79
aisha@example.com,Aisha Rahman,2026-01-11,Transport,Fuel / commute,333.75
aisha@example.com,Aisha Rahman,2026-01-12,Health,Doctor visit,824.62
aisha@example.com,Aisha Rahman,2026-01-15,Transport,Fuel / commute,290.65
aisha@example.com,Aisha Rahman,2026-01-16,Entertainment,Movies / dining out,601.41
aisha@example.com,Aisha Rahman,2026-01-17,Food & Groceries,Supermarket run,2383.38
aisha@example.com,Aisha Rahman,2026-01-18,Transport,Fuel / commute,300.15
aisha@example.com,Aisha Rahman,2026-01-20,Food & Groceries,Vegetables and fruit,697.76
aisha@example.com,Aisha Rahman,2026-01-22,Transport,Fuel / commute,308.68
aisha@example.com,Aisha Rahman,2026-01-24,Food & Groceries,Supermarket run,2408.51
aisha@example.com,Aisha Rahman,2026-01-25,Transport,Fuel / commute,374.26
aisha@example.com,Aisha Rahman,2026-01-27,Entertainment,Movies / dining out,758.45
aisha@example.com,Aisha Rahman,2026-01-29,Transport,Fuel / commute,286.28
aisha@example.com,Aisha Rahman,2026-02-01,Rent,Monthly rent,16403.97
aisha@example.com,Aisha Rahman,2026-02-02,Transport,Fuel / commute,342.71
aisha@example.com,Aisha Rahman,2026-02-03,Food & Groceries,Supermarket run,2741.97
aisha@example.com,Aisha Rahman,2026-02-04,Transport,Fuel / commute,331.57
aisha@example.com,Aisha Rahman,2026-02-06,Food & Groceries,Vegetables and fruit,800.23
aisha@example.com,Aisha Rahman,2026-02-07,Entertainment,Movies / dining out,741.06
aisha@example.com,Aisha Rahman,2026-02-08,Utilities,Electricity bill,1801.06
aisha@example.com,Aisha Rahman,2026-02-08,Transport,Fuel / commute,302.77
aisha@example.com,Aisha Rahman,2026-02-10,Utilities,Broadband internet,1535.47
aisha@example.com,Aisha Rahman,2026-02-10,Food & Groceries,Supermarket run,2705.9
aisha@example.com,Aisha Rahman,2026-02-11,Transport,Fuel / commute,320.0
aisha@example.com,Aisha Rahman,2026-02-15,Transport,Fuel / commute,324.85
aisha@example.com,Aisha Rahman,2026-02-16,Entertainment,Movies / dining out,579.82
aisha@example.com,Aisha Rahman,2026-02-17,Food & Groceries,Supermarket run,2634.59
aisha@example.com,Aisha Rahman,2026-02-18,Transport,Fuel / commute,333.84
aisha@example.com,Aisha Rahman,2026-02-20,Food & Groceries,Vegetables and fruit,992.17
aisha@example.com,Aisha Rahman,2026-02-22,Transport,Fuel / commute,346.62
aisha@example.com,Aisha Rahman,2026-02-24,Food & Groceries,Supermarket run,2540.75
aisha@example.com,Aisha Rahman,2026-02-25,Transport,Fuel / commute,288.64
aisha@example.com,Aisha Rahman,2026-02-27,Entertainment,Movies / dining out,705.14
aisha@example.com,Aisha Rahman,2026-03-01,Rent,Monthly rent,16414.07
aisha@example.com,Aisha Rahman,2026-03-02,Transport,Fuel / commute,313.17
aisha@example.com,Aisha Rahman,2026-03-03,Food & Groceries,Supermarket run,2578.46
aisha@example.com,Aisha Rahman,2026-03-04,Transport,Fuel / commute,320.64
aisha@example.com,Aisha Rahman,2026-03-06,Food & Groceries,Vegetables and fruit,811.53
aisha@example.com,Aisha Rahman,2026-03-07,Entertainment,Movies / dining out,695.46
aisha@example.com,Aisha Rahman,2026-03-08,Utilities,Electricity bill,1776.42
aisha@example.com,Aisha Rahman,2026-03-08,Transport,Fuel / commute,312.77
aisha@example.com,Aisha Rahman,2026-03-10,Utilities,Broadband internet,1543.42
aisha@example.com,Aisha Rahman,2026-03-10,Food & Groceries,Supermarket run,2766.82
aisha@example.com,Aisha Rahman,2026-03-11,Transport,Fuel / commute,362.92
aisha@example.com,Aisha Rahman,2026-03-12,Health,Doctor visit,934.94
aisha@example.com,Aisha Rahman,2026-03-15,Transport,Fuel / commute,364.41
aisha@example.com,Aisha Rahman,2026-03-16,Entertainment,Movies / dining out,861.49
aisha@example.com,Aisha Rahman,2026-03-17,Food & Groceries,Supermarket run,2783.86
aisha@example.com,Aisha Rahman,2026-03-17,Food & Groceries,Kirana store top-up,1789.8
aisha@example.com,Aisha Rahman,2026-03-18,Transport,Fuel / commute,362.16
aisha@example.com,Aisha Rahman,2026-03-20,Food & Groceries,Vegetables and fruit,831.06
aisha@example.com,Aisha Rahman,2026-03-22,Transport,Fuel / commute,320.5
aisha@example.com,Aisha Rahman,2026-03-24,Food & Groceries,Supermarket run,2875.34
aisha@example.com,Aisha Rahman,2026-03-25,Transport,Fuel / commute,286.03
aisha@example.com,Aisha Rahman,2026-03-27,Entertainment,Movies / dining out,688.48
aisha@example.com,Aisha Rahman,2026-03-29,Transport,Fuel / commute,393.29
aisha@example.com,Aisha Rahman,2026-04-01,Rent,Monthly rent,16517.46
aisha@example.com,Aisha Rahman,2026-04-02,Transport,Fuel / commute,352.01
aisha@example.com,Aisha Rahman,2026-04-03,Food & Groceries,Supermarket run,3153.32
aisha@example.com,Aisha Rahman,2026-04-04,Transport,Fuel / commute,344.37
aisha@example.com,Aisha Rahman,2026-04-05,Rent,Society maintenance,2776.79
aisha@example.com,Aisha Rahman,2026-04-06,Food & Groceries,Vegetables and fruit,875.09
aisha@example.com,Aisha Rahman,2026-04-07,Entertainment,Movies / dining out,760.68
aisha@example.com,Aisha Rahman,2026-04-08,Utilities,Electricity bill,2025.27
aisha@example.com,Aisha Rahman,2026-04-08,Transport,Fuel / commute,315.75
aisha@example.com,Aisha Rahman,2026-04-10,Utilities,Broadband internet,1566.27
aisha@example.com,Aisha Rahman,2026-04-10,Food & Groceries,Supermarket run,3049.62
aisha@example.com,Aisha Rahman,2026-04-11,Transport,Fuel / commute,350.66
aisha@example.com,Aisha Rahman,2026-04-12,Health,Doctor visit,827.31
aisha@example.com,Aisha Rahman,2026-04-15,Transport,Fuel / commute,368.89
aisha@example.com,Aisha Rahman,2026-04-16,Entertainment,Movies / dining out,783.94
aisha@example.com,Aisha Rahman,2026-04-17,Food & Groceries,Supermarket run,2865.17
aisha@example.com,Aisha Rahman,2026-04-18,Transport,Fuel / commute,354.25
aisha@example.com,Aisha Rahman,2026-04-20,Food & Groceries,Vegetables and fruit,914.78
aisha@example.com,Aisha Rahman,2026-04-22,Transport,Fuel / commute,319.18
aisha@example.com,Aisha Rahman,2026-04-24,Food & Groceries,Supermarket run,2782.89
aisha@example.com,Aisha Rahman,2026-04-25,Transport,Fuel / commute,288.35
aisha@example.com,Aisha Rahman,2026-04-27,Entertainment,Movies / dining out,612.66
aisha@example.com,Aisha Rahman,2026-04-29,Transport,Fuel / commute,287.44
aisha@example.com,Aisha Rahman,2026-05-01,Rent,Monthly rent,16525.56
aisha@example.com,Aisha Rahman,2026-05-02,Transport,Fuel / commute,319.46
aisha@example.com,Aisha Rahman,2026-05-03,Food & Groceries,Supermarket run,2515.15
aisha@example.com,Aisha Rahman,2026-05-04,Transport,Fuel / commute,298.38
aisha@example.com,Aisha Rahman,2026-05-06,Food & Groceries,Vegetables and fruit,845.46
aisha@example.com,Aisha Rahman,2026-05-07,Entertainment,Movies / dining out,613.22
aisha@example.com,Aisha Rahman,2026-05-08,Utilities,Electricity bill,2186.57
aisha@example.com,Aisha Rahman,2026-05-08,Transport,Fuel / commute,305.81
aisha@example.com,Aisha Rahman,2026-05-10,Utilities,Broadband internet,1559.51
aisha@example.com,Aisha Rahman,2026-05-10,Food & Groceries,Supermarket run,2961.73
aisha@example.com,Aisha Rahman,2026-05-11,Transport,Fuel / commute,325.08
aisha@example.com,Aisha Rahman,2026-05-12,Health,Doctor visit,896.46
aisha@example.com,Aisha Rahman,2026-05-15,Transport,Fuel / commute,305.06
aisha@example.com,Aisha Rahman,2026-05-16,Entertainment,Movies / dining out,807.54
aisha@example.com,Aisha Rahman,2026-05-17,Food & Groceries,Supermarket run,2860.76
aisha@example.com,Aisha Rahman,2026-05-18,Transport,Fuel / commute,304.79
aisha@example.com,Aisha Rahman,2026-05-20,Food & Groceries,Vegetables and fruit,837.06
aisha@example.com,Aisha Rahman,2026-05-22,Transport,Fuel / commute,282.39
aisha@example.com,Aisha Rahman,2026-05-24,Food & Groceries,Supermarket run,3294.9
aisha@example.com,Aisha Rahman,2026-05-25,Transport,Fuel / commute,276.85
aisha@example.com,Aisha Rahman,2026-05-27,Entertainment,Movies / dining out,807.9
aisha@example.com,Aisha Rahman,2026-05-29,Transport,Fuel / commute,323.68
aisha@example.com,Aisha Rahman,2026-06-01,Rent,Monthly rent,16673.75
aisha@example.com,Aisha Rahman,2026-06-02,Transport,Fuel / commute,315.5
aisha@example.com,Aisha Rahman,2026-06-03,Food & Groceries,Supermarket run,3279.19
aisha@example.com,Aisha Rahman,2026-06-04,Transport,Fuel / commute,279.05
aisha@example.com,Aisha Rahman,2026-06-06,Food & Groceries,Vegetables and fruit,869.83
aisha@example.com,Aisha Rahman,2026-06-07,Entertainment,Movies / dining out,858.66
aisha@example.com,Aisha Rahman,2026-06-08,Utilities,Electricity bill,2560.38
aisha@example.com,Aisha Rahman,2026-06-08,Transport,Fuel / commute,361.9
aisha@example.com,Aisha Rahman,2026-06-10,Utilities,Broadband internet,1566.9
aisha@example.com,Aisha Rahman,2026-06-10,Food & Groceries,Supermarket run,3472.95
aisha@example.com,Aisha Rahman,2026-06-11,Transport,Fuel / commute,343.29
aisha@example.com,Aisha Rahman,2026-06-12,Health,Doctor visit,831.54
aisha@example.com,Aisha Rahman,2026-06-15,Transport,Fuel / commute,377.55
aisha@example.com,Aisha Rahman,2026-06-16,Entertainment,Movies / dining out,762.28
aisha@example.com,Aisha Rahman,2026-06-17,Food & Groceries,Supermarket run,3165.97
aisha@example.com,Aisha Rahman,2026-06-18,Transport,Fuel / commute,259.26
aisha@example.com,Aisha Rahman,2026-06-20,Food & Groceries,Vegetables and fruit,810.09
aisha@example.com,Aisha Rahman,2026-06-22,Transport,Fuel / commute,395.81
aisha@example.com,Aisha Rahman,2026-06-24,Food & Groceries,Supermarket run,3139.91
aisha@example.com,Aisha Rahman,2026-06-25,Transport,Fuel / commute,261.46
aisha@example.com,Aisha Rahman,2026-06-27,Entertainment,Movies / dining out,720.47
aisha@example.com,Aisha Rahman,2026-06-29,Transport,Fuel / commute,275.92
aisha@example.com,Aisha Rahman,2026-07-01,Rent,Monthly rent,16575.55
aisha@example.com,Aisha Rahman,2026-07-02,Transport,Fuel / commute,309.22
aisha@example.com,Aisha Rahman,2026-07-03,Food & Groceries,Supermarket run,3182.97
aisha@example.com,Aisha Rahman,2026-07-04,Transport,Fuel / commute,237.78
aisha@example.com,Aisha Rahman,2026-07-05,Rent,Society maintenance,2721.93
aisha@example.com,Aisha Rahman,2026-07-06,Food & Groceries,Vegetables and fruit,788.79
aisha@example.com,Aisha Rahman,2026-07-07,Entertainment,Movies / dining out,784.54
aisha@example.com,Aisha Rahman,2026-07-08,Utilities,Electricity bill,2542.24
aisha@example.com,Aisha Rahman,2026-07-08,Transport,Fuel / commute,299.02
aisha@example.com,Aisha Rahman,2026-07-10,Utilities,Broadband internet,1564.42
aisha@example.com,Aisha Rahman,2026-07-10,Food & Groceries,Supermarket run,3047.25
aisha@example.com,Aisha Rahman,2026-07-11,Transport,Fuel / commute,358.67
aisha@example.com,Aisha Rahman,2026-07-15,Transport,Fuel / commute,293.67
aisha@example.com,Aisha Rahman,2026-07-16,Entertainment,Movies / dining out,621.56
aisha@example.com,Aisha Rahman,2026-07-17,Food & Groceries,Supermarket run,3151.9
aisha@example.com,Aisha Rahman,2026-07-18,Transport,Fuel / commute,381.28
aisha@example.com,Aisha Rahman,2026-07-20,Food & Groceries,Vegetables and fruit,957.79
aisha@example.com,Aisha Rahman,2026-07-22,Transport,Fuel / commute,289.97
aisha@example.com,Aisha Rahman,2026-07-24,Food & Groceries,Supermarket run,3097.7
aisha@example.com,Aisha Rahman,2026-07-25,Transport,Fuel / commute,342.72
aisha@example.com,Aisha Rahman,2026-07-27,Entertainment,Movies / dining out,660.14
aisha@example.com,Aisha Rahman,2026-07-29,Transport,Fuel / commute,363.4
aisha@example.com,Aisha Rahman,2026-08-01,Rent,Monthly rent,16685.04
aisha@example.com,Aisha Rahman,2026-08-02,Transport,Fuel / commute,254.77
aisha@example.com,Aisha Rahman,2026-08-03,Food & Groceries,Supermarket run,3369.16
aisha@example.com,Aisha Rahman,2026-08-04,Transport,Fuel / commute,280.71
aisha@example.com,Aisha Rahman,2026-08-06,Food & Groceries,Vegetables and fruit,885.16
aisha@example.com,Aisha Rahman,2026-08-07,Entertainment,Movies / dining out,792.08
aisha@example.com,Aisha Rahman,2026-08-08,Utilities,Electricity bill,2503.03
aisha@example.com,Aisha Rahman,2026-08-08,Transport,Fuel / commute,275.91
aisha@example.com,Aisha Rahman,2026-08-10,Utilities,Broadband internet,1580.84
aisha@example.com,Aisha Rahman,2026-08-10,Food & Groceries,Supermarket run,3076.36
aisha@example.com,Aisha Rahman,2026-08-11,Transport,Fuel / commute,244.54
aisha@example.com,Aisha Rahman,2026-08-12,Health,Doctor visit,863.27
aisha@example.com,Aisha Rahman,2026-08-15,Transport,Fuel / commute,281.36
aisha@example.com,Aisha Rahman,2026-08-16,Entertainment,Movies / dining out,725.2
aisha@example.com,Aisha Rahman,2026-08-17,Food & Groceries,Supermarket run,3016.92
aisha@example.com,Aisha Rahman,2026-08-18,Transport,Fuel / commute,288.37
aisha@example.com,Aisha Rahman,2026-08-20,Food & Groceries,Vegetables and fruit,774.42
aisha@example.com,Aisha Rahman,2026-08-22,Transport,Fuel / commute,306.13
aisha@example.com,Aisha Rahman,2026-08-24,Food & Groceries,Supermarket run,3482.21
aisha@example.com,Aisha Rahman,2026-08-25,Transport,Fuel / commute,389.97
aisha@example.com,Aisha Rahman,2026-08-27,Entertainment,Movies / dining out,782.31
aisha@example.com,Aisha Rahman,2026-08-29,Transport,Fuel / commute,313.74
demo@expenseiq.app,Demo User,2016-01-01,Rent,Monthly rent,8515.24
demo@expenseiq.app,Demo User,2016-01-02,Transport,Fuel / commute,105.03
demo@expenseiq.app,Demo User,2016-01-03,Food & Groceries,Supermarket run,1169.57
demo@expenseiq.app,Demo User,2016-01-04,Transport,Fuel / commute,103.87
demo@expenseiq.app,Demo User,2016-01-05,Rent,Society maintenance,2075.2
demo@expenseiq.app,Demo User,2016-01-06,Food & Groceries,Vegetables and fruit,449.4
demo@expenseiq.app,Demo User,2016-01-07,Entertainment,Movies / dining out,371.57
demo@expenseiq.app,Demo User,2016-01-08,Utilities,Electricity bill,937.52
demo@expenseiq.app,Demo User,2016-01-08,Transport,Fuel / commute,95.75
demo@expenseiq.app,Demo User,2016-01-10,Utilities,Broadband internet,806.52
demo@expenseiq.app,Demo User,2016-01-10,Food & Groceries,Supermarket run,1221.14
demo@expenseiq.app,Demo User,2016-01-11,Transport,Fuel / commute,107.85
demo@expenseiq.app,Demo User,2016-01-12,Health,Doctor visit,697.2
demo@expenseiq.app,Demo User,2016-01-15,Transport,Fuel / commute,100.33
demo@expenseiq.app,Demo User,2016-01-16,Entertainment,Movies / dining out,348.95
demo@expenseiq.app,Demo User,2016-01-17,Food & Groceries,Supermarket run,1334.79
demo@expenseiq.app,Demo User,2016-01-18,Transport,Fuel / commute,85.2
demo@expenseiq.app,Demo User,2016-01-20,Food & Groceries,Vegetables and fruit,419.29
demo@expenseiq.app,Demo User,2016-01-22,Transport,Fuel / commute,99.2
demo@expenseiq.app,Demo User,2016-01-24,Food & Groceries,Supermarket run,1299.5
demo@expenseiq.app,Demo User,2016-01-25,Transport,Fuel / commute,84.07
demo@expenseiq.app,Demo User,2016-01-27,Entertainment,Movies / dining out,435.75
demo@expenseiq.app,Demo User,2016-01-29,Transport,Fuel / commute,105.01
demo@expenseiq.app,Demo User,2016-02-01,Rent,Monthly rent,8534.26
demo@expenseiq.app,Demo User,2016-02-02,Transport,Fuel / commute,91.35
demo@expenseiq.app,Demo User,2016-02-03,Food & Groceries,Supermarket run,1241.52
demo@expenseiq.app,Demo User,2016-02-04,Transport,Fuel / commute,103.87
demo@expenseiq.app,Demo User,2016-02-06,Food & Groceries,Vegetables and fruit,438.35
demo@expenseiq.app,Demo User,2016-02-07,Entertainment,Movies / dining out,354.49
demo@expenseiq.app,Demo User,2016-02-08,Utilities,Electricity bill,820.96
demo@expenseiq.app,Demo User,2016-02-08,Transport,Fuel / commute,84.74
demo@expenseiq.app,Demo User,2016-02-10,Utilities,Broadband internet,791.02
demo@expenseiq.app,Demo User,2016-02-10,Food & Groceries,Supermarket run,1267.85
demo@expenseiq.app,Demo User,2016-02-11,Transport,Fuel / commute,93.07
demo@expenseiq.app,Demo User,2016-02-12,Health,Doctor visit,713.31
demo@expenseiq.app,Demo User,2016-02-15,Transport,Fuel / commute,84.55
demo@expenseiq.app,Demo User,2016-02-16,Entertainment,Movies / dining out,315.47
demo@expenseiq.app,Demo User,2016-02-17,Food & Groceries,Supermarket run,1380.89
demo@expenseiq.app,Demo User,2016-02-18,Transport,Fuel / commute,91.55
demo@expenseiq.app,Demo User,2016-02-20,Food & Groceries,Vegetables and fruit,499.01
demo@expenseiq.app,Demo User,2016-02-22,Transport,Fuel / commute,105.05
demo@expenseiq.app,Demo User,2016-02-24,Food & Groceries,Supermarket run,1275.28
demo@expenseiq.app,Demo User,2016-02-25,Transport,Fuel / commute,75.65
demo@expenseiq.app,Demo User,2016-02-27,Entertainment,Movies / dining out,385.01
demo@expenseiq.app,Demo User,2016-02-29,Transport,Fuel / commute,100.4
demo@expenseiq.app,Demo User,2016-03-01,Rent,Monthly rent,8587.47
demo@expenseiq.app,Demo User,2016-03-02,Transport,Fuel / commute,115.68
demo@expenseiq.app,Demo User,2016-03-03,Food & Groceries,Supermarket run,1451.6
demo@expenseiq.app,Demo User,2016-03-04,Transport,Fuel / commute,93.79
demo@expenseiq.app,Demo User,2016-03-06,Food & Groceries,Vegetables and fruit,404.35
demo@expenseiq.app,Demo User,2016-03-07,Entertainment,Movies / dining out,398.95
demo@expenseiq.app,Demo User,2016-03-08,Utilities,Electricity bill,917.24
demo@expenseiq.app,Demo User,2016-03-08,Transport,Fuel / commute,91.45
demo@expenseiq.app,Demo User,2016-03-10,Utilities,Broadband internet,815.04
demo@expenseiq.app,Demo User,2016-03-10,Food & Groceries,Supermarket run,1545.6
demo@expenseiq.app,Demo User,2016-03-11,Transport,Fuel / commute,112.67
demo@expenseiq.app,Demo User,2016-03-12,Health,Doctor visit,690.85
demo@expenseiq.app,Demo User,2016-03-15,Transport,Fuel / commute,83.12
demo@expenseiq.app,Demo User,2016-03-16,Entertainment,Movies / dining out,448.18
demo@expenseiq.app,Demo User,2016-03-17,Food & Groceries,Supermarket run,1430.75
demo@expenseiq.app,Demo User,2016-03-18,Transport,Fuel / commute,85.56
demo@expenseiq.app,Demo User,2016-03-20,Food & Groceries,Vegetables and fruit,514.02
demo@expenseiq.app,Demo User,2016-03-22,Transport,Fuel / commute,103.25
demo@expenseiq.app,Demo User,2016-03-24,Food & Groceries,Supermarket run,1311.22
demo@expenseiq.app,Demo User,2016-03-25,Transport,Fuel / commute,91.32
demo@expenseiq.app,Demo User,2016-03-27,Entertainment,Movies / dining out,387.59
demo@expenseiq.app,Demo User,2016-03-29,Transport,Fuel / commute,95.8
demo@expenseiq.app,Demo User,2016-04-01,Rent,Monthly rent,8578.67
demo@expenseiq.app,Demo User,2016-04-02,Transport,Fuel / commute,101.83
demo@expenseiq.app,Demo User,2016-04-03,Food & Groceries,Supermarket run,1651.29
demo@expenseiq.app,Demo User,2016-04-04,Transport,Fuel / commute,76.13
demo@expenseiq.app,Demo User,2016-04-05,Rent,Society maintenance,2237.98
demo@expenseiq.app,Demo User,2016-04-06,Food & Groceries,Vegetables and fruit,499.54
demo@expenseiq.app,Demo User,2016-04-07,Entertainment,Movies / dining out,380.35
demo@expenseiq.app,Demo User,2016-04-08,Utilities,Electricity bill,1021.94
demo@expenseiq.app,Demo User,2016-04-08,Transport,Fuel / commute,107.0
demo@expenseiq.app,Demo User,2016-04-10,Utilities,Broadband internet,826.53
demo@expenseiq.app,Demo User,2016-04-10,Food & Groceries,Supermarket run,1543.78
demo@expenseiq.app,Demo User,2016-04-11,Transport,Fuel / commute,101.53
demo@expenseiq.app,Demo User,2016-04-15,Transport,Fuel / commute,83.45
demo@expenseiq.app,Demo User,2016-04-16,Entertainment,Movies / dining out,373.48
demo@expenseiq.app,Demo User,2016-04-17,Food & Groceries,Supermarket run,1439.77
demo@expenseiq.app,Demo User,2016-04-18,Transport,Fuel / commute,90.83
demo@expenseiq.app,Demo User,2016-04-20,Food & Groceries,Vegetables and fruit,465.66
demo@expenseiq.app,Demo User,2016-04-22,Transport,Fuel / commute,99.33
demo@expenseiq.app,Demo User,2016-04-24,Food & Groceries,Supermarket run,1408.14
demo@expenseiq.app,Demo User,2016-04-25,Transport,Fuel / commute,96.89
demo@expenseiq.app,Demo User,2016-04-27,Entertainment,Movies / dining out,392.18
demo@expenseiq.app,Demo User,2016-04-29,Transport,Fuel / commute,92.91
demo@expenseiq.app,Demo User,2016-05-01,Rent,Monthly rent,8702.99
demo@expenseiq.app,Demo User,2016-05-02,Transport,Fuel / commute,106.65
demo@expenseiq.app,Demo User,2016-05-03,Food & Groceries,Supermarket run,1749.13
demo@expenseiq.app,Demo User,2016-05-04,Transport,Fuel / commute,106.48
demo@expenseiq.app,Demo User,2016-05-06,Food & Groceries,Vegetables and fruit,489.05
demo@expenseiq.app,Demo User,2016-05-07,Entertainment,Movies / dining out,312.46
demo@expenseiq.app,Demo User,2016-05-08,Utilities,Electricity bill,1110.22
demo@expenseiq.app,Demo User,2016-05-08,Transport,Fuel / commute,103.14
demo@expenseiq.app,Demo User,2016-05-10,Utilities,Broadband internet,812.38
demo@expenseiq.app,Demo User,2016-05-10,Food & Groceries,Supermarket run,1534.68
demo@expenseiq.app,Demo User,2016-05-11,Transport,Fuel / commute,123.72
demo@expenseiq.app,Demo User,2016-05-12,Health,Doctor visit,773.33
demo@expenseiq.app,Demo User,2016-05-15,Transport,Fuel / commute,94.33
demo@expenseiq.app,Demo User,2016-05-16,Entertainment,Movies / dining out,328.74
demo@expenseiq.app,Demo User,2016-05-17,Food & Groceries,Supermarket run,1527.1
demo@expenseiq.app,Demo User,2016-05-18,Transport,Fuel / commute,73.46
demo@expenseiq.app,Demo User,2016-05-20,Food & Groceries,Vegetables and fruit,458.52
demo@expenseiq.app,Demo User,2016-05-22,Food & Groceries,Kirana store top-up,922.63
demo@expenseiq.app,Demo User,2016-05-22,Transport,Fuel / commute,115.33
demo@expenseiq.app,Demo User,2016-05-24,Food & Groceries,Supermarket run,1625.84
demo@expenseiq.app,Demo User,2016-05-25,Transport,Fuel / commute,91.4
demo@expenseiq.app,Demo User,2016-05-27,Entertainment,Movies / dining out,312.51
demo@expenseiq.app,Demo User,2016-05-29,Transport,Fuel / commute,97.96
demo@expenseiq.app,Demo User,2016-06-01,Rent,Monthly rent,8788.8
demo@expenseiq.app,Demo User,2016-06-02,Transport,Fuel / commute,87.42
demo@expenseiq.app,Demo User,2016-06-03,Food & Groceries,Supermarket run,1699.47
demo@expenseiq.app,Demo User,2016-06-04,Transport,Fuel / commute,78.61
demo@expenseiq.app,Demo User,2016-06-06,Food & Groceries,Vegetables and fruit,459.17
demo@expenseiq.app,Demo User,2016-06-07,Entertainment,Movies / dining out,369.57
demo@expenseiq.app,Demo User,2016-06-08,Utilities,Electricity bill,1399.92
demo@expenseiq.app,Demo User,2016-06-08,Transport,Fuel / commute,72.97
demo@expenseiq.app,Demo User,2016-06-10,Utilities,Broadband internet,817.53
demo@expenseiq.app,Demo User,2016-06-10,Food & Groceries,Supermarket run,1791.99
demo@expenseiq.app,Demo User,2016-06-11,Transport,Fuel / commute,84.11
demo@expenseiq.app,Demo User,2016-06-12,Health,Doctor visit,719.47
demo@expenseiq.app,Demo User,2016-06-15,Transport,Fuel / commute,91.79
demo@expenseiq.app,Demo User,2016-06-16,Entertainment,Movies / dining out,375.29
demo@expenseiq.app,Demo User,2016-06-17,Food & Groceries,Supermarket run,1597.88
demo@expenseiq.app,Demo User,2016-06-18,Transport,Fuel / commute,93.72
demo@expenseiq.app,Demo User,2016-06-20,Food & Groceries,Vegetables and fruit,471.68
demo@expenseiq.app,Demo User,2016-06-22,Transport,Fuel / commute,119.72
demo@expenseiq.app,Demo User,2016-06-24,Food & Groceries,Supermarket run,1716.93
demo@expenseiq.app,Demo User,2016-06-25,Transport,Fuel / commute,110.03
demo@expenseiq.app,Demo User,2016-06-27,Entertainment,Movies / dining out,397.19
demo@expenseiq.app,Demo User,2016-06-29,Transport,Fuel / commute,85.92
demo@expenseiq.app,Demo User,2016-07-01,Rent,Monthly rent,8645.18
demo@expenseiq.app,Demo User,2016-07-02,Transport,Fuel / commute,102.07
demo@expenseiq.app,Demo User,2016-07-03,Food & Groceries,Supermarket run,1694.45
demo@expenseiq.app,Demo User,2016-07-04,Transport,Fuel / commute,104.08
demo@expenseiq.app,Demo User,2016-07-05,Rent,Society maintenance,2100.85
demo@expenseiq.app,Demo User,2016-07-06,Food & Groceries,Vegetables and fruit,488.28
demo@expenseiq.app,Demo User,2016-07-07,Entertainment,Movies / dining out,348.64
demo@expenseiq.app,Demo User,2016-07-08,Utilities,Electricity bill,1375.38
demo@expenseiq.app,Demo User,2016-07-08,Transport,Fuel / commute,101.04
demo@expenseiq.app,Demo User,2016-07-10,Utilities,Broadband internet,819.14
demo@expenseiq.app,Demo User,2016-07-10,Food & Groceries,Supermarket run,1704.17
demo@expenseiq.app,Demo User,2016-07-11,Transport,Fuel / commute,121.39
demo@expenseiq.app,Demo User,2016-07-15,Transport,Fuel / commute,96.55
demo@expenseiq.app,Demo User,2016-07-16,Entertainment,Movies / dining out,386.95
demo@expenseiq.app,Demo User,2016-07-17,Food & Groceries,Supermarket run,1741.6
demo@expenseiq.app,Demo User,2016-07-18,Transport,Fuel / commute,93.97
demo@expenseiq.app,Demo User,2016-07-20,Food & Groceries,Vegetables and fruit,486.65
demo@expenseiq.app,Demo User,2016-07-22,Transport,Fuel / commute,88.74
demo@expenseiq.app,Demo User,2016-07-24,Food & Groceries,Supermarket run,1616.49
demo@expenseiq.app,Demo User,2016-07-25,Transport,Fuel / commute,85.48
demo@expenseiq.app,Demo User,2016-07-27,Entertainment,Movies / dining out,405.92
demo@expenseiq.app,Demo User,2016-07-29,Transport,Fuel / commute,82.99
demo@expenseiq.app,Demo User,2016-08-01,Rent,Monthly rent,8895.22
demo@expenseiq.app,Demo User,2016-08-02,Transport,Fuel / commute,80.42
demo@expenseiq.app,Demo User,2016-08-03,Food & Groceries,Supermarket run,1677.86
demo@expenseiq.app,Demo User,2016-08-04,Transport,Fuel / commute,106.21
demo@expenseiq.app,Demo User,2016-08-06,Food & Groceries,Vegetables and fruit,485.7
demo@expenseiq.app,Demo User,2016-08-07,Entertainment,Movies / dining out,383.78
demo@expenseiq.app,Demo User,2016-08-08,Utilities,Electricity bill,1310.52
demo@expenseiq.app,Demo User,2016-08-08,Transport,Fuel / commute,122.13
demo@expenseiq.app,Demo User,2016-08-10,Utilities,Broadband internet,808.67
demo@expenseiq.app,Demo User,2016-08-10,Food & Groceries,Supermarket run,1680.35
demo@expenseiq.app,Demo User,2016-08-11,Transport,Fuel / commute,100.01
demo@expenseiq.app,Demo User,2016-08-12,Health,Doctor visit,678.13
demo@expenseiq.app,Demo User,2016-08-15,Transport,Fuel / commute,94.03
demo@expenseiq.app,Demo User,2016-08-16,Entertainment,Movies / dining out,470.42
demo@expenseiq.app,Demo User,2016-08-17,Food & Groceries,Supermarket run,1690.23
demo@expenseiq.app,Demo User,2016-08-18,Transport,Fuel / commute,96.32
demo@expenseiq.app,Demo User,2016-08-20,Food & Groceries,Vegetables and fruit,483.65
demo@expenseiq.app,Demo User,2016-08-21,Health,Pharmacy / lab tests,1777.17
demo@expenseiq.app,Demo User,2016-08-22,Transport,Fuel / commute,105.23
demo@expenseiq.app,Demo User,2016-08-24,Food & Groceries,Supermarket run,1595.5
demo@expenseiq.app,Demo User,2016-08-25,Transport,Fuel / commute,77.64
demo@expenseiq.app,Demo User,2016-08-27,Entertainment,Movies / dining out,340.05
demo@expenseiq.app,Demo User,2016-08-29,Transport,Fuel / commute,99.93
demo@expenseiq.app,Demo User,2016-09-01,Rent,Monthly rent,8691.96
demo@expenseiq.app,Demo User,2016-09-02,Transport,Fuel / commute,99.11
demo@expenseiq.app,Demo User,2016-09-03,Food & Groceries,Supermarket run,1800.02
demo@expenseiq.app,Demo User,2016-09-04,Transport,Fuel / commute,104.9
demo@expenseiq.app,Demo User,2016-09-06,Food & Groceries,Vegetables and fruit,424.45
demo@expenseiq.app,Demo User,2016-09-07,Entertainment,Movies / dining out,449.79
demo@expenseiq.app,Demo User,2016-09-08,Utilities,Electricity bill,1143.55
demo@expenseiq.app,Demo User,2016-09-08,Transport,Fuel / commute,96.2
demo@expenseiq.app,Demo User,2016-09-10,Utilities,Broadband internet,820.38
demo@expenseiq.app,Demo User,2016-09-10,Food & Groceries,Supermarket run,1683.0
demo@expenseiq.app,Demo User,2016-09-11,Transport,Fuel / commute,101.7
demo@expenseiq.app,Demo User,2016-09-12,Health,Doctor visit,756.1
demo@expenseiq.app,Demo User,2016-09-15,Transport,Fuel / commute,100.29
demo@expenseiq.app,Demo User,2016-09-16,Entertainment,Movies / dining out,345.46
demo@expenseiq.app,Demo User,2016-09-17,Food & Groceries,Supermarket run,1731.13
demo@expenseiq.app,Demo User,2016-09-18,Transport,Fuel / commute,107.61
demo@expenseiq.app,Demo User,2016-09-20,Food & Groceries,Vegetables and fruit,482.9
demo@expenseiq.app,Demo User,2016-09-22,Transport,Fuel / commute,107.95
demo@expenseiq.app,Demo User,2016-09-24,Food & Groceries,Supermarket run,1541.72
demo@expenseiq.app,Demo User,2016-09-25,Transport,Fuel / commute,79.29
demo@expenseiq.app,Demo User,2016-09-27,Entertainment,Movies / dining out,305.82
demo@expenseiq.app,Demo User,2016-09-29,Transport,Fuel / commute,71.88
demo@expenseiq.app,Demo User,2016-10-01,Rent,Monthly rent,8815.36
demo@expenseiq.app,Demo User,2016-10-02,Transport,Fuel / commute,115.9
demo@expenseiq.app,Demo User,2016-10-03,Food & Groceries,Supermarket run,2162.48
demo@expenseiq.app,Demo User,2016-10-04,Transport,Fuel / commute,85.06
demo@expenseiq.app,Demo User,2016-10-05,Rent,Society maintenance,2230.35
demo@expenseiq.app,Demo User,2016-10-06,Food & Groceries,Vegetables and fruit,425.54
demo@expenseiq.app,Demo User,2016-10-07,Entertainment,Movies / dining out,461.54
demo@expenseiq.app,Demo User,2016-10-08,Utilities,Electricity bill,1058.96
demo@expenseiq.app,Demo User,2016-10-08,Transport,Fuel / commute,73.74
demo@expenseiq.app,Demo User,2016-10-10,Utilities,Broadband internet,826.33
demo@expenseiq.app,Demo User,2016-10-10,Food & Groceries,Supermarket run,2071.61
demo@expenseiq.app,Demo User,2016-10-11,Transport,Fuel / commute,76.76
demo@expenseiq.app,Demo User,2016-10-12,Health,Doctor visit,722.17
demo@expenseiq.app,Demo User,2016-10-15,Transport,Fuel / commute,99.19
demo@expenseiq.app,Demo User,2016-10-16,Entertainment,Movies / dining out,509.45
demo@expenseiq.app,Demo User,2016-10-17,Food & Groceries,Supermarket run,2153.91
demo@expenseiq.app,Demo User,2016-10-18,Transport,Fuel / commute,99.21
demo@expenseiq.app,Demo User,2016-10-20,Food & Groceries,Vegetables and fruit,450.2
demo@expenseiq.app,Demo User,2016-10-21,Health,Pharmacy / lab tests,1734.22
demo@expenseiq.app,Demo User,2016-10-22,Transport,Fuel / commute,97.45
demo@expenseiq.app,Demo User,2016-10-24,Food & Groceries,Supermarket run,2157.61
demo@expenseiq.app,Demo User,2016-10-25,Transport,Fuel / commute,113.25
demo@expenseiq.app,Demo User,2016-10-27,Entertainment,Movies / dining out,485.55
demo@expenseiq.app,Demo User,2016-10-29,Transport,Fuel / commute,67.14
demo@expenseiq.app,Demo User,2016-11-01,Rent,Monthly rent,8871.23
demo@expenseiq.app,Demo User,2016-11-02,Transport,Fuel / commute,113.06
demo@expenseiq.app,Demo User,2016-11-03,Food & Groceries,Supermarket run,1876.62
demo@expenseiq.app,Demo User,2016-11-04,Transport,Fuel / commute,116.39
demo@expenseiq.app,Demo User,2016-11-06,Food & Groceries,Vegetables and fruit,446.84
demo@expenseiq.app,Demo User,2016-11-07,Entertainment,Movies / dining out,657.17
demo@expenseiq.app,Demo User,2016-11-08,Utilities,Electricity bill,923.01
demo@expenseiq.app,Demo User,2016-11-08,Transport,Fuel / commute,105.58
demo@expenseiq.app,Demo User,2016-11-10,Utilities,Broadband internet,835.51
demo@expenseiq.app,Demo User,2016-11-10,Food & Groceries,Supermarket run,1915.68
demo@expenseiq.app,Demo User,2016-11-11,Transport,Fuel / commute,115.52
demo@expenseiq.app,Demo User,2016-11-12,Health,Doctor visit,690.7
demo@expenseiq.app,Demo User,2016-11-15,Transport,Fuel / commute,76.87
demo@expenseiq.app,Demo User,2016-11-16,Entertainment,Movies / dining out,525.17
demo@expenseiq.app,Demo User,2016-11-17,Food & Groceries,Supermarket run,2053.96
demo@expenseiq.app,Demo User,2016-11-18,Transport,Fuel / commute,95.49
demo@expenseiq.app,Demo User,2016-11-20,Food & Groceries,Vegetables and fruit,507.4
demo@expenseiq.app,Demo User,2016-11-22,Transport,Fuel / commute,88.95
demo@expenseiq.app,Demo User,2016-11-24,Food & Groceries,Supermarket run,2073.04
demo@expenseiq.app,Demo User,2016-11-25,Transport,Fuel / commute,100.7
demo@expenseiq.app,Demo User,2016-11-27,Entertainment,Movies / dining out,562.7
demo@expenseiq.app,Demo User,2016-11-29,Transport,Fuel / commute,92.47
demo@expenseiq.app,Demo User,2016-12-01,Rent,Monthly rent,8959.09
demo@expenseiq.app,Demo User,2016-12-02,Transport,Fuel / commute,103.77
demo@expenseiq.app,Demo User,2016-12-03,Food & Groceries,Supermarket run,1490.98
demo@expenseiq.app,Demo User,2016-12-04,Transport,Fuel / commute,107.72
demo@expenseiq.app,Demo User,2016-12-06,Food & Groceries,Vegetables and fruit,496.23
demo@expenseiq.app,Demo User,2016-12-07,Entertainment,Movies / dining out,349.95
demo@expenseiq.app,Demo User,2016-12-08,Utilities,Electricity bill,954.95
demo@expenseiq.app,Demo User,2016-12-08,Transport,Fuel / commute,95.22
demo@expenseiq.app,Demo User,2016-12-10,Utilities,Broadband internet,839.6
demo@expenseiq.app,Demo User,2016-12-10,Food & Groceries,Supermarket run,1415.71
demo@expenseiq.app,Demo User,2016-12-11,Transport,Fuel / commute,108.75
demo@expenseiq.app,Demo User,2016-12-12,Health,Doctor visit,641.48
demo@expenseiq.app,Demo User,2016-12-15,Transport,Fuel / commute,104.24
demo@expenseiq.app,Demo User,2016-12-16,Entertainment,Movies / dining out,401.31
demo@expenseiq.app,Demo User,2016-12-17,Food & Groceries,Supermarket run,1358.59
demo@expenseiq.app,Demo User,2016-12-18,Transport,Fuel / commute,84.93
demo@expenseiq.app,Demo User,2016-12-20,Food & Groceries,Vegetables and fruit,472.39
demo@expenseiq.app,Demo User,2016-12-22,Transport,Fuel / commute,116.96
demo@expenseiq.app,Demo User,2016-12-24,Food & Groceries,Supermarket run,1385.43
demo@expenseiq.app,Demo User,2016-12-25,Transport,Fuel / commute,93.71
demo@expenseiq.app,Demo User,2016-12-27,Entertainment,Movies / dining out,385.7
demo@expenseiq.app,Demo User,2016-12-29,Transport,Fuel / commute,79.9
demo@expenseiq.app,Demo User,2017-01-01,Rent,Monthly rent,8964.52
demo@expenseiq.app,Demo User,2017-01-02,Transport,Fuel / commute,92.25
demo@expenseiq.app,Demo User,2017-01-03,Food & Groceries,Supermarket run,1450.88
demo@expenseiq.app,Demo User,2017-01-04,Transport,Fuel / commute,114.86
demo@expenseiq.app,Demo User,2017-01-05,Rent,Society maintenance,2151.0
demo@expenseiq.app,Demo User,2017-01-06,Food & Groceries,Vegetables and fruit,504.46
demo@expenseiq.app,Demo User,2017-01-07,Entertainment,Movies / dining out,347.78
demo@expenseiq.app,Demo User,2017-01-08,Utilities,Electricity bill,878.69
demo@expenseiq.app,Demo User,2017-01-08,Transport,Fuel / commute,119.1
demo@expenseiq.app,Demo User,2017-01-10,Utilities,Broadband internet,829.8
demo@expenseiq.app,Demo User,2017-01-10,Food & Groceries,Supermarket run,1372.98
demo@expenseiq.app,Demo User,2017-01-11,Transport,Fuel / commute,106.07
demo@expenseiq.app,Demo User,2017-01-12,Health,Doctor visit,729.1
demo@expenseiq.app,Demo User,2017-01-15,Transport,Fuel / commute,111.83
demo@expenseiq.app,Demo User,2017-01-16,Entertainment,Movies / dining out,434.2
demo@expenseiq.app,Demo User,2017-01-17,Food & Groceries,Supermarket run,1346.23
demo@expenseiq.app,Demo User,2017-01-18,Transport,Fuel / commute,115.05
demo@expenseiq.app,Demo User,2017-01-20,Food & Groceries,Vegetables and fruit,481.14
demo@expenseiq.app,Demo User,2017-01-22,Transport,Fuel / commute,113.71
demo@expenseiq.app,Demo User,2017-01-24,Food & Groceries,Supermarket run,1396.87
demo@expenseiq.app,Demo User,2017-01-25,Transport,Fuel / commute,107.51
demo@expenseiq.app,Demo User,2017-01-27,Entertainment,Movies / dining out,335.36
demo@expenseiq.app,Demo User,2017-01-29,Transport,Fuel / commute,107.32
demo@expenseiq.app,Demo User,2017-02-01,Rent,Monthly rent,8917.24
demo@expenseiq.app,Demo User,2017-02-02,Transport,Fuel / commute,83.95
demo@expenseiq.app,Demo User,2017-02-03,Food & Groceries,Supermarket run,1452.26
demo@expenseiq.app,Demo User,2017-02-04,Transport,Fuel / commute,96.74
demo@expenseiq.app,Demo User,2017-02-06,Food & Groceries,Vegetables and fruit,445.83
demo@expenseiq.app,Demo User,2017-02-07,Entertainment,Movies / dining out,496.86
demo@expenseiq.app,Demo User,2017-02-08,Utilities,Electricity bill,915.9
demo@expenseiq.app,Demo User,2017-02-08,Transport,Fuel / commute,104.97
demo@expenseiq.app,Demo User,2017-02-10,Utilities,Broadband internet,846.93
demo@expenseiq.app,Demo User,2017-02-10,Food & Groceries,Supermarket run,1456.63
demo@expenseiq.app,Demo User,2017-02-11,Transport,Fuel / commute,107.95
demo@expenseiq.app,Demo User,2017-02-12,Health,Doctor visit,808.29
demo@expenseiq.app,Demo User,2017-02-15,Transport,Fuel / commute,98.86
demo@expenseiq.app,Demo User,2017-02-16,Entertainment,Movies / dining out,342.96
demo@expenseiq.app,Demo User,2017-02-17,Food & Groceries,Supermarket run,1308.45
demo@expenseiq.app,Demo User,2017-02-18,Food & Groceries,Kirana store top-up,845.9
demo@expenseiq.app,Demo User,2017-02-18,Transport,Fuel / commute,119.04
demo@expenseiq.app,Demo User,2017-02-20,Food & Groceries,Vegetables and fruit,500.44
demo@expenseiq.app,Demo User,2017-02-22,Transport,Fuel / commute,112.72
demo@expenseiq.app,Demo User,2017-02-24,Food & Groceries,Supermarket run,1493.91
demo@expenseiq.app,Demo User,2017-02-25,Transport,Fuel / commute,97.46
demo@expenseiq.app,Demo User,2017-02-27,Entertainment,Movies / dining out,357.51
demo@expenseiq.app,Demo User,2017-03-01,Rent,Monthly rent,9033.02
demo@expenseiq.app,Demo User,2017-03-02,Transport,Fuel / commute,105.51
demo@expenseiq.app,Demo User,2017-03-03,Food & Groceries,Supermarket run,1550.16
demo@expenseiq.app,Demo User,2017-03-04,Transport,Fuel / commute,93.43
demo@expenseiq.app,Demo User,2017-03-06,Food & Groceries,Vegetables and fruit,533.81
demo@expenseiq.app,Demo User,2017-03-07,Entertainment,Movies / dining out,442.52
demo@expenseiq.app,Demo User,2017-03-08,Utilities,Electricity bill,982.2
demo@expenseiq.app,Demo User,2017-03-08,Transport,Fuel / commute,101.27
demo@expenseiq.app,Demo User,2017-03-10,Utilities,Broadband internet,842.65
demo@expenseiq.app,Demo User,2017-03-10,Food & Groceries,Supermarket run,1549.1
demo@expenseiq.app,Demo User,2017-03-11,Transport,Fuel / commute,93.72
demo@expenseiq.app,Demo User,2017-03-12,Health,Doctor visit,587.21
demo@expenseiq.app,Demo User,2017-03-15,Transport,Fuel / commute,120.62
demo@expenseiq.app,Demo User,2017-03-16,Entertainment,Movies / dining out,406.87
demo@expenseiq.app,Demo User,2017-03-17,Food & Groceries,Supermarket run,1544.03
demo@expenseiq.app,Demo User,2017-03-18,Transport,Fuel / commute,105.39
demo@expenseiq.app,Demo User,2017-03-20,Food & Groceries,Vegetables and fruit,464.0
demo@expenseiq.app,Demo User,2017-03-22,Transport,Fuel / commute,98.34
demo@expenseiq.app,Demo User,2017-03-24,Food & Groceries,Supermarket run,1628.43
demo@expenseiq.app,Demo User,2017-03-25,Transport,Fuel / commute,115.45
demo@expenseiq.app,Demo User,2017-03-27,Entertainment,Movies / dining out,416.08
demo@expenseiq.app,Demo User,2017-03-29,Transport,Fuel / commute,74.68
demo@expenseiq.app,Demo User,2017-04-01,Rent,Monthly rent,9091.38
demo@expenseiq.app,Demo User,2017-04-02,Transport,Fuel / commute,111.9
demo@expenseiq.app,Demo User,2017-04-03,Food & Groceries,Supermarket run,1540.89
demo@expenseiq.app,Demo User,2017-04-04,Transport,Fuel / commute,96.79
demo@expenseiq.app,Demo User,2017-04-05,Rent,Society maintenance,2429.55
demo@expenseiq.app,Demo User,2017-04-06,Food & Groceries,Vegetables and fruit,515.59
demo@expenseiq.app,Demo User,2017-04-07,Entertainment,Movies / dining out,327.51
demo@expenseiq.app,Demo User,2017-04-08,Utilities,Electricity bill,1104.82
demo@expenseiq.app,Demo User,2017-04-08,Transport,Fuel / commute,106.0
demo@expenseiq.app,Demo User,2017-04-10,Utilities,Broadband internet,849.92
demo@expenseiq.app,Demo User,2017-04-10,Food & Groceries,Supermarket run,1550.11
demo@expenseiq.app,Demo User,2017-04-11,Transport,Fuel / commute,87.7
demo@expenseiq.app,Demo User,2017-04-15,Transport,Fuel / commute,117.58
demo@expenseiq.app,Demo User,2017-04-16,Entertainment,Movies / dining out,404.47
demo@expenseiq.app,Demo User,2017-04-17,Food & Groceries,Supermarket run,1565.02
demo@expenseiq.app,Demo User,2017-04-18,Transport,Fuel / commute,116.57
demo@expenseiq.app,Demo User,2017-04-20,Food & Groceries,Vegetables and fruit,413.77
demo@expenseiq.app,Demo User,2017-04-21,Health,Pharmacy / lab tests,1560.73
demo@expenseiq.app,Demo User,2017-04-22,Transport,Fuel / commute,113.09
demo@expenseiq.app,Demo User,2017-04-24,Food & Groceries,Supermarket run,1553.22
demo@expenseiq.app,Demo User,2017-04-25,Transport,Fuel / commute,82.98
demo@expenseiq.app,Demo User,2017-04-27,Entertainment,Movies / dining out,423.39
demo@expenseiq.app,Demo User,2017-04-29,Transport,Fuel / commute,111.5
demo@expenseiq.app,Demo User,2017-05-01,Rent,Monthly rent,9187.82
demo@expenseiq.app,Demo User,2017-05-02,Transport,Fuel / commute,129.94
demo@expenseiq.app,Demo User,2017-05-03,Food & Groceries,Supermarket run,1658.51
demo@expenseiq.app,Demo User,2017-05-04,Transport,Fuel / commute,102.95
demo@expenseiq.app,Demo User,2017-05-06,Food & Groceries,Vegetables and fruit,539.02
demo@expenseiq.app,Demo User,2017-05-07,Entertainment,Movies / dining out,340.87
demo@expenseiq.app,Demo User,2017-05-08,Utilities,Electricity bill,1209.52
demo@expenseiq.app,Demo User,2017-05-08,Transport,Fuel / commute,123.66
demo@expenseiq.app,Demo User,2017-05-10,Utilities,Broadband internet,851.78
demo@expenseiq.app,Demo User,2017-05-10,Food & Groceries,Supermarket run,1743.31
demo@expenseiq.app,Demo User,2017-05-11,Transport,Fuel / commute,106.21
demo@expenseiq.app,Demo User,2017-05-12,Health,Doctor visit,702.25
demo@expenseiq.app,Demo User,2017-05-15,Transport,Fuel / commute,113.61
demo@expenseiq.app,Demo User,2017-05-16,Entertainment,Movies / dining out,337.6
demo@expenseiq.app,Demo User,2017-05-17,Food & Groceries,Supermarket run,1680.87
demo@expenseiq.app,Demo User,2017-05-18,Transport,Fuel / commute,92.98
demo@expenseiq.app,Demo User,2017-05-20,Food & Groceries,Vegetables and fruit,477.99
demo@expenseiq.app,Demo User,2017-05-21,Health,Pharmacy / lab tests,1307.04
demo@expenseiq.app,Demo User,2017-05-22,Transport,Fuel / commute,91.41
demo@expenseiq.app,Demo User,2017-05-24,Food & Groceries,Supermarket run,1651.44
demo@expenseiq.app,Demo User,2017-05-25,Transport,Fuel / commute,107.46
demo@expenseiq.app,Demo User,2017-05-27,Entertainment,Movies / dining out,320.95
demo@expenseiq.app,Demo User,2017-05-29,Transport,Fuel / commute,113.92
demo@expenseiq.app,Demo User,2017-06-01,Rent,Monthly rent,9250.69
demo@expenseiq.app,Demo User,2017-06-02,Transport,Fuel / commute,100.98
demo@expenseiq.app,Demo User,2017-06-03,Food & Groceries,Supermarket run,1592.77
demo@expenseiq.app,Demo User,2017-06-04,Transport,Fuel / commute,119.0
demo@expenseiq.app,Demo User,2017-06-06,Food & Groceries,Vegetables and fruit,516.98
demo@expenseiq.app,Demo User,2017-06-07,Entertainment,Movies / dining out,391.13
demo@expenseiq.app,Demo User,2017-06-08,Utilities,Electricity bill,1316.55
demo@expenseiq.app,Demo User,2017-06-08,Transport,Fuel / commute,99.36
demo@expenseiq.app,Demo User,2017-06-10,Utilities,Broadband internet,866.12
demo@expenseiq.app,Demo User,2017-06-10,Food & Groceries,Supermarket run,1673.27
demo@expenseiq.app,Demo User,2017-06-11,Transport,Fuel / commute,80.41
demo@expenseiq.app,Demo User,2017-06-12,Health,Doctor visit,667.42
demo@expenseiq.app,Demo User,2017-06-15,Transport,Fuel / commute,92.41
demo@expenseiq.app,Demo User,2017-06-16,Entertainment,Movies / dining out,341.53
demo@expenseiq.app,Demo User,2017-06-17,Food & Groceries,Supermarket run,1933.43
demo@expenseiq.app,Demo User,2017-06-18,Transport,Fuel / commute,109.03
demo@expenseiq.app,Demo User,2017-06-20,Food & Groceries,Vegetables and fruit,493.61
demo@expenseiq.app,Demo User,2017-06-22,Transport,Fuel / commute,107.12
demo@expenseiq.app,Demo User,2017-06-24,Food & Groceries,Supermarket run,1744.45
demo@expenseiq.app,Demo User,2017-06-25,Transport,Fuel / commute,83.04
demo@expenseiq.app,Demo User,2017-06-27,Entertainment,Movies / dining out,378.22
demo@expenseiq.app,Demo User,2017-06-29,Transport,Fuel / commute,93.38
demo@expenseiq.app,Demo User,2017-07-01,Rent,Monthly rent,9190.83
demo@expenseiq.app,Demo User,2017-07-02,Transport,Fuel / commute,92.46
demo@expenseiq.app,Demo User,2017-07-03,Food & Groceries,Supermarket run,1934.09
demo@expenseiq.app,Demo User,2017-07-04,Transport,Fuel / commute,104.49
demo@expenseiq.app,Demo User,2017-07-05,Rent,Society maintenance,2291.42
demo@expenseiq.app,Demo User,2017-07-06,Food & Groceries,Vegetables and fruit,528.4
demo@expenseiq.app,Demo User,2017-07-07,Entertainment,Movies / dining out,435.58
demo@expenseiq.app,Demo User,2017-07-08,Utilities,Electricity bill,1493.44
demo@expenseiq.app,Demo User,2017-07-08,Transport,Fuel / commute,102.49
demo@expenseiq.app,Demo User,2017-07-10,Utilities,Broadband internet,865.26
demo@expenseiq.app,Demo User,2017-07-10,Food & Groceries,Supermarket run,1556.33
demo@expenseiq.app,Demo User,2017-07-11,Transport,Fuel / commute,106.18
demo@expenseiq.app,Demo User,2017-07-12,Health,Doctor visit,617.62
demo@expenseiq.app,Demo User,2017-07-15,Transport,Fuel / commute,116.06
demo@expenseiq.app,Demo User,2017-07-16,Entertainment,Movies / dining out,291.78
demo@expenseiq.app,Demo User,2017-07-17,Food & Groceries,Supermarket run,1983.9
demo@expenseiq.app,Demo User,2017-07-18,Transport,Fuel / commute,80.94
demo@expenseiq.app,Demo User,2017-07-20,Food & Groceries,Vegetables and fruit,438.98
demo@expenseiq.app,Demo User,2017-07-22,Transport,Fuel / commute,114.7
demo@expenseiq.app,Demo User,2017-07-24,Food & Groceries,Supermarket run,1851.83
demo@expenseiq.app,Demo User,2017-07-25,Transport,Fuel / commute,102.8
demo@expenseiq.app,Demo User,2017-07-27,Entertainment,Movies / dining out,442.74
demo@expenseiq.app,Demo User,2017-07-29,Transport,Fuel / commute,100.18
demo@expenseiq.app,Demo User,2017-08-01,Rent,Monthly rent,9233.08
demo@expenseiq.app,Demo User,2017-08-02,Transport,Fuel / commute,117.07
demo@expenseiq.app,Demo User,2017-08-03,Food & Groceries,Supermarket run,1864.67
demo@expenseiq.app,Demo User,2017-08-04,Transport,Fuel / commute,104.33
demo@expenseiq.app,Demo User,2017-08-06,Food & Groceries,Vegetables and fruit,462.58
demo@expenseiq.app,Demo User,2017-08-07,Entertainment,Movies / dining out,386.92
demo@expenseiq.app,Demo User,2017-08-08,Utilities,Electricity bill,1371.27
demo@expenseiq.app,Demo User,2017-08-08,Transport,Fuel / commute,91.48
demo@expenseiq.app,Demo User,2017-08-10,Utilities,Broadband internet,863.09
demo@expenseiq.app,Demo User,2017-08-10,Food & Groceries,Supermarket run,1654.73
demo@expenseiq.app,Demo User,2017-08-11,Transport,Fuel / commute,96.57
demo@expenseiq.app,Demo User,2017-08-12,Health,Doctor visit,619.25
demo@expenseiq.app,Demo User,2017-08-15,Transport,Fuel / commute,104.03
demo@expenseiq.app,Demo User,2017-08-16,Entertainment,Movies / dining out,457.76
demo@expenseiq.app,Demo User,2017-08-17,Food & Groceries,Supermarket run,1912.28
demo@expenseiq.app,Demo User,2017-08-18,Transport,Fuel / commute,103.59
demo@expenseiq.app,Demo User,2017-08-20,Food & Groceries,Vegetables and fruit,563.62
demo@expenseiq.app,Demo User,2017-08-22,Transport,Fuel / commute,102.0
demo@expenseiq.app,Demo User,2017-08-24,Food & Groceries,Supermarket run,1648.33
demo@expenseiq.app,Demo User,2017-08-25,Transport,Fuel / commute,102.74
demo@expenseiq.app,Demo User,2017-08-27,Entertainment,Movies / dining out,344.76
demo@expenseiq.app,Demo User,2017-08-29,Transport,Fuel / commute,100.47
demo@expenseiq.app,Demo User,2017-09-01,Rent,Monthly rent,9244.52
demo@expenseiq.app,Demo User,2017-09-02,Transport,Fuel / commute,106.95
demo@expenseiq.app,Demo User,2017-09-03,Food & Groceries,Supermarket run,1791.03
demo@expenseiq.app,Demo User,2017-09-04,Transport,Fuel / commute,103.46
demo@expenseiq.app,Demo User,2017-09-06,Food & Groceries,Vegetables and fruit,413.87
demo@expenseiq.app,Demo User,2017-09-07,Entertainment,Movies / dining out,474.92
demo@expenseiq.app,Demo User,2017-09-08,Utilities,Electricity bill,1286.51
demo@expenseiq.app,Demo User,2017-09-08,Transport,Fuel / commute,105.66
demo@expenseiq.app,Demo User,2017-09-10,Utilities,Broadband internet,855.54
demo@expenseiq.app,Demo User,2017-09-10,Food & Groceries,Supermarket run,1741.14
demo@expenseiq.app,Demo User,2017-09-11,Transport,Fuel / commute,97.81
demo@expenseiq.app,Demo User,2017-09-12,Health,Doctor visit,743.08
demo@expenseiq.app,Demo User,2017-09-15,Transport,Fuel / commute,111.81
demo@expenseiq.app,Demo User,2017-09-16,Entertainment,Movies / dining out,446.24
demo@expenseiq.app,Demo User,2017-09-17,Food & Groceries,Supermarket run,1745.34
demo@expenseiq.app,Demo User,2017-09-18,Transport,Fuel / commute,115.14
demo@expenseiq.app,Demo User,2017-09-20,Food & Groceries,Vegetables and fruit,413.05
demo@expenseiq.app,Demo User,2017-09-22,Transport,Fuel / commute,109.56
demo@expenseiq.app,Demo User,2017-09-24,Food & Groceries,Supermarket run,1841.57
demo@expenseiq.app,Demo User,2017-09-25,Transport,Fuel / commute,100.31
demo@expenseiq.app,Demo User,2017-09-27,Entertainment,Movies / dining out,370.48
demo@expenseiq.app,Demo User,2017-09-29,Transport,Fuel / commute,77.36
demo@expenseiq.app,Demo User,2017-10-01,Rent,Monthly rent,9264.09
demo@expenseiq.app,Demo User,2017-10-02,Transport,Fuel / commute,117.34
demo@expenseiq.app,Demo User,2017-10-03,Food & Groceries,Supermarket run,2155.06
demo@expenseiq.app,Demo User,2017-10-04,Transport,Fuel / commute,111.5
demo@expenseiq.app,Demo User,2017-10-05,Rent,Society maintenance,2063.57
demo@expenseiq.app,Demo User,2017-10-06,Food & Groceries,Vegetables and fruit,450.14
demo@expenseiq.app,Demo User,2017-10-07,Entertainment,Movies / dining out,595.83
demo@expenseiq.app,Demo User,2017-10-08,Utilities,Electricity bill,1032.62
demo@expenseiq.app,Demo User,2017-10-08,Transport,Fuel / commute,102.36
demo@expenseiq.app,Demo User,2017-10-10,Utilities,Broadband internet,872.37
demo@expenseiq.app,Demo User,2017-10-10,Food & Groceries,Supermarket run,2025.18
demo@expenseiq.app,Demo User,2017-10-11,Transport,Fuel / commute,111.7
demo@expenseiq.app,Demo User,2017-10-12,Health,Doctor visit,656.3
demo@expenseiq.app,Demo User,2017-10-15,Transport,Fuel / commute,89.49
demo@expenseiq.app,Demo User,2017-10-16,Entertainment,Movies / dining out,598.66
demo@expenseiq.app,Demo User,2017-10-17,Food & Groceries,Supermarket run,2293.68
demo@expenseiq.app,Demo User,2017-10-18,Transport,Fuel / commute,104.38
demo@expenseiq.app,Demo User,2017-10-20,Food & Groceries,Vegetables and fruit,470.67
demo@expenseiq.app,Demo User,2017-10-22,Transport,Fuel / commute,105.82
demo@expenseiq.app,Demo User,2017-10-24,Food & Groceries,Supermarket run,2172.7
demo@expenseiq.app,Demo User,2017-10-25,Transport,Fuel / commute,98.12
demo@expenseiq.app,Demo User,2017-10-27,Entertainment,Movies / dining out,364.93
demo@expenseiq.app,Demo User,2017-10-29,Transport,Fuel / commute,109.41
demo@expenseiq.app,Demo User,2017-11-01,Rent,Monthly rent,9302.2
demo@expenseiq.app,Demo User,2017-11-02,Transport,Fuel / commute,116.5
demo@expenseiq.app,Demo User,2017-11-03,Food & Groceries,Supermarket run,2012.71
demo@expenseiq.app,Demo User,2017-11-04,Transport,Fuel / commute,105.51
demo@expenseiq.app,Demo User,2017-11-06,Food & Groceries,Vegetables and fruit,516.13
demo@expenseiq.app,Demo User,2017-11-07,Entertainment,Movies / dining out,593.15
demo@expenseiq.app,Demo User,2017-11-08,Utilities,Electricity bill,1023.36
demo@expenseiq.app,Demo User,2017-11-08,Transport,Fuel / commute,109.32
demo@expenseiq.app,Demo User,2017-11-10,Utilities,Broadband internet,879.69
demo@expenseiq.app,Demo User,2017-11-10,Food & Groceries,Supermarket run,2007.77
demo@expenseiq.app,Demo User,2017-11-11,Transport,Fuel / commute,108.21
demo@expenseiq.app,Demo User,2017-11-15,Transport,Fuel / commute,103.26
demo@expenseiq.app,Demo User,2017-11-16,Entertainment,Movies / dining out,580.83
demo@expenseiq.app,Demo User,2017-11-17,Food & Groceries,Supermarket run,1937.64
demo@expenseiq.app,Demo User,2017-11-18,Transport,Fuel / commute,97.75
demo@expenseiq.app,Demo User,2017-11-20,Food & Groceries,Vegetables and fruit,503.72
demo@expenseiq.app,Demo User,2017-11-22,Transport,Fuel / commute,132.15
demo@expenseiq.app,Demo User,2017-11-24,Food & Groceries,Supermarket run,2159.3
demo@expenseiq.app,Demo User,2017-11-25,Transport,Fuel / commute,98.74
demo@expenseiq.app,Demo User,2017-11-27,Entertainment,Movies / dining out,468.75
demo@expenseiq.app,Demo User,2017-11-29,Transport,Fuel / commute,96.06
demo@expenseiq.app,Demo User,2017-12-01,Rent,Monthly rent,9382.57
demo@expenseiq.app,Demo User,2017-12-02,Transport,Fuel / commute,117.69
demo@expenseiq.app,Demo User,2017-12-03,Food & Groceries,Supermarket run,1498.68
demo@expenseiq.app,Demo User,2017-12-04,Transport,Fuel / commute,114.61
demo@expenseiq.app,Demo User,2017-12-06,Food & Groceries,Vegetables and fruit,511.95
demo@expenseiq.app,Demo User,2017-12-07,Entertainment,Movies / dining out,460.53
demo@expenseiq.app,Demo User,2017-12-08,Utilities,Electricity bill,933.41
demo@expenseiq.app,Demo User,2017-12-08,Transport,Fuel / commute,103.63
demo@expenseiq.app,Demo User,2017-12-10,Utilities,Broadband internet,881.42
demo@expenseiq.app,Demo User,2017-12-10,Food & Groceries,Supermarket run,1300.62
demo@expenseiq.app,Demo User,2017-12-11,Transport,Fuel / commute,98.95
demo@expenseiq.app,Demo User,2017-12-13,Food & Groceries,Kirana store top-up,896.79
demo@expenseiq.app,Demo User,2017-12-15,Transport,Fuel / commute,96.92
demo@expenseiq.app,Demo User,2017-12-16,Entertainment,Movies / dining out,424.09
demo@expenseiq.app,Demo User,2017-12-17,Food & Groceries,Supermarket run,1411.84
demo@expenseiq.app,Demo User,2017-12-18,Transport,Fuel / commute,110.72
demo@expenseiq.app,Demo User,2017-12-20,Food & Groceries,Vegetables and fruit,450.74
demo@expenseiq.app,Demo User,2017-12-22,Transport,Fuel / commute,107.29
demo@expenseiq.app,Demo User,2017-12-24,Food & Groceries,Supermarket run,1530.37
demo@expenseiq.app,Demo User,2017-12-25,Transport,Fuel / commute,112.75
demo@expenseiq.app,Demo User,2017-12-27,Entertainment,Movies / dining out,458.82
demo@expenseiq.app,Demo User,2017-12-29,Transport,Fuel / commute,106.49
demo@expenseiq.app,Demo User,2018-01-01,Rent,Monthly rent,9448.25
demo@expenseiq.app,Demo User,2018-01-02,Transport,Fuel / commute,109.49
demo@expenseiq.app,Demo User,2018-01-03,Food & Groceries,Supermarket run,1402.67
demo@expenseiq.app,Demo User,2018-01-04,Transport,Fuel / commute,105.91
demo@expenseiq.app,Demo User,2018-01-05,Rent,Society maintenance,2349.67
demo@expenseiq.app,Demo User,2018-01-06,Food & Groceries,Vegetables and fruit,486.65
demo@expenseiq.app,Demo User,2018-01-07,Entertainment,Movies / dining out,333.1
demo@expenseiq.app,Demo User,2018-01-08,Utilities,Electricity bill,1137.83
demo@expenseiq.app,Demo User,2018-01-08,Transport,Fuel / commute,111.34
demo@expenseiq.app,Demo User,2018-01-10,Utilities,Broadband internet,871.62
demo@expenseiq.app,Demo User,2018-01-10,Food & Groceries,Supermarket run,1413.43
demo@expenseiq.app,Demo User,2018-01-11,Transport,Fuel / commute,111.67
demo@expenseiq.app,Demo User,2018-01-12,Health,Doctor visit,643.87
demo@expenseiq.app,Demo User,2018-01-15,Transport,Fuel / commute,112.88
demo@expenseiq.app,Demo User,2018-01-16,Entertainment,Movies / dining out,421.92
demo@expenseiq.app,Demo User,2018-01-17,Food & Groceries,Supermarket run,1392.77
demo@expenseiq.app,Demo User,2018-01-18,Transport,Fuel / commute,100.54
demo@expenseiq.app,Demo User,2018-01-20,Food & Groceries,Vegetables and fruit,450.07
demo@expenseiq.app,Demo User,2018-01-22,Transport,Fuel / commute,132.05
demo@expenseiq.app,Demo User,2018-01-24,Food & Groceries,Supermarket run,1372.8
demo@expenseiq.app,Demo User,2018-01-25,Transport,Fuel / commute,108.22
demo@expenseiq.app,Demo User,2018-01-27,Entertainment,Movies / dining out,414.89
demo@expenseiq.app,Demo User,2018-01-29,Transport,Fuel / commute,81.73
demo@expenseiq.app,Demo User,2018-02-01,Rent,Monthly rent,9472.85
demo@expenseiq.app,Demo User,2018-02-02,Transport,Fuel / commute,113.4
demo@expenseiq.app,Demo User,2018-02-03,Food & Groceries,Supermarket run,1542.9
demo@expenseiq.app,Demo User,2018-02-04,Transport,Fuel / commute,102.97
demo@expenseiq.app,Demo User,2018-02-06,Food & Groceries,Vegetables and fruit,492.82
demo@expenseiq.app,Demo User,2018-02-07,Entertainment,Movies / dining out,357.91
demo@expenseiq.app,Demo User,2018-02-08,Utilities,Electricity bill,1015.0
demo@expenseiq.app,Demo User,2018-02-08,Transport,Fuel / commute,82.27
demo@expenseiq.app,Demo User,2018-02-10,Utilities,Broadband internet,897.56
demo@expenseiq.app,Demo User,2018-02-10,Food & Groceries,Supermarket run,1280.5
demo@expenseiq.app,Demo User,2018-02-11,Transport,Fuel / commute,99.91
demo@expenseiq.app,Demo User,2018-02-12,Health,Doctor visit,528.43
demo@expenseiq.app,Demo User,2018-02-15,Transport,Fuel / commute,110.97
demo@expenseiq.app,Demo User,2018-02-16,Entertainment,Movies / dining out,518.44
demo@expenseiq.app,Demo User,2018-02-17,Food & Groceries,Supermarket run,1423.21
demo@expenseiq.app,Demo User,2018-02-18,Transport,Fuel / commute,91.86
demo@expenseiq.app,Demo User,2018-02-20,Food & Groceries,Vegetables and fruit,519.75
demo@expenseiq.app,Demo User,2018-02-22,Transport,Fuel / commute,113.69
demo@expenseiq.app,Demo User,2018-02-24,Food & Groceries,Supermarket run,1505.92
demo@expenseiq.app,Demo User,2018-02-24,Food & Groceries,Kirana store top-up,960.25
demo@expenseiq.app,Demo User,2018-02-25,Transport,Fuel / commute,117.21
demo@expenseiq.app,Demo User,2018-02-27,Entertainment,Movies / dining out,395.02
demo@expenseiq.app,Demo User,2018-03-01,Rent,Monthly rent,9535.09
demo@expenseiq.app,Demo User,2018-03-02,Transport,Fuel / commute,108.63
demo@expenseiq.app,Demo User,2018-03-03,Food & Groceries,Supermarket run,1501.65
demo@expenseiq.app,Demo User,2018-03-04,Transport,Fuel / commute,91.02
demo@expenseiq.app,Demo User,2018-03-06,Food & Groceries,Vegetables and fruit,527.65
demo@expenseiq.app,Demo User,2018-03-07,Entertainment,Movies / dining out,448.93
demo@expenseiq.app,Demo User,2018-03-08,Utilities,Electricity bill,989.67
demo@expenseiq.app,Demo User,2018-03-08,Transport,Fuel / commute,78.27
demo@expenseiq.app,Demo User,2018-03-10,Utilities,Broadband internet,891.07
demo@expenseiq.app,Demo User,2018-03-10,Food & Groceries,Supermarket run,1707.86
demo@expenseiq.app,Demo User,2018-03-11,Transport,Fuel / commute,108.03
demo@expenseiq.app,Demo User,2018-03-12,Health,Doctor visit,680.27
demo@expenseiq.app,Demo User,2018-03-15,Transport,Fuel / commute,110.24
demo@expenseiq.app,Demo User,2018-03-16,Entertainment,Movies / dining out,553.42
demo@expenseiq.app,Demo User,2018-03-17,Food & Groceries,Supermarket run,1637.12
demo@expenseiq.app,Demo User,2018-03-18,Transport,Fuel / commute,121.51
demo@expenseiq.app,Demo User,2018-03-20,Food & Groceries,Vegetables and fruit,501.15
demo@expenseiq.app,Demo User,2018-03-22,Transport,Fuel / commute,126.12
demo@expenseiq.app,Demo User,2018-03-24,Food & Groceries,Supermarket run,1627.92
demo@expenseiq.app,Demo User,2018-03-25,Transport,Fuel / commute,126.11
demo@expenseiq.app,Demo User,2018-03-27,Entertainment,Movies / dining out,499.85
demo@expenseiq.app,Demo User,2018-03-29,Transport,Fuel / commute,93.41
demo@expenseiq.app,Demo User,2018-04-01,Rent,Monthly rent,9584.13
demo@expenseiq.app,Demo User,2018-04-02,Transport,Fuel / commute,113.85
demo@expenseiq.app,Demo User,2018-04-03,Food & Groceries,Supermarket run,1573.66
demo@expenseiq.app,Demo User,2018-04-04,Transport,Fuel / commute,94.12
demo@expenseiq.app,Demo User,2018-04-05,Rent,Society maintenance,2077.8
demo@expenseiq.app,Demo User,2018-04-06,Food & Groceries,Vegetables and fruit,499.44
demo@expenseiq.app,Demo User,2018-04-07,Entertainment,Movies / dining out,405.55
demo@expenseiq.app,Demo User,2018-04-08,Utilities,Electricity bill,1141.35
demo@expenseiq.app,Demo User,2018-04-08,Transport,Fuel / commute,116.0
demo@expenseiq.app,Demo User,2018-04-10,Utilities,Broadband internet,894.14
demo@expenseiq.app,Demo User,2018-04-10,Food & Groceries,Supermarket run,1571.15
demo@expenseiq.app,Demo User,2018-04-11,Transport,Fuel / commute,117.02
demo@expenseiq.app,Demo User,2018-04-12,Health,Doctor visit,670.04
demo@expenseiq.app,Demo User,2018-04-15,Transport,Fuel / commute,139.83
demo@expenseiq.app,Demo User,2018-04-16,Entertainment,Movies / dining out,453.84
demo@expenseiq.app,Demo User,2018-04-17,Food & Groceries,Supermarket run,1697.32
demo@expenseiq.app,Demo User,2018-04-18,Transport,Fuel / commute,101.73
demo@expenseiq.app,Demo User,2018-04-20,Food & Groceries,Vegetables and fruit,507.51
demo@expenseiq.app,Demo User,2018-04-22,Transport,Fuel / commute,100.69
demo@expenseiq.app,Demo User,2018-04-24,Food & Groceries,Supermarket run,1769.36
demo@expenseiq.app,Demo User,2018-04-25,Transport,Fuel / commute,116.37
demo@expenseiq.app,Demo User,2018-04-27,Entertainment,Movies / dining out,383.85
demo@expenseiq.app,Demo User,2018-04-29,Transport,Fuel / commute,117.01
demo@expenseiq.app,Demo User,2018-05-01,Rent,Monthly rent,9665.65
demo@expenseiq.app,Demo User,2018-05-02,Transport,Fuel / commute,108.84
demo@expenseiq.app,Demo User,2018-05-03,Food & Groceries,Supermarket run,1737.17
demo@expenseiq.app,Demo User,2018-05-04,Transport,Fuel / commute,104.72
demo@expenseiq.app,Demo User,2018-05-06,Food & Groceries,Vegetables and fruit,528.68
demo@expenseiq.app,Demo User,2018-05-07,Entertainment,Movies / dining out,468.31
demo@expenseiq.app,Demo User,2018-05-08,Utilities,Electricity bill,1320.66
demo@expenseiq.app,Demo User,2018-05-08,Transport,Fuel / commute,120.39
demo@expenseiq.app,Demo User,2018-05-10,Utilities,Broadband internet,899.11
demo@expenseiq.app,Demo User,2018-05-10,Food & Groceries,Supermarket run,1892.15
demo@expenseiq.app,Demo User,2018-05-11,Transport,Fuel / commute,95.86
demo@expenseiq.app,Demo User,2018-05-12,Health,Doctor visit,682.05
demo@expenseiq.app,Demo User,2018-05-15,Transport,Fuel / commute,86.15
demo@expenseiq.app,Demo User,2018-05-16,Entertainment,Movies / dining out,425.54
demo@expenseiq.app,Demo User,2018-05-17,Food & Groceries,Supermarket run,1718.98
demo@expenseiq.app,Demo User,2018-05-18,Transport,Fuel / commute,114.86
demo@expenseiq.app,Demo User,2018-05-20,Food & Groceries,Vegetables and fruit,516.62
demo@expenseiq.app,Demo User,2018-05-22,Transport,Fuel / commute,115.07
demo@expenseiq.app,Demo User,2018-05-24,Food & Groceries,Supermarket run,1899.17
demo@expenseiq.app,Demo User,2018-05-25,Transport,Fuel / commute,113.13
demo@expenseiq.app,Demo User,2018-05-27,Entertainment,Movies / dining out,402.87
demo@expenseiq.app,Demo User,2018-05-29,Transport,Fuel / commute,112.2
demo@expenseiq.app,Demo User,2018-06-01,Rent,Monthly rent,9589.64
demo@expenseiq.app,Demo User,2018-06-02,Transport,Fuel / commute,127.21
demo@expenseiq.app,Demo User,2018-06-03,Food & Groceries,Supermarket run,1860.24
demo@expenseiq.app,Demo User,2018-06-04,Transport,Fuel / commute,110.12
demo@expenseiq.app,Demo User,2018-06-06,Food & Groceries,Vegetables and fruit,480.86
demo@expenseiq.app,Demo User,2018-06-07,Entertainment,Movies / dining out,426.72
demo@expenseiq.app,Demo User,2018-06-08,Utilities,Electricity bill,1340.13
demo@expenseiq.app,Demo User,2018-06-08,Transport,Fuel / commute,100.28
demo@expenseiq.app,Demo User,2018-06-10,Utilities,Broadband internet,897.84
demo@expenseiq.app,Demo User,2018-06-10,Food & Groceries,Supermarket run,1964.98
demo@expenseiq.app,Demo User,2018-06-11,Transport,Fuel / commute,105.4
demo@expenseiq.app,Demo User,2018-06-12,Health,Doctor visit,644.77
demo@expenseiq.app,Demo User,2018-06-15,Transport,Fuel / commute,124.84
demo@expenseiq.app,Demo User,2018-06-16,Entertainment,Movies / dining out,429.86
demo@expenseiq.app,Demo User,2018-06-17,Food & Groceries,Supermarket run,1774.97
demo@expenseiq.app,Demo User,2018-06-18,Transport,Fuel / commute,126.29
demo@expenseiq.app,Demo User,2018-06-20,Food & Groceries,Vegetables and fruit,480.92
demo@expenseiq.app,Demo User,2018-06-22,Transport,Fuel / commute,96.87
demo@expenseiq.app,Demo User,2018-06-24,Food & Groceries,Supermarket run,2046.16
demo@expenseiq.app,Demo User,2018-06-25,Transport,Fuel / commute,106.85
demo@expenseiq.app,Demo User,2018-06-27,Entertainment,Movies / dining out,488.37
demo@expenseiq.app,Demo User,2018-06-29,Transport,Fuel / commute,108.56
demo@expenseiq.app,Demo User,2018-07-01,Rent,Monthly rent,9706.81
demo@expenseiq.app,Demo User,2018-07-02,Transport,Fuel / commute,106.0
demo@expenseiq.app,Demo User,2018-07-03,Food & Groceries,Supermarket run,1575.07
demo@expenseiq.app,Demo User,2018-07-04,Transport,Fuel / commute,108.7
demo@expenseiq.app,Demo User,2018-07-05,Rent,Society maintenance,2225.3
demo@expenseiq.app,Demo User,2018-07-06,Food & Groceries,Vegetables and fruit,539.62
demo@expenseiq.app,Demo User,2018-07-07,Entertainment,Movies / dining out,401.0
demo@expenseiq.app,Demo User,2018-07-08,Utilities,Electricity bill,1497.52
demo@expenseiq.app,Demo User,2018-07-08,Transport,Fuel / commute,109.31
demo@expenseiq.app,Demo User,2018-07-10,Utilities,Broadband internet,910.07
demo@expenseiq.app,Demo User,2018-07-10,Food & Groceries,Supermarket run,1936.03
demo@expenseiq.app,Demo User,2018-07-11,Transport,Fuel / commute,109.92
demo@expenseiq.app,Demo User,2018-07-12,Health,Doctor visit,710.06
demo@expenseiq.app,Demo User,2018-07-15,Transport,Fuel / commute,121.27
demo@expenseiq.app,Demo User,2018-07-16,Entertainment,Movies / dining out,412.11
demo@expenseiq.app,Demo User,2018-07-17,Food & Groceries,Supermarket run,1888.61
demo@expenseiq.app,Demo User,2018-07-18,Transport,Fuel / commute,93.77
demo@expenseiq.app,Demo User,2018-07-20,Food & Groceries,Vegetables and fruit,507.69
demo@expenseiq.app,Demo User,2018-07-22,Transport,Fuel / commute,110.1
demo@expenseiq.app,Demo User,2018-07-23,Food & Groceries,Kirana store top-up,804.47
demo@expenseiq.app,Demo User,2018-07-24,Food & Groceries,Supermarket run,1895.77
demo@expenseiq.app,Demo User,2018-07-25,Transport,Fuel / commute,124.52
demo@expenseiq.app,Demo User,2018-07-27,Entertainment,Movies / dining out,384.47
demo@expenseiq.app,Demo User,2018-07-29,Transport,Fuel / commute,85.38
demo@expenseiq.app,Demo User,2018-08-01,Rent,Monthly rent,9672.87
demo@expenseiq.app,Demo User,2018-08-02,Transport,Fuel / commute,130.68
demo@expenseiq.app,Demo User,2018-08-03,Food & Groceries,Supermarket run,1859.3
demo@expenseiq.app,Demo User,2018-08-04,Transport,Fuel / commute,83.37
demo@expenseiq.app,Demo User,2018-08-06,Food & Groceries,Vegetables and fruit,477.68
demo@expenseiq.app,Demo User,2018-08-07,Entertainment,Movies / dining out,357.02
demo@expenseiq.app,Demo User,2018-08-08,Utilities,Electricity bill,1498.79
demo@expenseiq.app,Demo User,2018-08-08,Transport,Fuel / commute,111.87
demo@expenseiq.app,Demo User,2018-08-10,Utilities,Broadband internet,905.31
demo@expenseiq.app,Demo User,2018-08-10,Food & Groceries,Supermarket run,1998.62
demo@expenseiq.app,Demo User,2018-08-11,Transport,Fuel / commute,90.38
demo@expenseiq.app,Demo User,2018-08-12,Health,Doctor visit,670.03
demo@expenseiq.app,Demo User,2018-08-15,Transport,Fuel / commute,100.01
demo@expenseiq.app,Demo User,2018-08-16,Entertainment,Movies / dining out,473.53
demo@expenseiq.app,Demo User,2018-08-17,Food & Groceries,Supermarket run,1987.8
demo@expenseiq.app,Demo User,2018-08-18,Transport,Fuel / commute,103.52
demo@expenseiq.app,Demo User,2018-08-20,Food & Groceries,Vegetables and fruit,517.23
demo@expenseiq.app,Demo User,2018-08-22,Transport,Fuel / commute,102.79
demo@expenseiq.app,Demo User,2018-08-24,Food & Groceries,Supermarket run,1777.45
demo@expenseiq.app,Demo User,2018-08-25,Transport,Fuel / commute,101.32
demo@expenseiq.app,Demo User,2018-08-27,Entertainment,Movies / dining out,472.13
demo@expenseiq.app,Demo User,2018-08-29,Transport,Fuel / commute,108.35
demo@expenseiq.app,Demo User,2018-09-01,Rent,Monthly rent,9749.58
demo@expenseiq.app,Demo User,2018-09-02,Transport,Fuel / commute,121.45
demo@expenseiq.app,Demo User,2018-09-03,Food & Groceries,Supermarket run,1791.01
demo@expenseiq.app,Demo User,2018-09-04,Transport,Fuel / commute,109.71
demo@expenseiq.app,Demo User,2018-09-06,Food & Groceries,Vegetables and fruit,487.49
demo@expenseiq.app,Demo User,2018-09-07,Entertainment,Movies / dining out,494.32
demo@expenseiq.app,Demo User,2018-09-08,Utilities,Electricity bill,1352.48
demo@expenseiq.app,Demo User,2018-09-08,Transport,Fuel / commute,97.43
demo@expenseiq.app,Demo User,2018-09-10,Utilities,Broadband internet,910.88
demo@expenseiq.app,Demo User,2018-09-10,Food & Groceries,Supermarket run,1737.81
demo@expenseiq.app,Demo User,2018-09-11,Food & Groceries,Kirana store top-up,804.42
demo@expenseiq.app,Demo User,2018-09-11,Transport,Fuel / commute,119.22
demo@expenseiq.app,Demo User,2018-09-12,Health,Doctor visit,702.31
demo@expenseiq.app,Demo User,2018-09-15,Transport,Fuel / commute,101.37
demo@expenseiq.app,Demo User,2018-09-16,Entertainment,Movies / dining out,435.77
demo@expenseiq.app,Demo User,2018-09-17,Food & Groceries,Supermarket run,1873.69
demo@expenseiq.app,Demo User,2018-09-18,Transport,Fuel / commute,90.34
demo@expenseiq.app,Demo User,2018-09-20,Food & Groceries,Vegetables and fruit,487.53
demo@expenseiq.app,Demo User,2018-09-22,Transport,Fuel / commute,122.0
demo@expenseiq.app,Demo User,2018-09-24,Food & Groceries,Supermarket run,1817.15
demo@expenseiq.app,Demo User,2018-09-25,Transport,Fuel / commute,101.68
demo@expenseiq.app,Demo User,2018-09-27,Entertainment,Movies / dining out,372.17
demo@expenseiq.app,Demo User,2018-09-29,Transport,Fuel / commute,103.35
demo@expenseiq.app,Demo User,2018-10-01,Rent,Monthly rent,9723.04
demo@expenseiq.app,Demo User,2018-10-02,Transport,Fuel / commute,111.86
demo@expenseiq.app,Demo User,2018-10-03,Food & Groceries,Supermarket run,2330.54
demo@expenseiq.app,Demo User,2018-10-04,Transport,Fuel / commute,129.87
demo@expenseiq.app,Demo User,2018-10-05,Rent,Society maintenance,2184.99
demo@expenseiq.app,Demo User,2018-10-06,Food & Groceries,Vegetables and fruit,462.19
demo@expenseiq.app,Demo User,2018-10-07,Entertainment,Movies / dining out,534.99
demo@expenseiq.app,Demo User,2018-10-08,Utilities,Electricity bill,1166.18
demo@expenseiq.app,Demo User,2018-10-08,Transport,Fuel / commute,112.01
demo@expenseiq.app,Demo User,2018-10-10,Utilities,Broadband internet,936.05
demo@expenseiq.app,Demo User,2018-10-10,Food & Groceries,Supermarket run,2560.4
demo@expenseiq.app,Demo User,2018-10-11,Transport,Fuel / commute,127.22
demo@expenseiq.app,Demo User,2018-10-15,Transport,Fuel / commute,117.5
demo@expenseiq.app,Demo User,2018-10-16,Entertainment,Movies / dining out,503.63
demo@expenseiq.app,Demo User,2018-10-17,Food & Groceries,Supermarket run,2315.65
demo@expenseiq.app,Demo User,2018-10-18,Transport,Fuel / commute,130.41
demo@expenseiq.app,Demo User,2018-10-20,Food & Groceries,Vegetables and fruit,498.34
demo@expenseiq.app,Demo User,2018-10-22,Transport,Fuel / commute,108.33
demo@expenseiq.app,Demo User,2018-10-24,Food & Groceries,Supermarket run,2379.61
demo@expenseiq.app,Demo User,2018-10-25,Transport,Fuel / commute,140.4
demo@expenseiq.app,Demo User,2018-10-27,Entertainment,Movies / dining out,753.99
demo@expenseiq.app,Demo User,2018-10-29,Transport,Fuel / commute,102.75
demo@expenseiq.app,Demo User,2018-11-01,Rent,Monthly rent,9822.26
demo@expenseiq.app,Demo User,2018-11-02,Transport,Fuel / commute,86.86
demo@expenseiq.app,Demo User,2018-11-03,Food & Groceries,Supermarket run,2327.59
demo@expenseiq.app,Demo User,2018-11-04,Transport,Fuel / commute,92.99
demo@expenseiq.app,Demo User,2018-11-06,Food & Groceries,Vegetables and fruit,571.47
demo@expenseiq.app,Demo User,2018-11-07,Entertainment,Movies / dining out,527.23
demo@expenseiq.app,Demo User,2018-11-08,Utilities,Electricity bill,1192.68
demo@expenseiq.app,Demo User,2018-11-08,Transport,Fuel / commute,123.31
demo@expenseiq.app,Demo User,2018-11-10,Utilities,Broadband internet,914.48
demo@expenseiq.app,Demo User,2018-11-10,Food & Groceries,Supermarket run,2241.1
demo@expenseiq.app,Demo User,2018-11-11,Transport,Fuel / commute,103.4
demo@expenseiq.app,Demo User,2018-11-12,Health,Doctor visit,634.94
demo@expenseiq.app,Demo User,2018-11-15,Transport,Fuel / commute,94.96
demo@expenseiq.app,Demo User,2018-11-16,Entertainment,Movies / dining out,602.43
demo@expenseiq.app,Demo User,2018-11-17,Food & Groceries,Supermarket run,2004.85
demo@expenseiq.app,Demo User,2018-11-18,Transport,Fuel / commute,112.55
demo@expenseiq.app,Demo User,2018-11-20,Food & Groceries,Vegetables and fruit,483.27
demo@expenseiq.app,Demo User,2018-11-22,Transport,Fuel / commute,102.67
demo@expenseiq.app,Demo User,2018-11-24,Food & Groceries,Supermarket run,2315.86
demo@expenseiq.app,Demo User,2018-11-25,Food & Groceries,Kirana store top-up,921.58
demo@expenseiq.app,Demo User,2018-11-25,Transport,Fuel / commute,103.35
demo@expenseiq.app,Demo User,2018-11-27,Entertainment,Movies / dining out,660.3
demo@expenseiq.app,Demo User,2018-11-29,Transport,Fuel / commute,119.25
demo@expenseiq.app,Demo User,2018-12-01,Rent,Monthly rent,9799.93
demo@expenseiq.app,Demo User,2018-12-02,Transport,Fuel / commute,101.45
demo@expenseiq.app,Demo User,2018-12-03,Food & Groceries,Supermarket run,1429.98
demo@expenseiq.app,Demo User,2018-12-04,Transport,Fuel / commute,114.45
demo@expenseiq.app,Demo User,2018-12-06,Food & Groceries,Vegetables and fruit,543.99
demo@expenseiq.app,Demo User,2018-12-07,Entertainment,Movies / dining out,480.85
demo@expenseiq.app,Demo User,2018-12-08,Utilities,Electricity bill,1180.13
demo@expenseiq.app,Demo User,2018-12-08,Transport,Fuel / commute,98.4
demo@expenseiq.app,Demo User,2018-12-10,Utilities,Broadband internet,922.73
demo@expenseiq.app,Demo User,2018-12-10,Food & Groceries,Supermarket run,1501.32
demo@expenseiq.app,Demo User,2018-12-11,Transport,Fuel / commute,101.79
demo@expenseiq.app,Demo User,2018-12-12,Health,Doctor visit,702.2
demo@expenseiq.app,Demo User,2018-12-15,Transport,Fuel / commute,97.85
demo@expenseiq.app,Demo User,2018-12-16,Entertainment,Movies / dining out,346.89
demo@expenseiq.app,Demo User,2018-12-17,Food & Groceries,Supermarket run,1562.12
demo@expenseiq.app,Demo User,2018-12-18,Transport,Fuel / commute,94.28
demo@expenseiq.app,Demo User,2018-12-20,Food & Groceries,Vegetables and fruit,549.07
demo@expenseiq.app,Demo User,2018-12-22,Transport,Fuel / commute,124.01
demo@expenseiq.app,Demo User,2018-12-24,Food & Groceries,Supermarket run,1618.36
demo@expenseiq.app,Demo User,2018-12-25,Transport,Fuel / commute,119.05
demo@expenseiq.app,Demo User,2018-12-27,Entertainment,Movies / dining out,485.41
demo@expenseiq.app,Demo User,2018-12-29,Transport,Fuel / commute,122.85
demo@expenseiq.app,Demo User,2019-01-01,Rent,Monthly rent,9901.26
demo@expenseiq.app,Demo User,2019-01-02,Transport,Fuel / commute,105.48
demo@expenseiq.app,Demo User,2019-01-03,Food & Groceries,Supermarket run,1619.78
demo@expenseiq.app,Demo User,2019-01-04,Transport,Fuel / commute,114.92
demo@expenseiq.app,Demo User,2019-01-05,Rent,Society maintenance,2240.43
demo@expenseiq.app,Demo User,2019-01-06,Food & Groceries,Vegetables and fruit,464.12
demo@expenseiq.app,Demo User,2019-01-07,Entertainment,Movies / dining out,415.57
demo@expenseiq.app,Demo User,2019-01-08,Utilities,Electricity bill,1003.61
demo@expenseiq.app,Demo User,2019-01-08,Transport,Fuel / commute,101.81
demo@expenseiq.app,Demo User,2019-01-10,Utilities,Broadband internet,917.64
demo@expenseiq.app,Demo User,2019-01-10,Food & Groceries,Supermarket run,1556.38
demo@expenseiq.app,Demo User,2019-01-11,Transport,Fuel / commute,132.17
demo@expenseiq.app,Demo User,2019-01-12,Health,Doctor visit,790.27
demo@expenseiq.app,Demo User,2019-01-15,Transport,Fuel / commute,98.78
demo@expenseiq.app,Demo User,2019-01-16,Entertainment,Movies / dining out,462.5
demo@expenseiq.app,Demo User,2019-01-17,Food & Groceries,Supermarket run,1645.37
demo@expenseiq.app,Demo User,2019-01-18,Transport,Fuel / commute,105.92
demo@expenseiq.app,Demo User,2019-01-20,Food & Groceries,Vegetables and fruit,563.32
demo@expenseiq.app,Demo User,2019-01-22,Transport,Fuel / commute,111.81
demo@expenseiq.app,Demo User,2019-01-24,Food & Groceries,Supermarket run,1535.09
demo@expenseiq.app,Demo User,2019-01-25,Transport,Fuel / commute,95.92
demo@expenseiq.app,Demo User,2019-01-27,Entertainment,Movies / dining out,295.88
demo@expenseiq.app,Demo User,2019-01-29,Transport,Fuel / commute,114.77
demo@expenseiq.app,Demo User,2019-02-01,Rent,Monthly rent,9939.65
demo@expenseiq.app,Demo User,2019-02-02,Transport,Fuel / commute,114.23
demo@expenseiq.app,Demo User,2019-02-03,Food & Groceries,Supermarket run,1533.31
demo@expenseiq.app,Demo User,2019-02-04,Transport,Fuel / commute,113.18
demo@expenseiq.app,Demo User,2019-02-06,Food & Groceries,Vegetables and fruit,463.27
demo@expenseiq.app,Demo User,2019-02-07,Entertainment,Movies / dining out,410.21
demo@expenseiq.app,Demo User,2019-02-08,Utilities,Electricity bill,997.39
demo@expenseiq.app,Demo User,2019-02-08,Transport,Fuel / commute,117.99
demo@expenseiq.app,Demo User,2019-02-10,Utilities,Broadband internet,919.01
demo@expenseiq.app,Demo User,2019-02-10,Food & Groceries,Supermarket run,1637.82
demo@expenseiq.app,Demo User,2019-02-11,Transport,Fuel / commute,98.62
demo@expenseiq.app,Demo User,2019-02-12,Health,Doctor visit,548.59
demo@expenseiq.app,Demo User,2019-02-15,Transport,Fuel / commute,111.68
demo@expenseiq.app,Demo User,2019-02-16,Entertainment,Movies / dining out,415.38
demo@expenseiq.app,Demo User,2019-02-17,Food & Groceries,Supermarket run,1724.59
demo@expenseiq.app,Demo User,2019-02-18,Transport,Fuel / commute,116.41
demo@expenseiq.app,Demo User,2019-02-20,Food & Groceries,Vegetables and fruit,515.17
demo@expenseiq.app,Demo User,2019-02-22,Transport,Fuel / commute,121.8
demo@expenseiq.app,Demo User,2019-02-24,Food & Groceries,Supermarket run,1639.52
demo@expenseiq.app,Demo User,2019-02-25,Transport,Fuel / commute,100.1
demo@expenseiq.app,Demo User,2019-02-27,Entertainment,Movies / dining out,389.04
demo@expenseiq.app,Demo User,2019-03-01,Rent,Monthly rent,9972.26
demo@expenseiq.app,Demo User,2019-03-02,Transport,Fuel / commute,94.17
demo@expenseiq.app,Demo User,2019-03-03,Food & Groceries,Supermarket run,1827.39
demo@expenseiq.app,Demo User,2019-03-04,Transport,Fuel / commute,118.27
demo@expenseiq.app,Demo User,2019-03-06,Food & Groceries,Vegetables and fruit,512.58
demo@expenseiq.app,Demo User,2019-03-07,Entertainment,Movies / dining out,425.04
demo@expenseiq.app,Demo User,2019-03-08,Utilities,Electricity bill,1107.39
demo@expenseiq.app,Demo User,2019-03-08,Transport,Fuel / commute,102.55
demo@expenseiq.app,Demo User,2019-03-10,Utilities,Broadband internet,939.83
demo@expenseiq.app,Demo User,2019-03-10,Food & Groceries,Supermarket run,1720.51
demo@expenseiq.app,Demo User,2019-03-11,Transport,Fuel / commute,112.58
demo@expenseiq.app,Demo User,2019-03-15,Transport,Fuel / commute,107.45
demo@expenseiq.app,Demo User,2019-03-16,Entertainment,Movies / dining out,504.04
demo@expenseiq.app,Demo User,2019-03-17,Food & Groceries,Supermarket run,1484.24
demo@expenseiq.app,Demo User,2019-03-18,Transport,Fuel / commute,136.94
demo@expenseiq.app,Demo User,2019-03-20,Food & Groceries,Vegetables and fruit,531.47
demo@expenseiq.app,Demo User,2019-03-22,Transport,Fuel / commute,137.71
demo@expenseiq.app,Demo User,2019-03-24,Food & Groceries,Supermarket run,1780.72
demo@expenseiq.app,Demo User,2019-03-25,Transport,Fuel / commute,111.87
demo@expenseiq.app,Demo User,2019-03-27,Entertainment,Movies / dining out,427.42
demo@expenseiq.app,Demo User,2019-03-29,Transport,Fuel / commute,112.1
demo@expenseiq.app,Demo User,2019-04-01,Rent,Monthly rent,9922.06
demo@expenseiq.app,Demo User,2019-04-02,Transport,Fuel / commute,112.21
demo@expenseiq.app,Demo User,2019-04-03,Food & Groceries,Supermarket run,1718.05
demo@expenseiq.app,Demo User,2019-04-04,Transport,Fuel / commute,107.49
demo@expenseiq.app,Demo User,2019-04-05,Rent,Society maintenance,2124.93
demo@expenseiq.app,Demo User,2019-04-06,Food & Groceries,Vegetables and fruit,556.77
demo@expenseiq.app,Demo User,2019-04-07,Entertainment,Movies / dining out,530.37
demo@expenseiq.app,Demo User,2019-04-08,Utilities,Electricity bill,1244.72
demo@expenseiq.app,Demo User,2019-04-08,Transport,Fuel / commute,90.42
demo@expenseiq.app,Demo User,2019-04-10,Utilities,Broadband internet,942.08
demo@expenseiq.app,Demo User,2019-04-10,Food & Groceries,Supermarket run,1796.9
demo@expenseiq.app,Demo User,2019-04-11,Transport,Fuel / commute,99.34
demo@expenseiq.app,Demo User,2019-04-15,Transport,Fuel / commute,132.69
demo@expenseiq.app,Demo User,2019-04-16,Entertainment,Movies / dining out,436.68
demo@expenseiq.app,Demo User,2019-04-17,Food & Groceries,Supermarket run,1743.72
demo@expenseiq.app,Demo User,2019-04-18,Transport,Fuel / commute,116.83
demo@expenseiq.app,Demo User,2019-04-20,Food & Groceries,Vegetables and fruit,498.19
demo@expenseiq.app,Demo User,2019-04-22,Transport,Fuel / commute,93.94
demo@expenseiq.app,Demo User,2019-04-24,Food & Groceries,Supermarket run,1751.35
demo@expenseiq.app,Demo User,2019-04-25,Transport,Fuel / commute,91.03
demo@expenseiq.app,Demo User,2019-04-27,Entertainment,Movies / dining out,516.75
demo@expenseiq.app,Demo User,2019-04-29,Transport,Fuel / commute,110.17
demo@expenseiq.app,Demo User,2019-05-01,Rent,Monthly rent,9960.52
demo@expenseiq.app,Demo User,2019-05-02,Transport,Fuel / commute,101.8
demo@expenseiq.app,Demo User,2019-05-03,Food & Groceries,Supermarket run,1952.03
demo@expenseiq.app,Demo User,2019-05-04,Transport,Fuel / commute,104.31
demo@expenseiq.app,Demo User,2019-05-06,Food & Groceries,Vegetables and fruit,529.35
demo@expenseiq.app,Demo User,2019-05-07,Entertainment,Movies / dining out,414.63
demo@expenseiq.app,Demo User,2019-05-08,Utilities,Electricity bill,1421.15
demo@expenseiq.app,Demo User,2019-05-08,Transport,Fuel / commute,105.87
demo@expenseiq.app,Demo User,2019-05-10,Utilities,Broadband internet,943.38
demo@expenseiq.app,Demo User,2019-05-10,Food & Groceries,Supermarket run,1677.89
demo@expenseiq.app,Demo User,2019-05-11,Transport,Fuel / commute,87.18
demo@expenseiq.app,Demo User,2019-05-12,Health,Doctor visit,718.38
demo@expenseiq.app,Demo User,2019-05-15,Transport,Fuel / commute,123.69
demo@expenseiq.app,Demo User,2019-05-16,Entertainment,Movies / dining out,400.86
demo@expenseiq.app,Demo User,2019-05-17,Food & Groceries,Supermarket run,2025.98
demo@expenseiq.app,Demo User,2019-05-18,Transport,Fuel / commute,128.13
demo@expenseiq.app,Demo User,2019-05-20,Food & Groceries,Vegetables and fruit,558.4
demo@expenseiq.app,Demo User,2019-05-22,Transport,Fuel / commute,102.67
demo@expenseiq.app,Demo User,2019-05-24,Food & Groceries,Supermarket run,1949.84
demo@expenseiq.app,Demo User,2019-05-25,Transport,Fuel / commute,116.78
demo@expenseiq.app,Demo User,2019-05-27,Entertainment,Movies / dining out,505.01
demo@expenseiq.app,Demo User,2019-05-29,Transport,Fuel / commute,108.53
demo@expenseiq.app,Demo User,2019-06-01,Rent,Monthly rent,10104.17
demo@expenseiq.app,Demo User,2019-06-02,Transport,Fuel / commute,111.85
demo@expenseiq.app,Demo User,2019-06-03,Food & Groceries,Supermarket run,1795.28
demo@expenseiq.app,Demo User,2019-06-04,Transport,Fuel / commute,100.49
demo@expenseiq.app,Demo User,2019-06-06,Food & Groceries,Vegetables and fruit,525.96
demo@expenseiq.app,Demo User,2019-06-07,Entertainment,Movies / dining out,435.08
demo@expenseiq.app,Demo User,2019-06-08,Utilities,Electricity bill,1497.13
demo@expenseiq.app,Demo User,2019-06-08,Transport,Fuel / commute,102.52
demo@expenseiq.app,Demo User,2019-06-10,Utilities,Broadband internet,930.91
demo@expenseiq.app,Demo User,2019-06-10,Food & Groceries,Supermarket run,2100.07
demo@expenseiq.app,Demo User,2019-06-11,Food & Groceries,Kirana store top-up,831.35
demo@expenseiq.app,Demo User,2019-06-11,Transport,Fuel / commute,101.98
demo@expenseiq.app,Demo User,2019-06-15,Transport,Fuel / commute,119.58
demo@expenseiq.app,Demo User,2019-06-16,Entertainment,Movies / dining out,475.52
demo@expenseiq.app,Demo User,2019-06-17,Food & Groceries,Supermarket run,1857.58
demo@expenseiq.app,Demo User,2019-06-18,Transport,Fuel / commute,109.39
demo@expenseiq.app,Demo User,2019-06-20,Food & Groceries,Vegetables and fruit,487.74
demo@expenseiq.app,Demo User,2019-06-22,Transport,Fuel / commute,110.12
demo@expenseiq.app,Demo User,2019-06-24,Food & Groceries,Supermarket run,1868.17
demo@expenseiq.app,Demo User,2019-06-25,Transport,Fuel / commute,120.59
demo@expenseiq.app,Demo User,2019-06-27,Entertainment,Movies / dining out,486.2
demo@expenseiq.app,Demo User,2019-06-29,Transport,Fuel / commute,110.61
demo@expenseiq.app,Demo User,2019-07-01,Rent,Monthly rent,10125.26
demo@expenseiq.app,Demo User,2019-07-02,Transport,Fuel / commute,106.49
demo@expenseiq.app,Demo User,2019-07-03,Food & Groceries,Supermarket run,2210.13
demo@expenseiq.app,Demo User,2019-07-04,Transport,Fuel / commute,133.95
demo@expenseiq.app,Demo User,2019-07-05,Rent,Society maintenance,1977.71
demo@expenseiq.app,Demo User,2019-07-06,Food & Groceries,Vegetables and fruit,611.29
demo@expenseiq.app,Demo User,2019-07-07,Entertainment,Movies / dining out,434.52
demo@expenseiq.app,Demo User,2019-07-08,Utilities,Electricity bill,1530.74
demo@expenseiq.app,Demo User,2019-07-08,Transport,Fuel / commute,107.87
demo@expenseiq.app,Demo User,2019-07-10,Utilities,Broadband internet,960.82
demo@expenseiq.app,Demo User,2019-07-10,Food & Groceries,Supermarket run,1846.72
demo@expenseiq.app,Demo User,2019-07-11,Transport,Fuel / commute,122.74
demo@expenseiq.app,Demo User,2019-07-12,Health,Doctor visit,697.21
demo@expenseiq.app,Demo User,2019-07-15,Transport,Fuel / commute,92.93
demo@expenseiq.app,Demo User,2019-07-16,Entertainment,Movies / dining out,411.22
demo@expenseiq.app,Demo User,2019-07-17,Food & Groceries,Supermarket run,1952.65
demo@expenseiq.app,Demo User,2019-07-18,Transport,Fuel / commute,110.63
demo@expenseiq.app,Demo User,2019-07-20,Food & Groceries,Vegetables and fruit,513.95
demo@expenseiq.app,Demo User,2019-07-22,Transport,Fuel / commute,90.46
demo@expenseiq.app,Demo User,2019-07-24,Food & Groceries,Supermarket run,1997.11
demo@expenseiq.app,Demo User,2019-07-25,Transport,Fuel / commute,98.65
demo@expenseiq.app,Demo User,2019-07-27,Entertainment,Movies / dining out,439.86
demo@expenseiq.app,Demo User,2019-07-29,Transport,Fuel / commute,124.33
demo@expenseiq.app,Demo User,2019-08-01,Rent,Monthly rent,10093.43
demo@expenseiq.app,Demo User,2019-08-02,Transport,Fuel / commute,106.73
demo@expenseiq.app,Demo User,2019-08-03,Food & Groceries,Supermarket run,1826.45
demo@expenseiq.app,Demo User,2019-08-04,Transport,Fuel / commute,132.52
demo@expenseiq.app,Demo User,2019-08-06,Food & Groceries,Vegetables and fruit,481.14
demo@expenseiq.app,Demo User,2019-08-07,Entertainment,Movies / dining out,387.38
demo@expenseiq.app,Demo User,2019-08-08,Utilities,Electricity bill,1515.28
demo@expenseiq.app,Demo User,2019-08-08,Transport,Fuel / commute,117.79
demo@expenseiq.app,Demo User,2019-08-10,Utilities,Broadband internet,943.91
demo@expenseiq.app,Demo User,2019-08-10,Food & Groceries,Supermarket run,2025.91
demo@expenseiq.app,Demo User,2019-08-11,Transport,Fuel / commute,130.2
demo@expenseiq.app,Demo User,2019-08-12,Health,Doctor visit,659.35
demo@expenseiq.app,Demo User,2019-08-15,Transport,Fuel / commute,103.1
demo@expenseiq.app,Demo User,2019-08-16,Entertainment,Movies / dining out,376.6
demo@expenseiq.app,Demo User,2019-08-17,Food & Groceries,Supermarket run,1844.91
demo@expenseiq.app,Demo User,2019-08-18,Transport,Fuel / commute,114.15
demo@expenseiq.app,Demo User,2019-08-20,Food & Groceries,Vegetables and fruit,549.81
demo@expenseiq.app,Demo User,2019-08-22,Transport,Fuel / commute,100.03
demo@expenseiq.app,Demo User,2019-08-24,Food & Groceries,Supermarket run,2016.16
demo@expenseiq.app,Demo User,2019-08-25,Transport,Fuel / commute,107.76
demo@expenseiq.app,Demo User,2019-08-27,Entertainment,Movies / dining out,326.19
demo@expenseiq.app,Demo User,2019-08-29,Transport,Fuel / commute,109.82
demo@expenseiq.app,Demo User,2019-09-01,Rent,Monthly rent,10250.01
demo@expenseiq.app,Demo User,2019-09-02,Transport,Fuel / commute,92.45
demo@expenseiq.app,Demo User,2019-09-03,Food & Groceries,Supermarket run,1886.22
demo@expenseiq.app,Demo User,2019-09-04,Transport,Fuel / commute,116.81
demo@expenseiq.app,Demo User,2019-09-06,Food & Groceries,Vegetables and fruit,512.44
demo@expenseiq.app,Demo User,2019-09-07,Entertainment,Movies / dining out,473.13
demo@expenseiq.app,Demo User,2019-09-08,Utilities,Electricity bill,1434.75
demo@expenseiq.app,Demo User,2019-09-08,Transport,Fuel / commute,117.01
demo@expenseiq.app,Demo User,2019-09-10,Utilities,Broadband internet,953.56
demo@expenseiq.app,Demo User,2019-09-10,Food & Groceries,Supermarket run,1821.38
demo@expenseiq.app,Demo User,2019-09-11,Transport,Fuel / commute,137.04
demo@expenseiq.app,Demo User,2019-09-12,Health,Doctor visit,743.41
demo@expenseiq.app,Demo User,2019-09-15,Transport,Fuel / commute,104.68
demo@expenseiq.app,Demo User,2019-09-16,Entertainment,Movies / dining out,441.27
demo@expenseiq.app,Demo User,2019-09-17,Food & Groceries,Supermarket run,1799.5
demo@expenseiq.app,Demo User,2019-09-18,Transport,Fuel / commute,117.85
demo@expenseiq.app,Demo User,2019-09-20,Food & Groceries,Vegetables and fruit,494.47
demo@expenseiq.app,Demo User,2019-09-22,Transport,Fuel / commute,118.08
demo@expenseiq.app,Demo User,2019-09-24,Food & Groceries,Supermarket run,1793.8
demo@expenseiq.app,Demo User,2019-09-25,Transport,Fuel / commute,110.34
demo@expenseiq.app,Demo User,2019-09-27,Entertainment,Movies / dining out,435.71
demo@expenseiq.app,Demo User,2019-09-29,Transport,Fuel / commute,123.98
demo@expenseiq.app,Demo User,2019-10-01,Rent,Monthly rent,10265.72
demo@expenseiq.app,Demo User,2019-10-02,Transport,Fuel / commute,117.6
demo@expenseiq.app,Demo User,2019-10-03,Food & Groceries,Supermarket run,2537.54
demo@expenseiq.app,Demo User,2019-10-04,Transport,Fuel / commute,128.82
demo@expenseiq.app,Demo User,2019-10-05,Rent,Society maintenance,2188.09
demo@expenseiq.app,Demo User,2019-10-06,Food & Groceries,Vegetables and fruit,566.61
demo@expenseiq.app,Demo User,2019-10-07,Entertainment,Movies / dining out,600.63
demo@expenseiq.app,Demo User,2019-10-08,Utilities,Electricity bill,1272.91
demo@expenseiq.app,Demo User,2019-10-08,Transport,Fuel / commute,105.3
demo@expenseiq.app,Demo User,2019-10-10,Utilities,Broadband internet,956.46
demo@expenseiq.app,Demo User,2019-10-10,Food & Groceries,Supermarket run,2508.63
demo@expenseiq.app,Demo User,2019-10-11,Transport,Fuel / commute,105.62
demo@expenseiq.app,Demo User,2019-10-12,Health,Doctor visit,575.94
demo@expenseiq.app,Demo User,2019-10-15,Transport,Fuel / commute,116.72
demo@expenseiq.app,Demo User,2019-10-16,Entertainment,Movies / dining out,605.24
demo@expenseiq.app,Demo User,2019-10-17,Food & Groceries,Supermarket run,2580.77
demo@expenseiq.app,Demo User,2019-10-18,Transport,Fuel / commute,119.93
demo@expenseiq.app,Demo User,2019-10-20,Food & Groceries,Vegetables and fruit,536.86
demo@expenseiq.app,Demo User,2019-10-22,Transport,Fuel / commute,102.94
demo@expenseiq.app,Demo User,2019-10-24,Food & Groceries,Supermarket run,2558.35
demo@expenseiq.app,Demo User,2019-10-25,Transport,Fuel / commute,113.21
demo@expenseiq.app,Demo User,2019-10-27,Entertainment,Movies / dining out,605.02
demo@expenseiq.app,Demo User,2019-10-29,Transport,Fuel / commute,112.95
demo@expenseiq.app,Demo User,2019-11-01,Rent,Monthly rent,10273.76
demo@expenseiq.app,Demo User,2019-11-02,Transport,Fuel / commute,134.68
demo@expenseiq.app,Demo User,2019-11-03,Food & Groceries,Supermarket run,2061.21
demo@expenseiq.app,Demo User,2019-11-04,Transport,Fuel / commute,119.84
demo@expenseiq.app,Demo User,2019-11-06,Food & Groceries,Vegetables and fruit,467.83
demo@expenseiq.app,Demo User,2019-11-07,Entertainment,Movies / dining out,520.52
demo@expenseiq.app,Demo User,2019-11-08,Utilities,Electricity bill,1120.81
demo@expenseiq.app,Demo User,2019-11-08,Transport,Fuel / commute,103.12
demo@expenseiq.app,Demo User,2019-11-10,Utilities,Broadband internet,975.75
demo@expenseiq.app,Demo User,2019-11-10,Food & Groceries,Supermarket run,2330.29
demo@expenseiq.app,Demo User,2019-11-11,Transport,Fuel / commute,105.24
demo@expenseiq.app,Demo User,2019-11-12,Health,Doctor visit,625.43
demo@expenseiq.app,Demo User,2019-11-15,Transport,Fuel / commute,106.96
demo@expenseiq.app,Demo User,2019-11-16,Entertainment,Movies / dining out,658.81
demo@expenseiq.app,Demo User,2019-11-17,Food & Groceries,Supermarket run,2594.46
demo@expenseiq.app,Demo User,2019-11-18,Transport,Fuel / commute,119.64
demo@expenseiq.app,Demo User,2019-11-20,Food & Groceries,Vegetables and fruit,525.95
demo@expenseiq.app,Demo User,2019-11-22,Transport,Fuel / commute,133.08
demo@expenseiq.app,Demo User,2019-11-24,Food & Groceries,Supermarket run,2301.02
demo@expenseiq.app,Demo User,2019-11-25,Transport,Fuel / commute,129.15
demo@expenseiq.app,Demo User,2019-11-27,Entertainment,Movies / dining out,519.22
demo@expenseiq.app,Demo User,2019-11-29,Transport,Fuel / commute,120.94
demo@expenseiq.app,Demo User,2019-12-01,Rent,Monthly rent,10355.87
demo@expenseiq.app,Demo User,2019-12-02,Transport,Fuel / commute,123.94
demo@expenseiq.app,Demo User,2019-12-03,Food & Groceries,Supermarket run,1778.6
demo@expenseiq.app,Demo User,2019-12-04,Transport,Fuel / commute,115.52
demo@expenseiq.app,Demo User,2019-12-06,Food & Groceries,Vegetables and fruit,555.04
demo@expenseiq.app,Demo User,2019-12-07,Entertainment,Movies / dining out,541.34
demo@expenseiq.app,Demo User,2019-12-08,Utilities,Electricity bill,1130.6
demo@expenseiq.app,Demo User,2019-12-08,Transport,Fuel / commute,103.37
demo@expenseiq.app,Demo User,2019-12-10,Utilities,Broadband internet,960.3
demo@expenseiq.app,Demo User,2019-12-10,Food & Groceries,Supermarket run,1761.04
demo@expenseiq.app,Demo User,2019-12-11,Transport,Fuel / commute,100.61
demo@expenseiq.app,Demo User,2019-12-12,Health,Doctor visit,664.87
demo@expenseiq.app,Demo User,2019-12-15,Transport,Fuel / commute,104.71
demo@expenseiq.app,Demo User,2019-12-16,Entertainment,Movies / dining out,445.58
demo@expenseiq.app,Demo User,2019-12-17,Food & Groceries,Supermarket run,1699.07
demo@expenseiq.app,Demo User,2019-12-18,Transport,Fuel / commute,118.16
demo@expenseiq.app,Demo User,2019-12-20,Food & Groceries,Vegetables and fruit,541.74
demo@expenseiq.app,Demo User,2019-12-22,Transport,Fuel / commute,114.72
demo@expenseiq.app,Demo User,2019-12-24,Food & Groceries,Supermarket run,1660.18
demo@expenseiq.app,Demo User,2019-12-25,Transport,Fuel / commute,118.07
demo@expenseiq.app,Demo User,2019-12-27,Entertainment,Movies / dining out,436.43
demo@expenseiq.app,Demo User,2019-12-29,Transport,Fuel / commute,122.01
demo@expenseiq.app,Demo User,2020-01-01,Rent,Monthly rent,10288.62
demo@expenseiq.app,Demo User,2020-01-02,Transport,Fuel / commute,123.4
demo@expenseiq.app,Demo User,2020-01-03,Food & Groceries,Supermarket run,1466.2
demo@expenseiq.app,Demo User,2020-01-04,Transport,Fuel / commute,90.97
demo@expenseiq.app,Demo User,2020-01-05,Rent,Society maintenance,2562.85
demo@expenseiq.app,Demo User,2020-01-06,Food & Groceries,Vegetables and fruit,592.95
demo@expenseiq.app,Demo User,2020-01-07,Entertainment,Movies / dining out,463.69
demo@expenseiq.app,Demo User,2020-01-08,Utilities,Electricity bill,1058.61
demo@expenseiq.app,Demo User,2020-01-08,Transport,Fuel / commute,140.98
demo@expenseiq.app,Demo User,2020-01-10,Utilities,Broadband internet,972.39
demo@expenseiq.app,Demo User,2020-01-10,Food & Groceries,Supermarket run,1622.01
demo@expenseiq.app,Demo User,2020-01-11,Transport,Fuel / commute,99.0
demo@expenseiq.app,Demo User,2020-01-12,Health,Doctor visit,673.63
demo@expenseiq.app,Demo User,2020-01-15,Transport,Fuel / commute,136.71
demo@expenseiq.app,Demo User,2020-01-16,Entertainment,Movies / dining out,448.22
demo@expenseiq.app,Demo User,2020-01-17,Food & Groceries,Supermarket run,1520.56
demo@expenseiq.app,Demo User,2020-01-18,Transport,Fuel / commute,129.68
demo@expenseiq.app,Demo User,2020-01-20,Food & Groceries,Vegetables and fruit,567.86
demo@expenseiq.app,Demo User,2020-01-22,Transport,Fuel / commute,123.52
demo@expenseiq.app,Demo User,2020-01-24,Food & Groceries,Supermarket run,1567.99
demo@expenseiq.app,Demo User,2020-01-25,Transport,Fuel / commute,103.67
demo@expenseiq.app,Demo User,2020-01-27,Entertainment,Movies / dining out,349.04
demo@expenseiq.app,Demo User,2020-01-29,Transport,Fuel / commute,117.62
demo@expenseiq.app,Demo User,2020-02-01,Rent,Monthly rent,10445.67
demo@expenseiq.app,Demo User,2020-02-02,Transport,Fuel / commute,134.84
demo@expenseiq.app,Demo User,2020-02-03,Food & Groceries,Supermarket run,1564.59
demo@expenseiq.app,Demo User,2020-02-04,Transport,Fuel / commute,132.04
demo@expenseiq.app,Demo User,2020-02-06,Food & Groceries,Vegetables and fruit,562.91
demo@expenseiq.app,Demo User,2020-02-07,Entertainment,Movies / dining out,380.64
demo@expenseiq.app,Demo User,2020-02-08,Utilities,Electricity bill,1093.25
demo@expenseiq.app,Demo User,2020-02-08,Transport,Fuel / commute,126.6
demo@expenseiq.app,Demo User,2020-02-10,Utilities,Broadband internet,981.15
demo@expenseiq.app,Demo User,2020-02-10,Food & Groceries,Supermarket run,1622.32
demo@expenseiq.app,Demo User,2020-02-11,Transport,Fuel / commute,96.17
demo@expenseiq.app,Demo User,2020-02-12,Health,Doctor visit,689.43
demo@expenseiq.app,Demo User,2020-02-15,Transport,Fuel / commute,106.27
demo@expenseiq.app,Demo User,2020-02-16,Entertainment,Movies / dining out,460.83
demo@expenseiq.app,Demo User,2020-02-17,Food & Groceries,Supermarket run,1553.3
demo@expenseiq.app,Demo User,2020-02-18,Transport,Fuel / commute,101.98
demo@expenseiq.app,Demo User,2020-02-20,Food & Groceries,Vegetables and fruit,565.35
demo@expenseiq.app,Demo User,2020-02-22,Transport,Fuel / commute,126.07
demo@expenseiq.app,Demo User,2020-02-24,Food & Groceries,Supermarket run,1760.03
demo@expenseiq.app,Demo User,2020-02-25,Transport,Fuel / commute,118.32
demo@expenseiq.app,Demo User,2020-02-27,Entertainment,Movies / dining out,371.66
demo@expenseiq.app,Demo User,2020-02-29,Transport,Fuel / commute,96.6
demo@expenseiq.app,Demo User,2020-03-01,Rent,Monthly rent,10424.52
demo@expenseiq.app,Demo User,2020-03-02,Transport,Fuel / commute,102.3
demo@expenseiq.app,Demo User,2020-03-03,Food & Groceries,Supermarket run,1830.07
demo@expenseiq.app,Demo User,2020-03-04,Transport,Fuel / commute,103.57
demo@expenseiq.app,Demo User,2020-03-06,Food & Groceries,Vegetables and fruit,621.88
demo@expenseiq.app,Demo User,2020-03-07,Entertainment,Movies / dining out,449.36
demo@expenseiq.app,Demo User,2020-03-08,Utilities,Electricity bill,1113.53
demo@expenseiq.app,Demo User,2020-03-08,Transport,Fuel / commute,124.83
demo@expenseiq.app,Demo User,2020-03-10,Utilities,Broadband internet,966.87
demo@expenseiq.app,Demo User,2020-03-10,Food & Groceries,Supermarket run,1583.34
demo@expenseiq.app,Demo User,2020-03-11,Transport,Fuel / commute,112.71
demo@expenseiq.app,Demo User,2020-03-12,Health,Doctor visit,745.31
demo@expenseiq.app,Demo User,2020-03-15,Transport,Fuel / commute,114.01
demo@expenseiq.app,Demo User,2020-03-16,Entertainment,Movies / dining out,368.37
demo@expenseiq.app,Demo User,2020-03-17,Food & Groceries,Supermarket run,1800.31
demo@expenseiq.app,Demo User,2020-03-18,Transport,Fuel / commute,134.14
demo@expenseiq.app,Demo User,2020-03-20,Food & Groceries,Vegetables and fruit,584.31
demo@expenseiq.app,Demo User,2020-03-21,Health,Pharmacy / lab tests,1476.06
demo@expenseiq.app,Demo User,2020-03-22,Transport,Fuel / commute,105.92
demo@expenseiq.app,Demo User,2020-03-24,Food & Groceries,Supermarket run,1645.88
demo@expenseiq.app,Demo User,2020-03-25,Transport,Fuel / commute,117.65
demo@expenseiq.app,Demo User,2020-03-27,Entertainment,Movies / dining out,406.5
demo@expenseiq.app,Demo User,2020-03-29,Transport,Fuel / commute,129.71
demo@expenseiq.app,Demo User,2020-04-01,Rent,Monthly rent,10493.18
demo@expenseiq.app,Demo User,2020-04-02,Transport,Fuel / commute,127.21
demo@expenseiq.app,Demo User,2020-04-03,Food & Groceries,Supermarket run,1913.57
demo@expenseiq.app,Demo User,2020-04-04,Transport,Fuel / commute,117.42
demo@expenseiq.app,Demo User,2020-04-05,Rent,Society maintenance,2385.51
demo@expenseiq.app,Demo User,2020-04-06,Food & Groceries,Vegetables and fruit,605.53
demo@expenseiq.app,Demo User,2020-04-07,Entertainment,Movies / dining out,472.68
demo@expenseiq.app,Demo User,2020-04-08,Utilities,Electricity bill,1257.64
demo@expenseiq.app,Demo User,2020-04-08,Transport,Fuel / commute,116.04
demo@expenseiq.app,Demo User,2020-04-10,Utilities,Broadband internet,980.03
demo@expenseiq.app,Demo User,2020-04-10,Food & Groceries,Supermarket run,1925.82
demo@expenseiq.app,Demo User,2020-04-11,Transport,Fuel / commute,124.62
demo@expenseiq.app,Demo User,2020-04-12,Health,Doctor visit,675.8
demo@expenseiq.app,Demo User,2020-04-15,Transport,Fuel / commute,115.18
demo@expenseiq.app,Demo User,2020-04-16,Entertainment,Movies / dining out,578.84
demo@expenseiq.app,Demo User,2020-04-17,Food & Groceries,Supermarket run,1790.92
demo@expenseiq.app,Demo User,2020-04-18,Transport,Fuel / commute,119.46
demo@expenseiq.app,Demo User,2020-04-20,Food & Groceries,Vegetables and fruit,636.95
demo@expenseiq.app,Demo User,2020-04-22,Transport,Fuel / commute,101.97
demo@expenseiq.app,Demo User,2020-04-24,Food & Groceries,Supermarket run,1866.69
demo@expenseiq.app,Demo User,2020-04-25,Transport,Fuel / commute,134.98
demo@expenseiq.app,Demo User,2020-04-27,Entertainment,Movies / dining out,443.51
demo@expenseiq.app,Demo User,2020-04-29,Transport,Fuel / commute,100.82
demo@expenseiq.app,Demo User,2020-05-01,Rent,Monthly rent,10453.55
demo@expenseiq.app,Demo User,2020-05-02,Transport,Fuel / commute,122.31
demo@expenseiq.app,Demo User,2020-05-03,Food & Groceries,Supermarket run,1924.4
demo@expenseiq.app,Demo User,2020-05-04,Transport,Fuel / commute,127.31
demo@expenseiq.app,Demo User,2020-05-06,Food & Groceries,Vegetables and fruit,567.09
demo@expenseiq.app,Demo User,2020-05-07,Entertainment,Movies / dining out,501.3
demo@expenseiq.app,Demo User,2020-05-08,Utilities,Electricity bill,1345.79
demo@expenseiq.app,Demo User,2020-05-08,Transport,Fuel / commute,115.91
demo@expenseiq.app,Demo User,2020-05-10,Utilities,Broadband internet,973.96
demo@expenseiq.app,Demo User,2020-05-10,Food & Groceries,Supermarket run,1877.91
demo@expenseiq.app,Demo User,2020-05-11,Transport,Fuel / commute,132.41
demo@expenseiq.app,Demo User,2020-05-12,Health,Doctor visit,740.62
demo@expenseiq.app,Demo User,2020-05-15,Transport,Fuel / commute,117.34
demo@expenseiq.app,Demo User,2020-05-16,Entertainment,Movies / dining out,492.68
demo@expenseiq.app,Demo User,2020-05-17,Food & Groceries,Supermarket run,2076.53
demo@expenseiq.app,Demo User,2020-05-18,Transport,Fuel / commute,128.38
demo@expenseiq.app,Demo User,2020-05-20,Food & Groceries,Vegetables and fruit,522.29
demo@expenseiq.app,Demo User,2020-05-22,Transport,Fuel / commute,110.34
demo@expenseiq.app,Demo User,2020-05-24,Food & Groceries,Supermarket run,1981.42
demo@expenseiq.app,Demo User,2020-05-24,Food & Groceries,Kirana store top-up,975.25
demo@expenseiq.app,Demo User,2020-05-25,Transport,Fuel / commute,91.73
demo@expenseiq.app,Demo User,2020-05-27,Entertainment,Movies / dining out,449.3
demo@expenseiq.app,Demo User,2020-05-29,Transport,Fuel / commute,121.01
demo@expenseiq.app,Demo User,2020-06-01,Rent,Monthly rent,10559.95
demo@expenseiq.app,Demo User,2020-06-02,Transport,Fuel / commute,105.65
demo@expenseiq.app,Demo User,2020-06-03,Food & Groceries,Supermarket run,1934.89
demo@expenseiq.app,Demo User,2020-06-04,Transport,Fuel / commute,122.08
demo@expenseiq.app,Demo User,2020-06-06,Food & Groceries,Vegetables and fruit,541.79
demo@expenseiq.app,Demo User,2020-06-07,Entertainment,Movies / dining out,294.96
demo@expenseiq.app,Demo User,2020-06-08,Utilities,Electricity bill,1558.01
demo@expenseiq.app,Demo User,2020-06-08,Transport,Fuel / commute,118.62
demo@expenseiq.app,Demo User,2020-06-10,Utilities,Broadband internet,995.28
demo@expenseiq.app,Demo User,2020-06-10,Food & Groceries,Supermarket run,1879.12
demo@expenseiq.app,Demo User,2020-06-11,Transport,Fuel / commute,95.68
demo@expenseiq.app,Demo User,2020-06-15,Transport,Fuel / commute,99.03
demo@expenseiq.app,Demo User,2020-06-16,Entertainment,Movies / dining out,512.03
demo@expenseiq.app,Demo User,2020-06-17,Food & Groceries,Supermarket run,2030.14
demo@expenseiq.app,Demo User,2020-06-18,Transport,Fuel / commute,117.83
demo@expenseiq.app,Demo User,2020-06-20,Food & Groceries,Vegetables and fruit,612.05
demo@expenseiq.app,Demo User,2020-06-22,Transport,Fuel / commute,145.63
demo@expenseiq.app,Demo User,2020-06-24,Food & Groceries,Supermarket run,2042.74
demo@expenseiq.app,Demo User,2020-06-25,Transport,Fuel / commute,125.84
demo@expenseiq.app,Demo User,2020-06-27,Entertainment,Movies / dining out,465.2
demo@expenseiq.app,Demo User,2020-06-29,Transport,Fuel / commute,93.29
demo@expenseiq.app,Demo User,2020-07-01,Rent,Monthly rent,10598.81
demo@expenseiq.app,Demo User,2020-07-02,Transport,Fuel / commute,98.93
demo@expenseiq.app,Demo User,2020-07-03,Food & Groceries,Supermarket run,1970.1
demo@expenseiq.app,Demo User,2020-07-04,Transport,Fuel / commute,101.09
demo@expenseiq.app,Demo User,2020-07-05,Rent,Society maintenance,2261.01
demo@expenseiq.app,Demo User,2020-07-06,Food & Groceries,Vegetables and fruit,506.21
demo@expenseiq.app,Demo User,2020-07-07,Entertainment,Movies / dining out,436.73
demo@expenseiq.app,Demo User,2020-07-08,Utilities,Electricity bill,1606.15
demo@expenseiq.app,Demo User,2020-07-08,Transport,Fuel / commute,103.33
demo@expenseiq.app,Demo User,2020-07-10,Utilities,Broadband internet,993.85
demo@expenseiq.app,Demo User,2020-07-10,Food & Groceries,Supermarket run,2040.93
demo@expenseiq.app,Demo User,2020-07-11,Transport,Fuel / commute,111.79
demo@expenseiq.app,Demo User,2020-07-12,Health,Doctor visit,715.23
demo@expenseiq.app,Demo User,2020-07-15,Transport,Fuel / commute,131.36
demo@expenseiq.app,Demo User,2020-07-16,Entertainment,Movies / dining out,456.56
demo@expenseiq.app,Demo User,2020-07-17,Food & Groceries,Supermarket run,2351.56
demo@expenseiq.app,Demo User,2020-07-18,Transport,Fuel / commute,126.28
demo@expenseiq.app,Demo User,2020-07-20,Food & Groceries,Vegetables and fruit,567.42
demo@expenseiq.app,Demo User,2020-07-22,Transport,Fuel / commute,125.5
demo@expenseiq.app,Demo User,2020-07-24,Food & Groceries,Supermarket run,2094.44
demo@expenseiq.app,Demo User,2020-07-25,Transport,Fuel / commute,102.51
demo@expenseiq.app,Demo User,2020-07-27,Entertainment,Movies / dining out,497.36
demo@expenseiq.app,Demo User,2020-07-29,Transport,Fuel / commute,110.41
demo@expenseiq.app,Demo User,2020-08-01,Rent,Monthly rent,10659.91
demo@expenseiq.app,Demo User,2020-08-02,Transport,Fuel / commute,111.57
demo@expenseiq.app,Demo User,2020-08-03,Food & Groceries,Supermarket run,1804.09
demo@expenseiq.app,Demo User,2020-08-04,Transport,Fuel / commute,109.27
demo@expenseiq.app,Demo User,2020-08-06,Food & Groceries,Vegetables and fruit,589.51
demo@expenseiq.app,Demo User,2020-08-07,Entertainment,Movies / dining out,448.66
demo@expenseiq.app,Demo User,2020-08-08,Utilities,Electricity bill,1712.71
demo@expenseiq.app,Demo User,2020-08-08,Transport,Fuel / commute,120.3
demo@expenseiq.app,Demo User,2020-08-10,Utilities,Broadband internet,997.39
demo@expenseiq.app,Demo User,2020-08-10,Food & Groceries,Supermarket run,2143.27
demo@expenseiq.app,Demo User,2020-08-11,Transport,Fuel / commute,112.69
demo@expenseiq.app,Demo User,2020-08-12,Health,Doctor visit,755.39
demo@expenseiq.app,Demo User,2020-08-15,Transport,Fuel / commute,102.74
demo@expenseiq.app,Demo User,2020-08-16,Entertainment,Movies / dining out,438.77
demo@expenseiq.app,Demo User,2020-08-17,Food & Groceries,Supermarket run,1955.57
demo@expenseiq.app,Demo User,2020-08-18,Transport,Fuel / commute,113.78
demo@expenseiq.app,Demo User,2020-08-20,Food & Groceries,Vegetables and fruit,572.81
demo@expenseiq.app,Demo User,2020-08-21,Health,Pharmacy / lab tests,1089.18
demo@expenseiq.app,Demo User,2020-08-22,Transport,Fuel / commute,123.34
demo@expenseiq.app,Demo User,2020-08-24,Food & Groceries,Supermarket run,1985.43
demo@expenseiq.app,Demo User,2020-08-25,Transport,Fuel / commute,115.98
demo@expenseiq.app,Demo User,2020-08-27,Entertainment,Movies / dining out,482.48
demo@expenseiq.app,Demo User,2020-08-29,Transport,Fuel / commute,98.41
demo@expenseiq.app,Demo User,2020-09-01,Rent,Monthly rent,10535.65
demo@expenseiq.app,Demo User,2020-09-02,Transport,Fuel / commute,108.51
demo@expenseiq.app,Demo User,2020-09-03,Food & Groceries,Supermarket run,1874.07
demo@expenseiq.app,Demo User,2020-09-04,Transport,Fuel / commute,119.39
demo@expenseiq.app,Demo User,2020-09-06,Food & Groceries,Vegetables and fruit,570.08
demo@expenseiq.app,Demo User,2020-09-07,Entertainment,Movies / dining out,463.3
demo@expenseiq.app,Demo User,2020-09-08,Utilities,Electricity bill,1541.03
demo@expenseiq.app,Demo User,2020-09-08,Transport,Fuel / commute,118.69
demo@expenseiq.app,Demo User,2020-09-10,Utilities,Broadband internet,1007.58
demo@expenseiq.app,Demo User,2020-09-10,Food & Groceries,Supermarket run,1999.62
demo@expenseiq.app,Demo User,2020-09-11,Transport,Fuel / commute,115.05
demo@expenseiq.app,Demo User,2020-09-12,Health,Doctor visit,645.32
demo@expenseiq.app,Demo User,2020-09-15,Transport,Fuel / commute,113.38
demo@expenseiq.app,Demo User,2020-09-16,Entertainment,Movies / dining out,458.9
demo@expenseiq.app,Demo User,2020-09-17,Food & Groceries,Supermarket run,2122.32
demo@expenseiq.app,Demo User,2020-09-18,Transport,Fuel / commute,119.98
demo@expenseiq.app,Demo User,2020-09-20,Food & Groceries,Vegetables and fruit,612.76
demo@expenseiq.app,Demo User,2020-09-22,Transport,Fuel / commute,119.43
demo@expenseiq.app,Demo User,2020-09-24,Food & Groceries,Supermarket run,2050.28
demo@expenseiq.app,Demo User,2020-09-25,Transport,Fuel / commute,103.98
demo@expenseiq.app,Demo User,2020-09-27,Entertainment,Movies / dining out,496.2
demo@expenseiq.app,Demo User,2020-09-29,Transport,Fuel / commute,130.38
demo@expenseiq.app,Demo User,2020-10-01,Rent,Monthly rent,10680.85
demo@expenseiq.app,Demo User,2020-10-02,Transport,Fuel / commute,78.26
demo@expenseiq.app,Demo User,2020-10-03,Food & Groceries,Supermarket run,2513.77
demo@expenseiq.app,Demo User,2020-10-04,Transport,Fuel / commute,112.42
demo@expenseiq.app,Demo User,2020-10-05,Rent,Society maintenance,2201.57
demo@expenseiq.app,Demo User,2020-10-06,Food & Groceries,Vegetables and fruit,586.63
demo@expenseiq.app,Demo User,2020-10-07,Entertainment,Movies / dining out,648.19
demo@expenseiq.app,Demo User,2020-10-08,Utilities,Electricity bill,1240.86
demo@expenseiq.app,Demo User,2020-10-08,Transport,Fuel / commute,134.82
demo@expenseiq.app,Demo User,2020-10-10,Utilities,Broadband internet,999.63
demo@expenseiq.app,Demo User,2020-10-10,Food & Groceries,Supermarket run,2627.09
demo@expenseiq.app,Demo User,2020-10-11,Transport,Fuel / commute,95.28
demo@expenseiq.app,Demo User,2020-10-12,Health,Doctor visit,791.12
demo@expenseiq.app,Demo User,2020-10-15,Transport,Fuel / commute,120.98
demo@expenseiq.app,Demo User,2020-10-16,Entertainment,Movies / dining out,749.34
demo@expenseiq.app,Demo User,2020-10-17,Food & Groceries,Supermarket run,2634.46
demo@expenseiq.app,Demo User,2020-10-18,Transport,Fuel / commute,142.07
demo@expenseiq.app,Demo User,2020-10-20,Food & Groceries,Vegetables and fruit,557.19
demo@expenseiq.app,Demo User,2020-10-21,Health,Pharmacy / lab tests,1487.5
demo@expenseiq.app,Demo User,2020-10-22,Transport,Fuel / commute,108.47
demo@expenseiq.app,Demo User,2020-10-24,Food & Groceries,Supermarket run,2474.08
demo@expenseiq.app,Demo User,2020-10-25,Transport,Fuel / commute,119.4
demo@expenseiq.app,Demo User,2020-10-27,Entertainment,Movies / dining out,695.75
demo@expenseiq.app,Demo User,2020-10-29,Transport,Fuel / commute,100.69
demo@expenseiq.app,Demo User,2020-11-01,Rent,Monthly rent,10737.86
demo@expenseiq.app,Demo User,2020-11-02,Transport,Fuel / commute,110.79
demo@expenseiq.app,Demo User,2020-11-03,Food & Groceries,Supermarket run,2474.17
demo@expenseiq.app,Demo User,2020-11-04,Transport,Fuel / commute,116.36
demo@expenseiq.app,Demo User,2020-11-06,Food & Groceries,Vegetables and fruit,542.86
demo@expenseiq.app,Demo User,2020-11-07,Entertainment,Movies / dining out,728.79
demo@expenseiq.app,Demo User,2020-11-08,Utilities,Electricity bill,1193.29
demo@expenseiq.app,Demo User,2020-11-08,Transport,Fuel / commute,107.11
demo@expenseiq.app,Demo User,2020-11-10,Utilities,Broadband internet,1005.34
demo@expenseiq.app,Demo User,2020-11-10,Food & Groceries,Supermarket run,2375.56
demo@expenseiq.app,Demo User,2020-11-11,Transport,Fuel / commute,124.62
demo@expenseiq.app,Demo User,2020-11-12,Health,Doctor visit,746.04
demo@expenseiq.app,Demo User,2020-11-15,Transport,Fuel / commute,109.21
demo@expenseiq.app,Demo User,2020-11-16,Entertainment,Movies / dining out,657.8
demo@expenseiq.app,Demo User,2020-11-17,Food & Groceries,Supermarket run,2546.9
demo@expenseiq.app,Demo User,2020-11-18,Transport,Fuel / commute,117.13
demo@expenseiq.app,Demo User,2020-11-20,Food & Groceries,Vegetables and fruit,660.28
demo@expenseiq.app,Demo User,2020-11-22,Transport,Fuel / commute,132.0
demo@expenseiq.app,Demo User,2020-11-24,Food & Groceries,Supermarket run,2190.41
demo@expenseiq.app,Demo User,2020-11-25,Transport,Fuel / commute,109.75
demo@expenseiq.app,Demo User,2020-11-27,Entertainment,Movies / dining out,898.5
demo@expenseiq.app,Demo User,2020-11-29,Transport,Fuel / commute,131.13
demo@expenseiq.app,Demo User,2020-12-01,Rent,Monthly rent,10781.35
demo@expenseiq.app,Demo User,2020-12-02,Transport,Fuel / commute,98.2
demo@expenseiq.app,Demo User,2020-12-03,Food & Groceries,Supermarket run,1823.42
demo@expenseiq.app,Demo User,2020-12-04,Transport,Fuel / commute,110.77
demo@expenseiq.app,Demo User,2020-12-06,Food & Groceries,Vegetables and fruit,581.02
demo@expenseiq.app,Demo User,2020-12-07,Entertainment,Movies / dining out,503.26
demo@expenseiq.app,Demo User,2020-12-08,Utilities,Electricity bill,1135.32
demo@expenseiq.app,Demo User,2020-12-08,Transport,Fuel / commute,108.1
demo@expenseiq.app,Demo User,2020-12-10,Utilities,Broadband internet,1010.92
demo@expenseiq.app,Demo User,2020-12-10,Food & Groceries,Supermarket run,1791.19
demo@expenseiq.app,Demo User,2020-12-11,Transport,Fuel / commute,120.54
demo@expenseiq.app,Demo User,2020-12-15,Transport,Fuel / commute,143.71
demo@expenseiq.app,Demo User,2020-12-16,Entertainment,Movies / dining out,503.91
demo@expenseiq.app,Demo User,2020-12-17,Food & Groceries,Supermarket run,1849.87
demo@expenseiq.app,Demo User,2020-12-18,Transport,Fuel / commute,149.4
demo@expenseiq.app,Demo User,2020-12-20,Food & Groceries,Vegetables and fruit,601.12
demo@expenseiq.app,Demo User,2020-12-22,Transport,Fuel / commute,108.48
demo@expenseiq.app,Demo User,2020-12-24,Food & Groceries,Supermarket run,1514.63
demo@expenseiq.app,Demo User,2020-12-25,Transport,Fuel / commute,127.82
demo@expenseiq.app,Demo User,2020-12-27,Entertainment,Movies / dining out,498.42
demo@expenseiq.app,Demo User,2020-12-29,Transport,Fuel / commute,128.28
demo@expenseiq.app,Demo User,2021-01-01,Rent,Monthly rent,10706.85
demo@expenseiq.app,Demo User,2021-01-02,Transport,Fuel / commute,104.94
demo@expenseiq.app,Demo User,2021-01-03,Food & Groceries,Supermarket run,1548.7
demo@expenseiq.app,Demo User,2021-01-04,Transport,Fuel / commute,127.97
demo@expenseiq.app,Demo User,2021-01-05,Rent,Society maintenance,2342.6
demo@expenseiq.app,Demo User,2021-01-06,Food & Groceries,Vegetables and fruit,499.02
demo@expenseiq.app,Demo User,2021-01-07,Entertainment,Movies / dining out,467.62
demo@expenseiq.app,Demo User,2021-01-08,Utilities,Electricity bill,1127.4
demo@expenseiq.app,Demo User,2021-01-08,Transport,Fuel / commute,131.9
demo@expenseiq.app,Demo User,2021-01-10,Utilities,Broadband internet,1020.58
demo@expenseiq.app,Demo User,2021-01-10,Food & Groceries,Supermarket run,1682.78
demo@expenseiq.app,Demo User,2021-01-11,Transport,Fuel / commute,139.29
demo@expenseiq.app,Demo User,2021-01-12,Health,Doctor visit,753.68
demo@expenseiq.app,Demo User,2021-01-15,Transport,Fuel / commute,112.9
demo@expenseiq.app,Demo User,2021-01-16,Entertainment,Movies / dining out,412.48
demo@expenseiq.app,Demo User,2021-01-17,Food & Groceries,Supermarket run,1706.13
demo@expenseiq.app,Demo User,2021-01-18,Transport,Fuel / commute,134.07
demo@expenseiq.app,Demo User,2021-01-20,Food & Groceries,Vegetables and fruit,572.91
demo@expenseiq.app,Demo User,2021-01-22,Transport,Fuel / commute,140.35
demo@expenseiq.app,Demo User,2021-01-24,Food & Groceries,Supermarket run,1798.94
demo@expenseiq.app,Demo User,2021-01-25,Transport,Fuel / commute,96.86
demo@expenseiq.app,Demo User,2021-01-27,Entertainment,Movies / dining out,537.21
demo@expenseiq.app,Demo User,2021-01-29,Transport,Fuel / commute,129.52
demo@expenseiq.app,Demo User,2021-02-01,Rent,Monthly rent,10822.88
demo@expenseiq.app,Demo User,2021-02-02,Transport,Fuel / commute,88.74
demo@expenseiq.app,Demo User,2021-02-03,Food & Groceries,Supermarket run,1747.2
demo@expenseiq.app,Demo User,2021-02-04,Transport,Fuel / commute,105.23
demo@expenseiq.app,Demo User,2021-02-06,Food & Groceries,Vegetables and fruit,538.26
demo@expenseiq.app,Demo User,2021-02-07,Entertainment,Movies / dining out,394.75
demo@expenseiq.app,Demo User,2021-02-08,Utilities,Electricity bill,1121.45
demo@expenseiq.app,Demo User,2021-02-08,Transport,Fuel / commute,110.29
demo@expenseiq.app,Demo User,2021-02-10,Utilities,Broadband internet,1024.6
demo@expenseiq.app,Demo User,2021-02-10,Food & Groceries,Supermarket run,1649.35
demo@expenseiq.app,Demo User,2021-02-11,Transport,Fuel / commute,122.16
demo@expenseiq.app,Demo User,2021-02-12,Health,Doctor visit,722.53
demo@expenseiq.app,Demo User,2021-02-15,Transport,Fuel / commute,107.34
demo@expenseiq.app,Demo User,2021-02-16,Entertainment,Movies / dining out,448.28
demo@expenseiq.app,Demo User,2021-02-17,Food & Groceries,Supermarket run,1771.58
demo@expenseiq.app,Demo User,2021-02-18,Transport,Fuel / commute,113.62
demo@expenseiq.app,Demo User,2021-02-20,Food & Groceries,Vegetables and fruit,550.9
demo@expenseiq.app,Demo User,2021-02-21,Health,Pharmacy / lab tests,1501.85
demo@expenseiq.app,Demo User,2021-02-22,Transport,Fuel / commute,103.27
demo@expenseiq.app,Demo User,2021-02-24,Food & Groceries,Supermarket run,1785.27
demo@expenseiq.app,Demo User,2021-02-25,Transport,Fuel / commute,123.56
demo@expenseiq.app,Demo User,2021-02-27,Entertainment,Movies / dining out,460.64
demo@expenseiq.app,Demo User,2021-03-01,Rent,Monthly rent,10896.02
demo@expenseiq.app,Demo User,2021-03-02,Transport,Fuel / commute,122.46
demo@expenseiq.app,Demo User,2021-03-03,Food & Groceries,Supermarket run,1734.47
demo@expenseiq.app,Demo User,2021-03-04,Transport,Fuel / commute,123.99
demo@expenseiq.app,Demo User,2021-03-06,Food & Groceries,Vegetables and fruit,566.92
demo@expenseiq.app,Demo User,2021-03-07,Entertainment,Movies / dining out,466.59
demo@expenseiq.app,Demo User,2021-03-08,Utilities,Electricity bill,1263.84
demo@expenseiq.app,Demo User,2021-03-08,Transport,Fuel / commute,135.13
demo@expenseiq.app,Demo User,2021-03-10,Utilities,Broadband internet,1013.48
demo@expenseiq.app,Demo User,2021-03-10,Food & Groceries,Supermarket run,1810.89
demo@expenseiq.app,Demo User,2021-03-11,Transport,Fuel / commute,127.24
demo@expenseiq.app,Demo User,2021-03-15,Transport,Fuel / commute,128.23
demo@expenseiq.app,Demo User,2021-03-16,Entertainment,Movies / dining out,584.57
demo@expenseiq.app,Demo User,2021-03-17,Food & Groceries,Supermarket run,1733.15
demo@expenseiq.app,Demo User,2021-03-18,Transport,Fuel / commute,126.18
demo@expenseiq.app,Demo User,2021-03-20,Food & Groceries,Vegetables and fruit,529.85
demo@expenseiq.app,Demo User,2021-03-22,Transport,Fuel / commute,118.76
demo@expenseiq.app,Demo User,2021-03-24,Food & Groceries,Supermarket run,1878.18
demo@expenseiq.app,Demo User,2021-03-25,Transport,Fuel / commute,111.06
demo@expenseiq.app,Demo User,2021-03-27,Entertainment,Movies / dining out,564.3
demo@expenseiq.app,Demo User,2021-03-29,Transport,Fuel / commute,125.72
demo@expenseiq.app,Demo User,2021-04-01,Rent,Monthly rent,10900.44
demo@expenseiq.app,Demo User,2021-04-02,Transport,Fuel / commute,127.53
demo@expenseiq.app,Demo User,2021-04-03,Food & Groceries,Supermarket run,1955.08
demo@expenseiq.app,Demo User,2021-04-04,Transport,Fuel / commute,125.32
demo@expenseiq.app,Demo User,2021-04-05,Rent,Society maintenance,2122.39
demo@expenseiq.app,Demo User,2021-04-06,Food & Groceries,Vegetables and fruit,554.1
demo@expenseiq.app,Demo User,2021-04-07,Entertainment,Movies / dining out,567.98
demo@expenseiq.app,Demo User,2021-04-08,Utilities,Electricity bill,1326.49
demo@expenseiq.app,Demo User,2021-04-08,Transport,Fuel / commute,134.36
demo@expenseiq.app,Demo User,2021-04-10,Utilities,Broadband internet,1021.07
demo@expenseiq.app,Demo User,2021-04-10,Food & Groceries,Supermarket run,1914.05
demo@expenseiq.app,Demo User,2021-04-11,Transport,Fuel / commute,114.16
demo@expenseiq.app,Demo User,2021-04-12,Health,Doctor visit,785.83
demo@expenseiq.app,Demo User,2021-04-15,Transport,Fuel / commute,149.67
demo@expenseiq.app,Demo User,2021-04-16,Entertainment,Movies / dining out,522.89
demo@expenseiq.app,Demo User,2021-04-17,Food & Groceries,Supermarket run,1875.96
demo@expenseiq.app,Demo User,2021-04-18,Transport,Fuel / commute,116.38
demo@expenseiq.app,Demo User,2021-04-20,Food & Groceries,Vegetables and fruit,501.53
demo@expenseiq.app,Demo User,2021-04-22,Transport,Fuel / commute,109.13
demo@expenseiq.app,Demo User,2021-04-24,Food & Groceries,Supermarket run,1873.19
demo@expenseiq.app,Demo User,2021-04-25,Transport,Fuel / commute,107.39
demo@expenseiq.app,Demo User,2021-04-27,Entertainment,Movies / dining out,435.28
demo@expenseiq.app,Demo User,2021-04-29,Transport,Fuel / commute,96.56
demo@expenseiq.app,Demo User,2021-05-01,Rent,Monthly rent,10777.56
demo@expenseiq.app,Demo User,2021-05-02,Transport,Fuel / commute,120.82
demo@expenseiq.app,Demo User,2021-05-03,Food & Groceries,Supermarket run,1959.75
demo@expenseiq.app,Demo User,2021-05-04,Transport,Fuel / commute,124.55
demo@expenseiq.app,Demo User,2021-05-06,Food & Groceries,Vegetables and fruit,557.01
demo@expenseiq.app,Demo User,2021-05-07,Entertainment,Movies / dining out,566.41
demo@expenseiq.app,Demo User,2021-05-08,Utilities,Electricity bill,1592.21
demo@expenseiq.app,Demo User,2021-05-08,Transport,Fuel / commute,140.04
demo@expenseiq.app,Demo User,2021-05-10,Utilities,Broadband internet,1033.64
demo@expenseiq.app,Demo User,2021-05-10,Food & Groceries,Supermarket run,2267.42
demo@expenseiq.app,Demo User,2021-05-11,Transport,Fuel / commute,130.95
demo@expenseiq.app,Demo User,2021-05-12,Health,Doctor visit,709.56
demo@expenseiq.app,Demo User,2021-05-15,Transport,Fuel / commute,121.56
demo@expenseiq.app,Demo User,2021-05-16,Entertainment,Movies / dining out,454.25
demo@expenseiq.app,Demo User,2021-05-17,Food & Groceries,Supermarket run,1990.02
demo@expenseiq.app,Demo User,2021-05-18,Transport,Fuel / commute,138.66
demo@expenseiq.app,Demo User,2021-05-20,Food & Groceries,Vegetables and fruit,656.2
demo@expenseiq.app,Demo User,2021-05-22,Transport,Fuel / commute,159.63
demo@expenseiq.app,Demo User,2021-05-24,Food & Groceries,Supermarket run,2048.55
demo@expenseiq.app,Demo User,2021-05-25,Transport,Fuel / commute,127.02
demo@expenseiq.app,Demo User,2021-05-27,Entertainment,Movies / dining out,473.09
demo@expenseiq.app,Demo User,2021-05-29,Transport,Fuel / commute,124.07
demo@expenseiq.app,Demo User,2021-06-01,Rent,Monthly rent,11058.56
demo@expenseiq.app,Demo User,2021-06-02,Transport,Fuel / commute,134.27
demo@expenseiq.app,Demo User,2021-06-03,Food & Groceries,Supermarket run,2256.61
demo@expenseiq.app,Demo User,2021-06-04,Transport,Fuel / commute,122.47
demo@expenseiq.app,Demo User,2021-06-06,Food & Groceries,Vegetables and fruit,542.47
demo@expenseiq.app,Demo User,2021-06-07,Entertainment,Movies / dining out,474.21
demo@expenseiq.app,Demo User,2021-06-08,Utilities,Electricity bill,1666.8
demo@expenseiq.app,Demo User,2021-06-08,Transport,Fuel / commute,139.54
demo@expenseiq.app,Demo User,2021-06-10,Utilities,Broadband internet,1032.41
demo@expenseiq.app,Demo User,2021-06-10,Food & Groceries,Supermarket run,2264.77
demo@expenseiq.app,Demo User,2021-06-11,Transport,Fuel / commute,142.17
demo@expenseiq.app,Demo User,2021-06-12,Health,Doctor visit,607.65
demo@expenseiq.app,Demo User,2021-06-15,Transport,Fuel / commute,140.46
demo@expenseiq.app,Demo User,2021-06-16,Entertainment,Movies / dining out,569.23
demo@expenseiq.app,Demo User,2021-06-17,Food & Groceries,Supermarket run,2210.58
demo@expenseiq.app,Demo User,2021-06-18,Transport,Fuel / commute,140.55
demo@expenseiq.app,Demo User,2021-06-20,Food & Groceries,Vegetables and fruit,568.84
demo@expenseiq.app,Demo User,2021-06-22,Transport,Fuel / commute,107.51
demo@expenseiq.app,Demo User,2021-06-24,Food & Groceries,Supermarket run,1942.07
demo@expenseiq.app,Demo User,2021-06-25,Transport,Fuel / commute,129.9
demo@expenseiq.app,Demo User,2021-06-27,Entertainment,Movies / dining out,518.31
demo@expenseiq.app,Demo User,2021-06-29,Transport,Fuel / commute,113.84
demo@expenseiq.app,Demo User,2021-07-01,Rent,Monthly rent,10945.29
demo@expenseiq.app,Demo User,2021-07-02,Transport,Fuel / commute,96.26
demo@expenseiq.app,Demo User,2021-07-03,Food & Groceries,Supermarket run,2204.94
demo@expenseiq.app,Demo User,2021-07-04,Transport,Fuel / commute,135.68
demo@expenseiq.app,Demo User,2021-07-05,Rent,Society maintenance,2060.64
demo@expenseiq.app,Demo User,2021-07-06,Food & Groceries,Vegetables and fruit,614.62
demo@expenseiq.app,Demo User,2021-07-07,Entertainment,Movies / dining out,500.54
demo@expenseiq.app,Demo User,2021-07-08,Utilities,Electricity bill,1665.26
demo@expenseiq.app,Demo User,2021-07-08,Transport,Fuel / commute,110.08
demo@expenseiq.app,Demo User,2021-07-10,Utilities,Broadband internet,1042.42
demo@expenseiq.app,Demo User,2021-07-10,Food & Groceries,Supermarket run,2252.62
demo@expenseiq.app,Demo User,2021-07-11,Transport,Fuel / commute,138.72
demo@expenseiq.app,Demo User,2021-07-12,Health,Doctor visit,688.42
demo@expenseiq.app,Demo User,2021-07-15,Transport,Fuel / commute,170.65
demo@expenseiq.app,Demo User,2021-07-16,Entertainment,Movies / dining out,438.94
demo@expenseiq.app,Demo User,2021-07-17,Food & Groceries,Supermarket run,1933.11
demo@expenseiq.app,Demo User,2021-07-18,Transport,Fuel / commute,89.6
demo@expenseiq.app,Demo User,2021-07-20,Food & Groceries,Vegetables and fruit,453.91
demo@expenseiq.app,Demo User,2021-07-22,Transport,Fuel / commute,133.5
demo@expenseiq.app,Demo User,2021-07-24,Food & Groceries,Supermarket run,1979.53
demo@expenseiq.app,Demo User,2021-07-25,Transport,Fuel / commute,96.48
demo@expenseiq.app,Demo User,2021-07-26,Food & Groceries,Kirana store top-up,1164.67
demo@expenseiq.app,Demo User,2021-07-27,Entertainment,Movies / dining out,539.02
demo@expenseiq.app,Demo User,2021-07-29,Transport,Fuel / commute,129.53
demo@expenseiq.app,Demo User,2021-08-01,Rent,Monthly rent,11105.48
demo@expenseiq.app,Demo User,2021-08-02,Transport,Fuel / commute,131.71
demo@expenseiq.app,Demo User,2021-08-03,Food & Groceries,Supermarket run,2366.85
demo@expenseiq.app,Demo User,2021-08-04,Transport,Fuel / commute,111.67
demo@expenseiq.app,Demo User,2021-08-06,Food & Groceries,Vegetables and fruit,555.89
demo@expenseiq.app,Demo User,2021-08-07,Entertainment,Movies / dining out,462.9
demo@expenseiq.app,Demo User,2021-08-08,Utilities,Electricity bill,1569.01
demo@expenseiq.app,Demo User,2021-08-08,Transport,Fuel / commute,134.88
demo@expenseiq.app,Demo User,2021-08-10,Utilities,Broadband internet,1042.67
demo@expenseiq.app,Demo User,2021-08-10,Food & Groceries,Supermarket run,2343.61
demo@expenseiq.app,Demo User,2021-08-11,Transport,Fuel / commute,155.29
demo@expenseiq.app,Demo User,2021-08-12,Health,Doctor visit,749.1
demo@expenseiq.app,Demo User,2021-08-15,Transport,Fuel / commute,122.72
demo@expenseiq.app,Demo User,2021-08-16,Entertainment,Movies / dining out,543.87
demo@expenseiq.app,Demo User,2021-08-17,Food & Groceries,Supermarket run,2207.69
demo@expenseiq.app,Demo User,2021-08-18,Transport,Fuel / commute,103.7
demo@expenseiq.app,Demo User,2021-08-20,Food & Groceries,Vegetables and fruit,571.48
demo@expenseiq.app,Demo User,2021-08-22,Transport,Fuel / commute,103.69
demo@expenseiq.app,Demo User,2021-08-24,Food & Groceries,Supermarket run,2118.19
demo@expenseiq.app,Demo User,2021-08-25,Transport,Fuel / commute,135.16
demo@expenseiq.app,Demo User,2021-08-27,Entertainment,Movies / dining out,485.18
demo@expenseiq.app,Demo User,2021-08-29,Transport,Fuel / commute,122.76
demo@expenseiq.app,Demo User,2021-09-01,Rent,Monthly rent,11044.59
demo@expenseiq.app,Demo User,2021-09-02,Transport,Fuel / commute,131.38
demo@expenseiq.app,Demo User,2021-09-03,Food & Groceries,Supermarket run,2336.4
demo@expenseiq.app,Demo User,2021-09-04,Transport,Fuel / commute,143.22
demo@expenseiq.app,Demo User,2021-09-06,Food & Groceries,Vegetables and fruit,574.24
demo@expenseiq.app,Demo User,2021-09-07,Entertainment,Movies / dining out,372.13
demo@expenseiq.app,Demo User,2021-09-08,Utilities,Electricity bill,1511.76
demo@expenseiq.app,Demo User,2021-09-08,Transport,Fuel / commute,120.93
demo@expenseiq.app,Demo User,2021-09-10,Utilities,Broadband internet,1040.0
demo@expenseiq.app,Demo User,2021-09-10,Food & Groceries,Supermarket run,2211.63
demo@expenseiq.app,Demo User,2021-09-11,Transport,Fuel / commute,121.96
demo@expenseiq.app,Demo User,2021-09-15,Transport,Fuel / commute,126.6
demo@expenseiq.app,Demo User,2021-09-16,Entertainment,Movies / dining out,488.15
demo@expenseiq.app,Demo User,2021-09-17,Food & Groceries,Supermarket run,2204.45
demo@expenseiq.app,Demo User,2021-09-18,Transport,Fuel / commute,137.35
demo@expenseiq.app,Demo User,2021-09-20,Food & Groceries,Vegetables and fruit,519.45
demo@expenseiq.app,Demo User,2021-09-20,Food & Groceries,Kirana store top-up,1126.48
demo@expenseiq.app,Demo User,2021-09-21,Health,Pharmacy / lab tests,1341.2
demo@expenseiq.app,Demo User,2021-09-22,Transport,Fuel / commute,102.18
demo@expenseiq.app,Demo User,2021-09-24,Food & Groceries,Supermarket run,2053.15
demo@expenseiq.app,Demo User,2021-09-25,Transport,Fuel / commute,135.03
demo@expenseiq.app,Demo User,2021-09-27,Entertainment,Movies / dining out,582.5
demo@expenseiq.app,Demo User,2021-09-29,Transport,Fuel / commute,123.76
demo@expenseiq.app,Demo User,2021-10-01,Rent,Monthly rent,11190.55
demo@expenseiq.app,Demo User,2021-10-02,Transport,Fuel / commute,138.0
demo@expenseiq.app,Demo User,2021-10-03,Food & Groceries,Supermarket run,2833.1
demo@expenseiq.app,Demo User,2021-10-04,Transport,Fuel / commute,114.14
demo@expenseiq.app,Demo User,2021-10-05,Rent,Society maintenance,2125.43
demo@expenseiq.app,Demo User,2021-10-06,Food & Groceries,Vegetables and fruit,589.33
demo@expenseiq.app,Demo User,2021-10-07,Entertainment,Movies / dining out,618.81
demo@expenseiq.app,Demo User,2021-10-08,Utilities,Electricity bill,1334.21
demo@expenseiq.app,Demo User,2021-10-08,Transport,Fuel / commute,146.69
demo@expenseiq.app,Demo User,2021-10-10,Utilities,Broadband internet,1056.79
demo@expenseiq.app,Demo User,2021-10-10,Food & Groceries,Supermarket run,2707.14
demo@expenseiq.app,Demo User,2021-10-11,Transport,Fuel / commute,119.78
demo@expenseiq.app,Demo User,2021-10-12,Health,Doctor visit,750.05
demo@expenseiq.app,Demo User,2021-10-15,Transport,Fuel / commute,124.8
demo@expenseiq.app,Demo User,2021-10-16,Entertainment,Movies / dining out,662.1
demo@expenseiq.app,Demo User,2021-10-17,Food & Groceries,Supermarket run,2795.77
demo@expenseiq.app,Demo User,2021-10-18,Transport,Fuel / commute,135.83
demo@expenseiq.app,Demo User,2021-10-20,Food & Groceries,Vegetables and fruit,558.51
demo@expenseiq.app,Demo User,2021-10-22,Transport,Fuel / commute,124.85
demo@expenseiq.app,Demo User,2021-10-24,Food & Groceries,Supermarket run,2627.38
demo@expenseiq.app,Demo User,2021-10-25,Transport,Fuel / commute,120.05
demo@expenseiq.app,Demo User,2021-10-27,Entertainment,Movies / dining out,673.12
demo@expenseiq.app,Demo User,2021-10-29,Transport,Fuel / commute,124.05
demo@expenseiq.app,Demo User,2021-11-01,Rent,Monthly rent,11256.03
demo@expenseiq.app,Demo User,2021-11-02,Transport,Fuel / commute,103.23
demo@expenseiq.app,Demo User,2021-11-03,Food & Groceries,Supermarket run,2360.98
demo@expenseiq.app,Demo User,2021-11-04,Transport,Fuel / commute,133.42
demo@expenseiq.app,Demo User,2021-11-06,Food & Groceries,Vegetables and fruit,575.36
demo@expenseiq.app,Demo User,2021-11-07,Entertainment,Movies / dining out,600.12
demo@expenseiq.app,Demo User,2021-11-08,Utilities,Electricity bill,1205.96
demo@expenseiq.app,Demo User,2021-11-08,Transport,Fuel / commute,143.24
demo@expenseiq.app,Demo User,2021-11-10,Utilities,Broadband internet,1048.78
demo@expenseiq.app,Demo User,2021-11-10,Food & Groceries,Supermarket run,2674.58
demo@expenseiq.app,Demo User,2021-11-11,Transport,Fuel / commute,126.1
demo@expenseiq.app,Demo User,2021-11-15,Transport,Fuel / commute,133.17
demo@expenseiq.app,Demo User,2021-11-16,Entertainment,Movies / dining out,753.68
demo@expenseiq.app,Demo User,2021-11-17,Food & Groceries,Supermarket run,2842.22
demo@expenseiq.app,Demo User,2021-11-18,Transport,Fuel / commute,151.32
demo@expenseiq.app,Demo User,2021-11-20,Food & Groceries,Vegetables and fruit,651.62
demo@expenseiq.app,Demo User,2021-11-22,Transport,Fuel / commute,154.13
demo@expenseiq.app,Demo User,2021-11-24,Food & Groceries,Supermarket run,2257.64
demo@expenseiq.app,Demo User,2021-11-25,Transport,Fuel / commute,124.0
demo@expenseiq.app,Demo User,2021-11-27,Entertainment,Movies / dining out,563.55
demo@expenseiq.app,Demo User,2021-11-29,Transport,Fuel / commute,116.94
demo@expenseiq.app,Demo User,2021-12-01,Rent,Monthly rent,11140.49
demo@expenseiq.app,Demo User,2021-12-02,Transport,Fuel / commute,142.92
demo@expenseiq.app,Demo User,2021-12-03,Food & Groceries,Supermarket run,1778.74
demo@expenseiq.app,Demo User,2021-12-04,Transport,Fuel / commute,106.29
demo@expenseiq.app,Demo User,2021-12-06,Food & Groceries,Vegetables and fruit,684.71
demo@expenseiq.app,Demo User,2021-12-07,Entertainment,Movies / dining out,475.24
demo@expenseiq.app,Demo User,2021-12-08,Utilities,Electricity bill,1166.17
demo@expenseiq.app,Demo User,2021-12-08,Transport,Fuel / commute,109.89
demo@expenseiq.app,Demo User,2021-12-10,Utilities,Broadband internet,1057.65
demo@expenseiq.app,Demo User,2021-12-10,Food & Groceries,Supermarket run,1636.29
demo@expenseiq.app,Demo User,2021-12-11,Transport,Fuel / commute,136.21
demo@expenseiq.app,Demo User,2021-12-12,Health,Doctor visit,746.87
demo@expenseiq.app,Demo User,2021-12-15,Transport,Fuel / commute,141.65
demo@expenseiq.app,Demo User,2021-12-16,Entertainment,Movies / dining out,486.43
demo@expenseiq.app,Demo User,2021-12-17,Food & Groceries,Supermarket run,1827.57
demo@expenseiq.app,Demo User,2021-12-18,Transport,Fuel / commute,110.95
demo@expenseiq.app,Demo User,2021-12-20,Food & Groceries,Vegetables and fruit,581.75
demo@expenseiq.app,Demo User,2021-12-22,Transport,Fuel / commute,125.71
demo@expenseiq.app,Demo User,2021-12-24,Food & Groceries,Supermarket run,1785.2
demo@expenseiq.app,Demo User,2021-12-25,Transport,Fuel / commute,104.57
demo@expenseiq.app,Demo User,2021-12-27,Entertainment,Movies / dining out,433.43
demo@expenseiq.app,Demo User,2021-12-29,Transport,Fuel / commute,122.63
demo@expenseiq.app,Demo User,2022-01-01,Rent,Monthly rent,11251.61
demo@expenseiq.app,Demo User,2022-01-02,Transport,Fuel / commute,124.75
demo@expenseiq.app,Demo User,2022-01-03,Food & Groceries,Supermarket run,1731.14
demo@expenseiq.app,Demo User,2022-01-04,Transport,Fuel / commute,125.35
demo@expenseiq.app,Demo User,2022-01-05,Rent,Society maintenance,1947.34
demo@expenseiq.app,Demo User,2022-01-06,Food & Groceries,Vegetables and fruit,627.36
demo@expenseiq.app,Demo User,2022-01-07,Entertainment,Movies / dining out,500.66
demo@expenseiq.app,Demo User,2022-01-08,Utilities,Electricity bill,1164.38
demo@expenseiq.app,Demo User,2022-01-08,Transport,Fuel / commute,114.19
demo@expenseiq.app,Demo User,2022-01-10,Utilities,Broadband internet,1055.9
demo@expenseiq.app,Demo User,2022-01-10,Food & Groceries,Supermarket run,1684.18
demo@expenseiq.app,Demo User,2022-01-11,Transport,Fuel / commute,114.17
demo@expenseiq.app,Demo User,2022-01-12,Health,Doctor visit,589.53
demo@expenseiq.app,Demo User,2022-01-15,Transport,Fuel / commute,141.03
demo@expenseiq.app,Demo User,2022-01-16,Entertainment,Movies / dining out,555.52
demo@expenseiq.app,Demo User,2022-01-17,Food & Groceries,Supermarket run,1717.87
demo@expenseiq.app,Demo User,2022-01-18,Transport,Fuel / commute,119.44
demo@expenseiq.app,Demo User,2022-01-20,Food & Groceries,Vegetables and fruit,569.09
demo@expenseiq.app,Demo User,2022-01-22,Transport,Fuel / commute,109.26
demo@expenseiq.app,Demo User,2022-01-24,Food & Groceries,Supermarket run,1935.21
demo@expenseiq.app,Demo User,2022-01-25,Transport,Fuel / commute,125.13
demo@expenseiq.app,Demo User,2022-01-27,Entertainment,Movies / dining out,530.36
demo@expenseiq.app,Demo User,2022-01-29,Transport,Fuel / commute,127.56
demo@expenseiq.app,Demo User,2022-02-01,Rent,Monthly rent,11273.68
demo@expenseiq.app,Demo User,2022-02-02,Transport,Fuel / commute,99.56
demo@expenseiq.app,Demo User,2022-02-03,Food & Groceries,Supermarket run,1917.5
demo@expenseiq.app,Demo User,2022-02-04,Transport,Fuel / commute,101.93
demo@expenseiq.app,Demo User,2022-02-06,Food & Groceries,Vegetables and fruit,594.18
demo@expenseiq.app,Demo User,2022-02-07,Entertainment,Movies / dining out,522.11
demo@expenseiq.app,Demo User,2022-02-08,Utilities,Electricity bill,1135.22
demo@expenseiq.app,Demo User,2022-02-08,Transport,Fuel / commute,133.62
demo@expenseiq.app,Demo User,2022-02-10,Utilities,Broadband internet,1055.83
demo@expenseiq.app,Demo User,2022-02-10,Food & Groceries,Supermarket run,1942.69
demo@expenseiq.app,Demo User,2022-02-11,Transport,Fuel / commute,96.69
demo@expenseiq.app,Demo User,2022-02-12,Health,Doctor visit,747.3
demo@expenseiq.app,Demo User,2022-02-15,Transport,Fuel / commute,119.44
demo@expenseiq.app,Demo User,2022-02-16,Entertainment,Movies / dining out,465.63
demo@expenseiq.app,Demo User,2022-02-17,Food & Groceries,Supermarket run,1660.65
demo@expenseiq.app,Demo User,2022-02-18,Transport,Fuel / commute,128.66
demo@expenseiq.app,Demo User,2022-02-20,Food & Groceries,Vegetables and fruit,625.83
demo@expenseiq.app,Demo User,2022-02-22,Transport,Fuel / commute,132.5
demo@expenseiq.app,Demo User,2022-02-24,Food & Groceries,Supermarket run,1734.47
demo@expenseiq.app,Demo User,2022-02-25,Transport,Fuel / commute,124.06
demo@expenseiq.app,Demo User,2022-02-27,Entertainment,Movies / dining out,507.12
demo@expenseiq.app,Demo User,2022-03-01,Rent,Monthly rent,11384.08
demo@expenseiq.app,Demo User,2022-03-02,Transport,Fuel / commute,138.97
demo@expenseiq.app,Demo User,2022-03-03,Food & Groceries,Supermarket run,2143.8
demo@expenseiq.app,Demo User,2022-03-04,Transport,Fuel / commute,124.92
demo@expenseiq.app,Demo User,2022-03-06,Food & Groceries,Vegetables and fruit,587.14
demo@expenseiq.app,Demo User,2022-03-07,Entertainment,Movies / dining out,482.36
demo@expenseiq.app,Demo User,2022-03-08,Utilities,Electricity bill,1148.4
demo@expenseiq.app,Demo User,2022-03-08,Transport,Fuel / commute,112.79
demo@expenseiq.app,Demo User,2022-03-10,Utilities,Broadband internet,1080.8
demo@expenseiq.app,Demo User,2022-03-10,Food & Groceries,Supermarket run,1566.04
demo@expenseiq.app,Demo User,2022-03-11,Transport,Fuel / commute,124.02
demo@expenseiq.app,Demo User,2022-03-12,Health,Doctor visit,692.31
demo@expenseiq.app,Demo User,2022-03-15,Transport,Fuel / commute,134.46
demo@expenseiq.app,Demo User,2022-03-16,Entertainment,Movies / dining out,539.86
demo@expenseiq.app,Demo User,2022-03-17,Food & Groceries,Supermarket run,1858.69
demo@expenseiq.app,Demo User,2022-03-18,Transport,Fuel / commute,108.65
demo@expenseiq.app,Demo User,2022-03-20,Food & Groceries,Vegetables and fruit,579.77
demo@expenseiq.app,Demo User,2022-03-22,Transport,Fuel / commute,101.62
demo@expenseiq.app,Demo User,2022-03-24,Food & Groceries,Supermarket run,1788.98
demo@expenseiq.app,Demo User,2022-03-25,Transport,Fuel / commute,156.92
demo@expenseiq.app,Demo User,2022-03-27,Entertainment,Movies / dining out,614.3
demo@expenseiq.app,Demo User,2022-03-29,Transport,Fuel / commute,116.87
demo@expenseiq.app,Demo User,2022-04-01,Rent,Monthly rent,11353.41
demo@expenseiq.app,Demo User,2022-04-02,Transport,Fuel / commute,120.14
demo@expenseiq.app,Demo User,2022-04-03,Food & Groceries,Supermarket run,2074.36
demo@expenseiq.app,Demo User,2022-04-04,Transport,Fuel / commute,108.63
demo@expenseiq.app,Demo User,2022-04-05,Rent,Society maintenance,2279.28
demo@expenseiq.app,Demo User,2022-04-06,Food & Groceries,Vegetables and fruit,598.79
demo@expenseiq.app,Demo User,2022-04-07,Entertainment,Movies / dining out,469.67
demo@expenseiq.app,Demo User,2022-04-08,Utilities,Electricity bill,1354.28
demo@expenseiq.app,Demo User,2022-04-08,Transport,Fuel / commute,153.52
demo@expenseiq.app,Demo User,2022-04-10,Utilities,Broadband internet,1065.71
demo@expenseiq.app,Demo User,2022-04-10,Food & Groceries,Supermarket run,1974.0
demo@expenseiq.app,Demo User,2022-04-11,Transport,Fuel / commute,150.64
demo@expenseiq.app,Demo User,2022-04-15,Transport,Fuel / commute,140.54
demo@expenseiq.app,Demo User,2022-04-16,Entertainment,Movies / dining out,622.44
demo@expenseiq.app,Demo User,2022-04-17,Food & Groceries,Supermarket run,1895.82
demo@expenseiq.app,Demo User,2022-04-18,Transport,Fuel / commute,121.15
demo@expenseiq.app,Demo User,2022-04-20,Food & Groceries,Vegetables and fruit,625.42
demo@expenseiq.app,Demo User,2022-04-22,Transport,Fuel / commute,122.48
demo@expenseiq.app,Demo User,2022-04-24,Food & Groceries,Supermarket run,2062.87
demo@expenseiq.app,Demo User,2022-04-25,Transport,Fuel / commute,148.14
demo@expenseiq.app,Demo User,2022-04-27,Entertainment,Movies / dining out,505.34
demo@expenseiq.app,Demo User,2022-04-29,Transport,Fuel / commute,121.67
demo@expenseiq.app,Demo User,2022-05-01,Rent,Monthly rent,11476.16
demo@expenseiq.app,Demo User,2022-05-02,Transport,Fuel / commute,86.77
demo@expenseiq.app,Demo User,2022-05-03,Food & Groceries,Supermarket run,2017.17
demo@expenseiq.app,Demo User,2022-05-04,Transport,Fuel / commute,80.63
demo@expenseiq.app,Demo User,2022-05-06,Food & Groceries,Vegetables and fruit,634.45
demo@expenseiq.app,Demo User,2022-05-07,Entertainment,Movies / dining out,610.84
demo@expenseiq.app,Demo User,2022-05-08,Utilities,Electricity bill,1528.17
demo@expenseiq.app,Demo User,2022-05-08,Transport,Fuel / commute,146.96
demo@expenseiq.app,Demo User,2022-05-10,Utilities,Broadband internet,1086.45
demo@expenseiq.app,Demo User,2022-05-10,Food & Groceries,Supermarket run,2211.98
demo@expenseiq.app,Demo User,2022-05-11,Transport,Fuel / commute,146.31
demo@expenseiq.app,Demo User,2022-05-12,Health,Doctor visit,643.61
demo@expenseiq.app,Demo User,2022-05-15,Transport,Fuel / commute,156.36
demo@expenseiq.app,Demo User,2022-05-16,Entertainment,Movies / dining out,647.01
demo@expenseiq.app,Demo User,2022-05-17,Food & Groceries,Supermarket run,2110.02
demo@expenseiq.app,Demo User,2022-05-18,Transport,Fuel / commute,127.22
demo@expenseiq.app,Demo User,2022-05-20,Food & Groceries,Vegetables and fruit,589.45
demo@expenseiq.app,Demo User,2022-05-22,Transport,Fuel / commute,107.71
demo@expenseiq.app,Demo User,2022-05-24,Food & Groceries,Supermarket run,2075.96
demo@expenseiq.app,Demo User,2022-05-25,Transport,Fuel / commute,121.07
demo@expenseiq.app,Demo User,2022-05-27,Entertainment,Movies / dining out,539.23
demo@expenseiq.app,Demo User,2022-05-29,Transport,Fuel / commute,127.66
demo@expenseiq.app,Demo User,2022-06-01,Rent,Monthly rent,11377.82
demo@expenseiq.app,Demo User,2022-06-02,Transport,Fuel / commute,121.2
demo@expenseiq.app,Demo User,2022-06-03,Food & Groceries,Supermarket run,2243.97
demo@expenseiq.app,Demo User,2022-06-04,Transport,Fuel / commute,116.78
demo@expenseiq.app,Demo User,2022-06-06,Food & Groceries,Vegetables and fruit,615.13
demo@expenseiq.app,Demo User,2022-06-07,Entertainment,Movies / dining out,631.74
demo@expenseiq.app,Demo User,2022-06-08,Utilities,Electricity bill,1695.26
demo@expenseiq.app,Demo User,2022-06-08,Transport,Fuel / commute,119.51
demo@expenseiq.app,Demo User,2022-06-10,Utilities,Broadband internet,1069.8
demo@expenseiq.app,Demo User,2022-06-10,Food & Groceries,Supermarket run,2030.28
demo@expenseiq.app,Demo User,2022-06-11,Transport,Fuel / commute,124.96
demo@expenseiq.app,Demo User,2022-06-12,Health,Doctor visit,707.63
demo@expenseiq.app,Demo User,2022-06-15,Transport,Fuel / commute,126.52
demo@expenseiq.app,Demo User,2022-06-16,Entertainment,Movies / dining out,558.29
demo@expenseiq.app,Demo User,2022-06-17,Food & Groceries,Supermarket run,2324.81
demo@expenseiq.app,Demo User,2022-06-18,Transport,Fuel / commute,115.17
demo@expenseiq.app,Demo User,2022-06-20,Food & Groceries,Vegetables and fruit,675.78
demo@expenseiq.app,Demo User,2022-06-21,Health,Pharmacy / lab tests,1679.93
demo@expenseiq.app,Demo User,2022-06-22,Transport,Fuel / commute,96.86
demo@expenseiq.app,Demo User,2022-06-24,Food & Groceries,Supermarket run,2232.04
demo@expenseiq.app,Demo User,2022-06-25,Transport,Fuel / commute,119.31
demo@expenseiq.app,Demo User,2022-06-27,Entertainment,Movies / dining out,596.56
demo@expenseiq.app,Demo User,2022-06-29,Transport,Fuel / commute,133.44
demo@expenseiq.app,Demo User,2022-07-01,Rent,Monthly rent,11450.42
demo@expenseiq.app,Demo User,2022-07-02,Transport,Fuel / commute,151.32
demo@expenseiq.app,Demo User,2022-07-03,Food & Groceries,Supermarket run,2276.26
demo@expenseiq.app,Demo User,2022-07-04,Transport,Fuel / commute,148.23
demo@expenseiq.app,Demo User,2022-07-05,Rent,Society maintenance,2377.34
demo@expenseiq.app,Demo User,2022-07-06,Food & Groceries,Vegetables and fruit,645.27
demo@expenseiq.app,Demo User,2022-07-07,Entertainment,Movies / dining out,438.65
demo@expenseiq.app,Demo User,2022-07-08,Utilities,Electricity bill,1817.41
demo@expenseiq.app,Demo User,2022-07-08,Transport,Fuel / commute,131.38
demo@expenseiq.app,Demo User,2022-07-10,Utilities,Broadband internet,1072.99
demo@expenseiq.app,Demo User,2022-07-10,Food & Groceries,Supermarket run,2280.27
demo@expenseiq.app,Demo User,2022-07-11,Transport,Fuel / commute,124.31
demo@expenseiq.app,Demo User,2022-07-12,Health,Doctor visit,674.26
demo@expenseiq.app,Demo User,2022-07-15,Transport,Fuel / commute,136.15
demo@expenseiq.app,Demo User,2022-07-16,Entertainment,Movies / dining out,547.67
demo@expenseiq.app,Demo User,2022-07-17,Food & Groceries,Supermarket run,2428.39
demo@expenseiq.app,Demo User,2022-07-18,Transport,Fuel / commute,125.57
demo@expenseiq.app,Demo User,2022-07-20,Food & Groceries,Vegetables and fruit,609.99
demo@expenseiq.app,Demo User,2022-07-22,Transport,Fuel / commute,154.22
demo@expenseiq.app,Demo User,2022-07-24,Food & Groceries,Supermarket run,2181.89
demo@expenseiq.app,Demo User,2022-07-25,Transport,Fuel / commute,129.55
demo@expenseiq.app,Demo User,2022-07-27,Entertainment,Movies / dining out,462.86
demo@expenseiq.app,Demo User,2022-07-29,Transport,Fuel / commute,122.1
demo@expenseiq.app,Demo User,2022-08-01,Rent,Monthly rent,11538.99
demo@expenseiq.app,Demo User,2022-08-02,Transport,Fuel / commute,131.78
demo@expenseiq.app,Demo User,2022-08-03,Food & Groceries,Supermarket run,2114.37
demo@expenseiq.app,Demo User,2022-08-04,Transport,Fuel / commute,111.09
demo@expenseiq.app,Demo User,2022-08-06,Food & Groceries,Vegetables and fruit,537.06
demo@expenseiq.app,Demo User,2022-08-07,Entertainment,Movies / dining out,547.01
demo@expenseiq.app,Demo User,2022-08-08,Utilities,Electricity bill,1777.91
demo@expenseiq.app,Demo User,2022-08-08,Transport,Fuel / commute,123.21
demo@expenseiq.app,Demo User,2022-08-10,Utilities,Broadband internet,1087.53
demo@expenseiq.app,Demo User,2022-08-10,Food & Groceries,Supermarket run,2380.23
demo@expenseiq.app,Demo User,2022-08-11,Transport,Fuel / commute,106.99
demo@expenseiq.app,Demo User,2022-08-15,Transport,Fuel / commute,138.16
demo@expenseiq.app,Demo User,2022-08-16,Entertainment,Movies / dining out,490.89
demo@expenseiq.app,Demo User,2022-08-17,Food & Groceries,Supermarket run,2404.03
demo@expenseiq.app,Demo User,2022-08-18,Transport,Fuel / commute,131.34
demo@expenseiq.app,Demo User,2022-08-20,Food & Groceries,Vegetables and fruit,604.38
demo@expenseiq.app,Demo User,2022-08-22,Transport,Fuel / commute,103.34
demo@expenseiq.app,Demo User,2022-08-24,Food & Groceries,Supermarket run,2271.83
demo@expenseiq.app,Demo User,2022-08-25,Transport,Fuel / commute,134.2
demo@expenseiq.app,Demo User,2022-08-27,Entertainment,Movies / dining out,465.55
demo@expenseiq.app,Demo User,2022-08-29,Transport,Fuel / commute,127.9
demo@expenseiq.app,Demo User,2022-09-01,Rent,Monthly rent,11531.47
demo@expenseiq.app,Demo User,2022-09-02,Transport,Fuel / commute,116.56
demo@expenseiq.app,Demo User,2022-09-03,Food & Groceries,Supermarket run,2281.08
demo@expenseiq.app,Demo User,2022-09-04,Transport,Fuel / commute,149.2
demo@expenseiq.app,Demo User,2022-09-06,Food & Groceries,Vegetables and fruit,615.6
demo@expenseiq.app,Demo User,2022-09-07,Entertainment,Movies / dining out,419.82
demo@expenseiq.app,Demo User,2022-09-08,Utilities,Electricity bill,1590.02
demo@expenseiq.app,Demo User,2022-09-08,Transport,Fuel / commute,141.06
demo@expenseiq.app,Demo User,2022-09-10,Utilities,Broadband internet,1078.54
demo@expenseiq.app,Demo User,2022-09-10,Food & Groceries,Supermarket run,2282.87
demo@expenseiq.app,Demo User,2022-09-11,Transport,Fuel / commute,118.45
demo@expenseiq.app,Demo User,2022-09-12,Health,Doctor visit,646.66
demo@expenseiq.app,Demo User,2022-09-15,Transport,Fuel / commute,129.82
demo@expenseiq.app,Demo User,2022-09-16,Entertainment,Movies / dining out,493.77
demo@expenseiq.app,Demo User,2022-09-17,Food & Groceries,Supermarket run,2268.82
demo@expenseiq.app,Demo User,2022-09-18,Transport,Fuel / commute,124.55
demo@expenseiq.app,Demo User,2022-09-20,Food & Groceries,Vegetables and fruit,586.33
demo@expenseiq.app,Demo User,2022-09-21,Health,Pharmacy / lab tests,1278.13
demo@expenseiq.app,Demo User,2022-09-22,Transport,Fuel / commute,111.71
demo@expenseiq.app,Demo User,2022-09-24,Food & Groceries,Supermarket run,2242.57
demo@expenseiq.app,Demo User,2022-09-25,Transport,Fuel / commute,131.95
demo@expenseiq.app,Demo User,2022-09-27,Entertainment,Movies / dining out,511.52
demo@expenseiq.app,Demo User,2022-09-29,Transport,Fuel / commute,122.76
demo@expenseiq.app,Demo User,2022-10-01,Rent,Monthly rent,11625.45
demo@expenseiq.app,Demo User,2022-10-02,Transport,Fuel / commute,126.13
demo@expenseiq.app,Demo User,2022-10-03,Food & Groceries,Supermarket run,2959.42
demo@expenseiq.app,Demo User,2022-10-04,Transport,Fuel / commute,125.82
demo@expenseiq.app,Demo User,2022-10-05,Rent,Society maintenance,2152.42
demo@expenseiq.app,Demo User,2022-10-06,Food & Groceries,Vegetables and fruit,633.12
demo@expenseiq.app,Demo User,2022-10-07,Entertainment,Movies / dining out,663.13
demo@expenseiq.app,Demo User,2022-10-08,Utilities,Electricity bill,1498.74
demo@expenseiq.app,Demo User,2022-10-08,Transport,Fuel / commute,130.39
demo@expenseiq.app,Demo User,2022-10-10,Utilities,Broadband internet,1085.39
demo@expenseiq.app,Demo User,2022-10-10,Food & Groceries,Supermarket run,3080.43
demo@expenseiq.app,Demo User,2022-10-11,Transport,Fuel / commute,130.74
demo@expenseiq.app,Demo User,2022-10-15,Food & Groceries,Kirana store top-up,1121.11
demo@expenseiq.app,Demo User,2022-10-15,Transport,Fuel / commute,132.18
demo@expenseiq.app,Demo User,2022-10-16,Entertainment,Movies / dining out,727.2
demo@expenseiq.app,Demo User,2022-10-17,Food & Groceries,Supermarket run,2641.7
demo@expenseiq.app,Demo User,2022-10-18,Transport,Fuel / commute,120.31
demo@expenseiq.app,Demo User,2022-10-20,Food & Groceries,Vegetables and fruit,571.91
demo@expenseiq.app,Demo User,2022-10-22,Transport,Fuel / commute,120.99
demo@expenseiq.app,Demo User,2022-10-24,Food & Groceries,Supermarket run,2751.56
demo@expenseiq.app,Demo User,2022-10-25,Transport,Fuel / commute,127.78
demo@expenseiq.app,Demo User,2022-10-27,Entertainment,Movies / dining out,547.55
demo@expenseiq.app,Demo User,2022-10-29,Transport,Fuel / commute,128.93
demo@expenseiq.app,Demo User,2022-11-01,Rent,Monthly rent,11623.67
demo@expenseiq.app,Demo User,2022-11-02,Transport,Fuel / commute,108.17
demo@expenseiq.app,Demo User,2022-11-03,Food & Groceries,Supermarket run,2640.62
demo@expenseiq.app,Demo User,2022-11-04,Transport,Fuel / commute,128.64
demo@expenseiq.app,Demo User,2022-11-06,Food & Groceries,Vegetables and fruit,650.37
demo@expenseiq.app,Demo User,2022-11-07,Entertainment,Movies / dining out,637.9
demo@expenseiq.app,Demo User,2022-11-08,Utilities,Electricity bill,1289.36
demo@expenseiq.app,Demo User,2022-11-08,Transport,Fuel / commute,110.77
demo@expenseiq.app,Demo User,2022-11-10,Utilities,Broadband internet,1087.49
demo@expenseiq.app,Demo User,2022-11-10,Food & Groceries,Supermarket run,2559.76
demo@expenseiq.app,Demo User,2022-11-11,Transport,Fuel / commute,128.37
demo@expenseiq.app,Demo User,2022-11-12,Health,Doctor visit,750.83
demo@expenseiq.app,Demo User,2022-11-15,Transport,Fuel / commute,118.43
demo@expenseiq.app,Demo User,2022-11-16,Entertainment,Movies / dining out,703.79
demo@expenseiq.app,Demo User,2022-11-17,Food & Groceries,Supermarket run,2800.15
demo@expenseiq.app,Demo User,2022-11-18,Transport,Fuel / commute,136.02
demo@expenseiq.app,Demo User,2022-11-20,Food & Groceries,Vegetables and fruit,626.07
demo@expenseiq.app,Demo User,2022-11-22,Transport,Fuel / commute,109.11
demo@expenseiq.app,Demo User,2022-11-24,Food & Groceries,Supermarket run,2602.69
demo@expenseiq.app,Demo User,2022-11-25,Transport,Fuel / commute,130.28
demo@expenseiq.app,Demo User,2022-11-27,Entertainment,Movies / dining out,717.82
demo@expenseiq.app,Demo User,2022-11-29,Transport,Fuel / commute,138.99
demo@expenseiq.app,Demo User,2022-12-01,Rent,Monthly rent,11716.74
demo@expenseiq.app,Demo User,2022-12-02,Transport,Fuel / commute,114.47
demo@expenseiq.app,Demo User,2022-12-03,Food & Groceries,Supermarket run,1881.03
demo@expenseiq.app,Demo User,2022-12-04,Transport,Fuel / commute,133.31
demo@expenseiq.app,Demo User,2022-12-06,Food & Groceries,Vegetables and fruit,678.62
demo@expenseiq.app,Demo User,2022-12-07,Entertainment,Movies / dining out,551.07
demo@expenseiq.app,Demo User,2022-12-08,Utilities,Electricity bill,1249.28
demo@expenseiq.app,Demo User,2022-12-08,Transport,Fuel / commute,93.31
demo@expenseiq.app,Demo User,2022-12-10,Utilities,Broadband internet,1103.74
demo@expenseiq.app,Demo User,2022-12-10,Food & Groceries,Supermarket run,1901.37
demo@expenseiq.app,Demo User,2022-12-11,Transport,Fuel / commute,121.5
demo@expenseiq.app,Demo User,2022-12-15,Transport,Fuel / commute,145.53
demo@expenseiq.app,Demo User,2022-12-16,Entertainment,Movies / dining out,582.2
demo@expenseiq.app,Demo User,2022-12-17,Food & Groceries,Supermarket run,1788.82
demo@expenseiq.app,Demo User,2022-12-18,Transport,Fuel / commute,128.52
demo@expenseiq.app,Demo User,2022-12-20,Food & Groceries,Vegetables and fruit,649.5
demo@expenseiq.app,Demo User,2022-12-21,Health,Pharmacy / lab tests,1550.74
demo@expenseiq.app,Demo User,2022-12-22,Transport,Fuel / commute,132.33
demo@expenseiq.app,Demo User,2022-12-24,Food & Groceries,Supermarket run,1789.01
demo@expenseiq.app,Demo User,2022-12-25,Transport,Fuel / commute,83.25
demo@expenseiq.app,Demo User,2022-12-27,Entertainment,Movies / dining out,508.76
demo@expenseiq.app,Demo User,2022-12-29,Transport,Fuel / commute,124.34
demo@expenseiq.app,Demo User,2023-01-01,Rent,Monthly rent,11701.98
demo@expenseiq.app,Demo User,2023-01-02,Transport,Fuel / commute,209.59
demo@expenseiq.app,Demo User,2023-01-03,Food & Groceries,Supermarket run,1870.67
demo@expenseiq.app,Demo User,2023-01-04,Transport,Fuel / commute,234.63
demo@expenseiq.app,Demo User,2023-01-05,Rent,Society maintenance,2383.65
demo@expenseiq.app,Demo User,2023-01-06,Food & Groceries,Vegetables and fruit,595.68
demo@expenseiq.app,Demo User,2023-01-07,Entertainment,Movies / dining out,517.22
demo@expenseiq.app,Demo User,2023-01-08,Utilities,Electricity bill,1216.3
demo@expenseiq.app,Demo User,2023-01-08,Transport,Fuel / commute,261.91
demo@expenseiq.app,Demo User,2023-01-10,Utilities,Broadband internet,1104.15
demo@expenseiq.app,Demo User,2023-01-10,Food & Groceries,Supermarket run,1758.58
demo@expenseiq.app,Demo User,2023-01-11,Transport,Fuel / commute,242.5
demo@expenseiq.app,Demo User,2023-01-12,Health,Doctor visit,689.21
demo@expenseiq.app,Demo User,2023-01-15,Transport,Fuel / commute,156.44
demo@expenseiq.app,Demo User,2023-01-16,Entertainment,Movies / dining out,522.23
demo@expenseiq.app,Demo User,2023-01-17,Food & Groceries,Supermarket run,1736.87
demo@expenseiq.app,Demo User,2023-01-18,Transport,Fuel / commute,244.87
demo@expenseiq.app,Demo User,2023-01-20,Food & Groceries,Vegetables and fruit,547.77
demo@expenseiq.app,Demo User,2023-01-22,Transport,Fuel / commute,212.14
demo@expenseiq.app,Demo User,2023-01-24,Food & Groceries,Supermarket run,1786.59
demo@expenseiq.app,Demo User,2023-01-25,Transport,Fuel / commute,239.73
demo@expenseiq.app,Demo User,2023-01-27,Entertainment,Movies / dining out,608.12
demo@expenseiq.app,Demo User,2023-01-29,Transport,Fuel / commute,226.98
demo@expenseiq.app,Demo User,2023-02-01,Rent,Monthly rent,11744.24
demo@expenseiq.app,Demo User,2023-02-02,Transport,Fuel / commute,216.8
demo@expenseiq.app,Demo User,2023-02-03,Food & Groceries,Supermarket run,1685.69
demo@expenseiq.app,Demo User,2023-02-04,Transport,Fuel / commute,229.03
demo@expenseiq.app,Demo User,2023-02-06,Food & Groceries,Vegetables and fruit,594.78
demo@expenseiq.app,Demo User,2023-02-07,Entertainment,Movies / dining out,481.57
demo@expenseiq.app,Demo User,2023-02-08,Utilities,Electricity bill,1151.82
demo@expenseiq.app,Demo User,2023-02-08,Transport,Fuel / commute,234.43
demo@expenseiq.app,Demo User,2023-02-10,Utilities,Broadband internet,1080.6
demo@expenseiq.app,Demo User,2023-02-10,Food & Groceries,Supermarket run,1853.81
demo@expenseiq.app,Demo User,2023-02-11,Transport,Fuel / commute,206.51
demo@expenseiq.app,Demo User,2023-02-12,Health,Doctor visit,692.56
demo@expenseiq.app,Demo User,2023-02-15,Transport,Fuel / commute,252.79
demo@expenseiq.app,Demo User,2023-02-16,Entertainment,Movies / dining out,583.73
demo@expenseiq.app,Demo User,2023-02-17,Food & Groceries,Supermarket run,1848.67
demo@expenseiq.app,Demo User,2023-02-18,Transport,Fuel / commute,211.1
demo@expenseiq.app,Demo User,2023-02-20,Food & Groceries,Vegetables and fruit,566.98
demo@expenseiq.app,Demo User,2023-02-22,Transport,Fuel / commute,204.31
demo@expenseiq.app,Demo User,2023-02-24,Food & Groceries,Supermarket run,1926.52
demo@expenseiq.app,Demo User,2023-02-25,Transport,Fuel / commute,213.27
demo@expenseiq.app,Demo User,2023-02-27,Entertainment,Movies / dining out,660.43
demo@expenseiq.app,Demo User,2023-03-01,Rent,Monthly rent,11843.42
demo@expenseiq.app,Demo User,2023-03-02,Transport,Fuel / commute,222.63
demo@expenseiq.app,Demo User,2023-03-03,Food & Groceries,Supermarket run,2010.95
demo@expenseiq.app,Demo User,2023-03-04,Transport,Fuel / commute,252.31
demo@expenseiq.app,Demo User,2023-03-06,Food & Groceries,Vegetables and fruit,646.11
demo@expenseiq.app,Demo User,2023-03-07,Entertainment,Movies / dining out,509.16
demo@expenseiq.app,Demo User,2023-03-08,Utilities,Electricity bill,1267.28
demo@expenseiq.app,Demo User,2023-03-08,Transport,Fuel / commute,245.94
demo@expenseiq.app,Demo User,2023-03-10,Utilities,Broadband internet,1108.01
demo@expenseiq.app,Demo User,2023-03-10,Food & Groceries,Supermarket run,1875.5
demo@expenseiq.app,Demo User,2023-03-11,Transport,Fuel / commute,193.2
demo@expenseiq.app,Demo User,2023-03-12,Health,Doctor visit,717.44
demo@expenseiq.app,Demo User,2023-03-15,Transport,Fuel / commute,196.73
demo@expenseiq.app,Demo User,2023-03-16,Entertainment,Movies / dining out,560.29
demo@expenseiq.app,Demo User,2023-03-17,Food & Groceries,Supermarket run,2011.65
demo@expenseiq.app,Demo User,2023-03-18,Transport,Fuel / commute,209.94
demo@expenseiq.app,Demo User,2023-03-20,Food & Groceries,Vegetables and fruit,500.89
demo@expenseiq.app,Demo User,2023-03-22,Transport,Fuel / commute,233.97
demo@expenseiq.app,Demo User,2023-03-24,Food & Groceries,Supermarket run,1706.5
demo@expenseiq.app,Demo User,2023-03-25,Transport,Fuel / commute,173.05
demo@expenseiq.app,Demo User,2023-03-27,Entertainment,Movies / dining out,541.21
demo@expenseiq.app,Demo User,2023-03-29,Transport,Fuel / commute,228.49
demo@expenseiq.app,Demo User,2023-04-01,Rent,Monthly rent,11861.41
demo@expenseiq.app,Demo User,2023-04-02,Transport,Fuel / commute,193.45
demo@expenseiq.app,Demo User,2023-04-03,Food & Groceries,Supermarket run,2328.81
demo@expenseiq.app,Demo User,2023-04-04,Transport,Fuel / commute,264.21
demo@expenseiq.app,Demo User,2023-04-05,Rent,Society maintenance,2177.15
demo@expenseiq.app,Demo User,2023-04-06,Food & Groceries,Vegetables and fruit,685.87
demo@expenseiq.app,Demo User,2023-04-07,Entertainment,Movies / dining out,565.36
demo@expenseiq.app,Demo User,2023-04-08,Utilities,Electricity bill,1467.38
demo@expenseiq.app,Demo User,2023-04-08,Transport,Fuel / commute,237.15
demo@expenseiq.app,Demo User,2023-04-10,Utilities,Broadband internet,1108.35
demo@expenseiq.app,Demo User,2023-04-10,Food & Groceries,Supermarket run,2335.38
demo@expenseiq.app,Demo User,2023-04-11,Transport,Fuel / commute,223.36
demo@expenseiq.app,Demo User,2023-04-12,Health,Doctor visit,755.72
demo@expenseiq.app,Demo User,2023-04-15,Transport,Fuel / commute,229.9
demo@expenseiq.app,Demo User,2023-04-16,Entertainment,Movies / dining out,553.86
demo@expenseiq.app,Demo User,2023-04-17,Food & Groceries,Supermarket run,2106.66
demo@expenseiq.app,Demo User,2023-04-18,Transport,Fuel / commute,163.86
demo@expenseiq.app,Demo User,2023-04-20,Food & Groceries,Vegetables and fruit,566.7
demo@expenseiq.app,Demo User,2023-04-22,Transport,Fuel / commute,224.35
demo@expenseiq.app,Demo User,2023-04-24,Food & Groceries,Supermarket run,2140.28
demo@expenseiq.app,Demo User,2023-04-25,Transport,Fuel / commute,208.85
demo@expenseiq.app,Demo User,2023-04-27,Entertainment,Movies / dining out,433.76
demo@expenseiq.app,Demo User,2023-04-29,Transport,Fuel / commute,254.89
demo@expenseiq.app,Demo User,2023-05-01,Rent,Monthly rent,11895.17
demo@expenseiq.app,Demo User,2023-05-02,Transport,Fuel / commute,208.77
demo@expenseiq.app,Demo User,2023-05-03,Food & Groceries,Supermarket run,2350.23
demo@expenseiq.app,Demo User,2023-05-04,Transport,Fuel / commute,176.32
demo@expenseiq.app,Demo User,2023-05-06,Food & Groceries,Vegetables and fruit,547.9
demo@expenseiq.app,Demo User,2023-05-07,Entertainment,Movies / dining out,552.43
demo@expenseiq.app,Demo User,2023-05-08,Utilities,Electricity bill,1708.52
demo@expenseiq.app,Demo User,2023-05-08,Transport,Fuel / commute,278.33
demo@expenseiq.app,Demo User,2023-05-10,Utilities,Broadband internet,1115.24
demo@expenseiq.app,Demo User,2023-05-10,Food & Groceries,Supermarket run,2093.11
demo@expenseiq.app,Demo User,2023-05-11,Transport,Fuel / commute,215.48
demo@expenseiq.app,Demo User,2023-05-12,Health,Doctor visit,669.71
demo@expenseiq.app,Demo User,2023-05-15,Transport,Fuel / commute,185.07
demo@expenseiq.app,Demo User,2023-05-16,Entertainment,Movies / dining out,568.24
demo@expenseiq.app,Demo User,2023-05-17,Food & Groceries,Supermarket run,1981.43
demo@expenseiq.app,Demo User,2023-05-18,Transport,Fuel / commute,255.17
demo@expenseiq.app,Demo User,2023-05-20,Food & Groceries,Vegetables and fruit,628.94
demo@expenseiq.app,Demo User,2023-05-22,Transport,Fuel / commute,210.2
demo@expenseiq.app,Demo User,2023-05-24,Food & Groceries,Supermarket run,2156.24
demo@expenseiq.app,Demo User,2023-05-25,Transport,Fuel / commute,260.47
demo@expenseiq.app,Demo User,2023-05-27,Entertainment,Movies / dining out,579.4
demo@expenseiq.app,Demo User,2023-05-29,Transport,Fuel / commute,210.07
demo@expenseiq.app,Demo User,2023-06-01,Rent,Monthly rent,11909.2
demo@expenseiq.app,Demo User,2023-06-02,Transport,Fuel / commute,263.1
demo@expenseiq.app,Demo User,2023-06-03,Food & Groceries,Supermarket run,2072.43
demo@expenseiq.app,Demo User,2023-06-04,Transport,Fuel / commute,247.39
demo@expenseiq.app,Demo User,2023-06-06,Food & Groceries,Vegetables and fruit,568.39
demo@expenseiq.app,Demo User,2023-06-07,Entertainment,Movies / dining out,571.43
demo@expenseiq.app,Demo User,2023-06-08,Utilities,Electricity bill,1735.51
demo@expenseiq.app,Demo User,2023-06-08,Transport,Fuel / commute,262.95
demo@expenseiq.app,Demo User,2023-06-10,Utilities,Broadband internet,1117.51
demo@expenseiq.app,Demo User,2023-06-10,Food & Groceries,Supermarket run,2361.58
demo@expenseiq.app,Demo User,2023-06-11,Transport,Fuel / commute,274.33
demo@expenseiq.app,Demo User,2023-06-12,Health,Doctor visit,647.9
demo@expenseiq.app,Demo User,2023-06-15,Transport,Fuel / commute,209.65
demo@expenseiq.app,Demo User,2023-06-16,Entertainment,Movies / dining out,592.54
demo@expenseiq.app,Demo User,2023-06-17,Food & Groceries,Supermarket run,2070.88
demo@expenseiq.app,Demo User,2023-06-18,Transport,Fuel / commute,272.65
demo@expenseiq.app,Demo User,2023-06-20,Food & Groceries,Vegetables and fruit,587.39
demo@expenseiq.app,Demo User,2023-06-22,Transport,Fuel / commute,190.44
demo@expenseiq.app,Demo User,2023-06-24,Food & Groceries,Supermarket run,2326.09
demo@expenseiq.app,Demo User,2023-06-25,Transport,Fuel / commute,251.77
demo@expenseiq.app,Demo User,2023-06-27,Entertainment,Movies / dining out,590.64
demo@expenseiq.app,Demo User,2023-06-29,Transport,Fuel / commute,217.4
demo@expenseiq.app,Demo User,2023-07-01,Rent,Monthly rent,11931.81
demo@expenseiq.app,Demo User,2023-07-02,Transport,Fuel / commute,251.64
demo@expenseiq.app,Demo User,2023-07-03,Food & Groceries,Supermarket run,2530.04
demo@expenseiq.app,Demo User,2023-07-04,Transport,Fuel / commute,260.36
demo@expenseiq.app,Demo User,2023-07-05,Rent,Society maintenance,2135.85
demo@expenseiq.app,Demo User,2023-07-06,Food & Groceries,Vegetables and fruit,629.77
demo@expenseiq.app,Demo User,2023-07-07,Entertainment,Movies / dining out,568.63
demo@expenseiq.app,Demo User,2023-07-08,Utilities,Electricity bill,1863.87
demo@expenseiq.app,Demo User,2023-07-08,Transport,Fuel / commute,164.34
demo@expenseiq.app,Demo User,2023-07-10,Utilities,Broadband internet,1136.82
demo@expenseiq.app,Demo User,2023-07-10,Food & Groceries,Supermarket run,2331.46
demo@expenseiq.app,Demo User,2023-07-11,Transport,Fuel / commute,208.89
demo@expenseiq.app,Demo User,2023-07-12,Health,Doctor visit,673.77
demo@expenseiq.app,Demo User,2023-07-15,Transport,Fuel / commute,228.75
demo@expenseiq.app,Demo User,2023-07-16,Entertainment,Movies / dining out,462.69
demo@expenseiq.app,Demo User,2023-07-17,Food & Groceries,Supermarket run,2183.25
demo@expenseiq.app,Demo User,2023-07-18,Transport,Fuel / commute,252.26
demo@expenseiq.app,Demo User,2023-07-20,Food & Groceries,Vegetables and fruit,544.92
demo@expenseiq.app,Demo User,2023-07-22,Transport,Fuel / commute,217.48
demo@expenseiq.app,Demo User,2023-07-24,Food & Groceries,Supermarket run,2542.78
demo@expenseiq.app,Demo User,2023-07-25,Transport,Fuel / commute,208.68
demo@expenseiq.app,Demo User,2023-07-27,Entertainment,Movies / dining out,447.26
demo@expenseiq.app,Demo User,2023-07-29,Transport,Fuel / commute,252.05
demo@expenseiq.app,Demo User,2023-08-01,Rent,Monthly rent,12013.79
demo@expenseiq.app,Demo User,2023-08-02,Transport,Fuel / commute,196.48
demo@expenseiq.app,Demo User,2023-08-03,Food & Groceries,Supermarket run,2575.5
demo@expenseiq.app,Demo User,2023-08-04,Transport,Fuel / commute,203.73
demo@expenseiq.app,Demo User,2023-08-06,Food & Groceries,Vegetables and fruit,602.25
demo@expenseiq.app,Demo User,2023-08-07,Entertainment,Movies / dining out,540.48
demo@expenseiq.app,Demo User,2023-08-08,Utilities,Electricity bill,1828.46
demo@expenseiq.app,Demo User,2023-08-08,Transport,Fuel / commute,234.0
demo@expenseiq.app,Demo User,2023-08-10,Utilities,Broadband internet,1131.0
demo@expenseiq.app,Demo User,2023-08-10,Food & Groceries,Supermarket run,2414.97
demo@expenseiq.app,Demo User,2023-08-11,Transport,Fuel / commute,242.84
demo@expenseiq.app,Demo User,2023-08-12,Health,Doctor visit,637.08
demo@expenseiq.app,Demo User,2023-08-15,Transport,Fuel / commute,185.06
demo@expenseiq.app,Demo User,2023-08-16,Entertainment,Movies / dining out,476.72
demo@expenseiq.app,Demo User,2023-08-17,Food & Groceries,Supermarket run,2257.94
demo@expenseiq.app,Demo User,2023-08-18,Transport,Fuel / commute,246.45
demo@expenseiq.app,Demo User,2023-08-20,Food & Groceries,Vegetables and fruit,642.57
demo@expenseiq.app,Demo User,2023-08-22,Transport,Fuel / commute,209.7
demo@expenseiq.app,Demo User,2023-08-24,Food & Groceries,Supermarket run,2491.28
demo@expenseiq.app,Demo User,2023-08-25,Transport,Fuel / commute,268.28
demo@expenseiq.app,Demo User,2023-08-27,Entertainment,Movies / dining out,617.17
demo@expenseiq.app,Demo User,2023-08-29,Transport,Fuel / commute,222.74
demo@expenseiq.app,Demo User,2023-09-01,Rent,Monthly rent,11969.35
demo@expenseiq.app,Demo User,2023-09-02,Transport,Fuel / commute,256.85
demo@expenseiq.app,Demo User,2023-09-03,Food & Groceries,Supermarket run,2313.9
demo@expenseiq.app,Demo User,2023-09-04,Transport,Fuel / commute,205.14
demo@expenseiq.app,Demo User,2023-09-06,Food & Groceries,Vegetables and fruit,627.14
demo@expenseiq.app,Demo User,2023-09-07,Entertainment,Movies / dining out,480.97
demo@expenseiq.app,Demo User,2023-09-08,Utilities,Electricity bill,1647.21
demo@expenseiq.app,Demo User,2023-09-08,Transport,Fuel / commute,254.65
demo@expenseiq.app,Demo User,2023-09-10,Utilities,Broadband internet,1135.48
demo@expenseiq.app,Demo User,2023-09-10,Food & Groceries,Supermarket run,2313.41
demo@expenseiq.app,Demo User,2023-09-11,Transport,Fuel / commute,215.09
demo@expenseiq.app,Demo User,2023-09-15,Transport,Fuel / commute,246.44
demo@expenseiq.app,Demo User,2023-09-16,Entertainment,Movies / dining out,532.62
demo@expenseiq.app,Demo User,2023-09-17,Food & Groceries,Supermarket run,2229.71
demo@expenseiq.app,Demo User,2023-09-18,Transport,Fuel / commute,227.94
demo@expenseiq.app,Demo User,2023-09-20,Food & Groceries,Vegetables and fruit,673.18
demo@expenseiq.app,Demo User,2023-09-21,Health,Pharmacy / lab tests,1590.99
demo@expenseiq.app,Demo User,2023-09-22,Transport,Fuel / commute,277.15
demo@expenseiq.app,Demo User,2023-09-24,Food & Groceries,Supermarket run,2208.1
demo@expenseiq.app,Demo User,2023-09-25,Transport,Fuel / commute,221.61
demo@expenseiq.app,Demo User,2023-09-27,Entertainment,Movies / dining out,520.13
demo@expenseiq.app,Demo User,2023-09-29,Transport,Fuel / commute,238.31
demo@expenseiq.app,Demo User,2023-10-01,Rent,Monthly rent,12056.61
demo@expenseiq.app,Demo User,2023-10-02,Transport,Fuel / commute,259.89
demo@expenseiq.app,Demo User,2023-10-03,Food & Groceries,Supermarket run,2724.38
demo@expenseiq.app,Demo User,2023-10-04,Transport,Fuel / commute,183.72
demo@expenseiq.app,Demo User,2023-10-05,Rent,Society maintenance,2131.74
demo@expenseiq.app,Demo User,2023-10-06,Food & Groceries,Vegetables and fruit,709.0
demo@expenseiq.app,Demo User,2023-10-07,Entertainment,Movies / dining out,756.66
demo@expenseiq.app,Demo User,2023-10-08,Utilities,Electricity bill,1451.71
demo@expenseiq.app,Demo User,2023-10-08,Transport,Fuel / commute,220.84
demo@expenseiq.app,Demo User,2023-10-10,Utilities,Broadband internet,1135.73
demo@expenseiq.app,Demo User,2023-10-10,Food & Groceries,Supermarket run,2972.44
demo@expenseiq.app,Demo User,2023-10-11,Transport,Fuel / commute,234.83
demo@expenseiq.app,Demo User,2023-10-12,Health,Doctor visit,688.08
demo@expenseiq.app,Demo User,2023-10-15,Transport,Fuel / commute,288.07
demo@expenseiq.app,Demo User,2023-10-16,Entertainment,Movies / dining out,743.8
demo@expenseiq.app,Demo User,2023-10-17,Food & Groceries,Supermarket run,2812.12
demo@expenseiq.app,Demo User,2023-10-18,Transport,Fuel / commute,179.0
demo@expenseiq.app,Demo User,2023-10-20,Food & Groceries,Vegetables and fruit,629.74
demo@expenseiq.app,Demo User,2023-10-22,Transport,Fuel / commute,231.35
demo@expenseiq.app,Demo User,2023-10-24,Food & Groceries,Supermarket run,2916.12
demo@expenseiq.app,Demo User,2023-10-25,Transport,Fuel / commute,274.97
demo@expenseiq.app,Demo User,2023-10-27,Entertainment,Movies / dining out,864.42
demo@expenseiq.app,Demo User,2023-10-29,Transport,Fuel / commute,212.0
demo@expenseiq.app,Demo User,2023-11-01,Rent,Monthly rent,12039.69
demo@expenseiq.app,Demo User,2023-11-02,Transport,Fuel / commute,201.88
demo@expenseiq.app,Demo User,2023-11-03,Food & Groceries,Supermarket run,2755.79
demo@expenseiq.app,Demo User,2023-11-04,Transport,Fuel / commute,235.24
demo@expenseiq.app,Demo User,2023-11-06,Food & Groceries,Vegetables and fruit,671.39
demo@expenseiq.app,Demo User,2023-11-07,Entertainment,Movies / dining out,617.22
demo@expenseiq.app,Demo User,2023-11-08,Utilities,Electricity bill,1363.12
demo@expenseiq.app,Demo User,2023-11-08,Transport,Fuel / commute,250.6
demo@expenseiq.app,Demo User,2023-11-10,Utilities,Broadband internet,1132.71
demo@expenseiq.app,Demo User,2023-11-10,Food & Groceries,Supermarket run,2511.66
demo@expenseiq.app,Demo User,2023-11-11,Transport,Fuel / commute,246.21
demo@expenseiq.app,Demo User,2023-11-12,Health,Doctor visit,711.38
demo@expenseiq.app,Demo User,2023-11-15,Transport,Fuel / commute,220.36
demo@expenseiq.app,Demo User,2023-11-16,Entertainment,Movies / dining out,732.6
demo@expenseiq.app,Demo User,2023-11-17,Food & Groceries,Supermarket run,2690.51
demo@expenseiq.app,Demo User,2023-11-18,Transport,Fuel / commute,243.19
demo@expenseiq.app,Demo User,2023-11-20,Food & Groceries,Vegetables and fruit,599.96
demo@expenseiq.app,Demo User,2023-11-21,Health,Pharmacy / lab tests,1806.59
demo@expenseiq.app,Demo User,2023-11-22,Transport,Fuel / commute,277.12
demo@expenseiq.app,Demo User,2023-11-24,Food & Groceries,Supermarket run,2849.03
demo@expenseiq.app,Demo User,2023-11-25,Transport,Fuel / commute,240.58
demo@expenseiq.app,Demo User,2023-11-27,Entertainment,Movies / dining out,710.17
demo@expenseiq.app,Demo User,2023-11-29,Transport,Fuel / commute,188.78
demo@expenseiq.app,Demo User,2023-12-01,Rent,Monthly rent,12138.56
demo@expenseiq.app,Demo User,2023-12-02,Transport,Fuel / commute,261.4
demo@expenseiq.app,Demo User,2023-12-03,Food & Groceries,Supermarket run,1961.02
demo@expenseiq.app,Demo User,2023-12-04,Transport,Fuel / commute,231.88
demo@expenseiq.app,Demo User,2023-12-06,Food & Groceries,Vegetables and fruit,589.19
demo@expenseiq.app,Demo User,2023-12-07,Entertainment,Movies / dining out,544.49
demo@expenseiq.app,Demo User,2023-12-08,Utilities,Electricity bill,1381.83
demo@expenseiq.app,Demo User,2023-12-08,Transport,Fuel / commute,221.59
demo@expenseiq.app,Demo User,2023-12-10,Utilities,Broadband internet,1142.23
demo@expenseiq.app,Demo User,2023-12-10,Food & Groceries,Supermarket run,1897.06
demo@expenseiq.app,Demo User,2023-12-11,Transport,Fuel / commute,264.07
demo@expenseiq.app,Demo User,2023-12-12,Health,Doctor visit,706.95
demo@expenseiq.app,Demo User,2023-12-15,Transport,Fuel / commute,266.73
demo@expenseiq.app,Demo User,2023-12-16,Entertainment,Movies / dining out,479.51
demo@expenseiq.app,Demo User,2023-12-17,Food & Groceries,Supermarket run,2041.77
demo@expenseiq.app,Demo User,2023-12-18,Transport,Fuel / commute,222.83
demo@expenseiq.app,Demo User,2023-12-20,Food & Groceries,Vegetables and fruit,624.26
demo@expenseiq.app,Demo User,2023-12-22,Transport,Fuel / commute,241.54
demo@expenseiq.app,Demo User,2023-12-24,Food & Groceries,Supermarket run,2089.91
demo@expenseiq.app,Demo User,2023-12-25,Transport,Fuel / commute,201.38
demo@expenseiq.app,Demo User,2023-12-27,Entertainment,Movies / dining out,495.84
demo@expenseiq.app,Demo User,2023-12-29,Transport,Fuel / commute,210.23
demo@expenseiq.app,Demo User,2024-01-01,Rent,Monthly rent,12205.07
demo@expenseiq.app,Demo User,2024-01-02,Transport,Fuel / commute,252.05
demo@expenseiq.app,Demo User,2024-01-03,Food & Groceries,Supermarket run,2093.95
demo@expenseiq.app,Demo User,2024-01-04,Transport,Fuel / commute,223.34
demo@expenseiq.app,Demo User,2024-01-05,Rent,Society maintenance,2230.09
demo@expenseiq.app,Demo User,2024-01-06,Food & Groceries,Vegetables and fruit,627.33
demo@expenseiq.app,Demo User,2024-01-07,Entertainment,Movies / dining out,585.66
demo@expenseiq.app,Demo User,2024-01-08,Utilities,Electricity bill,1251.84
demo@expenseiq.app,Demo User,2024-01-08,Transport,Fuel / commute,228.66
demo@expenseiq.app,Demo User,2024-01-10,Utilities,Broadband internet,1151.21
demo@expenseiq.app,Demo User,2024-01-10,Food & Groceries,Supermarket run,1830.43
demo@expenseiq.app,Demo User,2024-01-11,Transport,Fuel / commute,233.44
demo@expenseiq.app,Demo User,2024-01-12,Health,Doctor visit,636.75
demo@expenseiq.app,Demo User,2024-01-15,Transport,Fuel / commute,277.95
demo@expenseiq.app,Demo User,2024-01-16,Entertainment,Movies / dining out,588.86
demo@expenseiq.app,Demo User,2024-01-17,Food & Groceries,Supermarket run,1688.0
demo@expenseiq.app,Demo User,2024-01-18,Transport,Fuel / commute,237.13
demo@expenseiq.app,Demo User,2024-01-20,Food & Groceries,Vegetables and fruit,637.64
demo@expenseiq.app,Demo User,2024-01-21,Health,Pharmacy / lab tests,1265.65
demo@expenseiq.app,Demo User,2024-01-22,Transport,Fuel / commute,201.24
demo@expenseiq.app,Demo User,2024-01-24,Food & Groceries,Supermarket run,1953.7
demo@expenseiq.app,Demo User,2024-01-25,Transport,Fuel / commute,202.37
demo@expenseiq.app,Demo User,2024-01-27,Entertainment,Movies / dining out,520.12
demo@expenseiq.app,Demo User,2024-01-29,Transport,Fuel / commute,240.23
demo@expenseiq.app,Demo User,2024-02-01,Rent,Monthly rent,12243.57
demo@expenseiq.app,Demo User,2024-02-02,Transport,Fuel / commute,252.77
demo@expenseiq.app,Demo User,2024-02-03,Food & Groceries,Supermarket run,1911.57
demo@expenseiq.app,Demo User,2024-02-04,Transport,Fuel / commute,249.31
demo@expenseiq.app,Demo User,2024-02-06,Food & Groceries,Vegetables and fruit,723.46
demo@expenseiq.app,Demo User,2024-02-07,Entertainment,Movies / dining out,402.4
demo@expenseiq.app,Demo User,2024-02-08,Utilities,Electricity bill,1293.53
demo@expenseiq.app,Demo User,2024-02-08,Transport,Fuel / commute,237.25
demo@expenseiq.app,Demo User,2024-02-10,Utilities,Broadband internet,1150.01
demo@expenseiq.app,Demo User,2024-02-10,Food & Groceries,Supermarket run,1899.46
demo@expenseiq.app,Demo User,2024-02-11,Transport,Fuel / commute,193.6
demo@expenseiq.app,Demo User,2024-02-12,Health,Doctor visit,698.32
demo@expenseiq.app,Demo User,2024-02-15,Transport,Fuel / commute,200.0
demo@expenseiq.app,Demo User,2024-02-16,Entertainment,Movies / dining out,426.4
demo@expenseiq.app,Demo User,2024-02-17,Food & Groceries,Supermarket run,1828.04
demo@expenseiq.app,Demo User,2024-02-18,Transport,Fuel / commute,214.81
demo@expenseiq.app,Demo User,2024-02-20,Food & Groceries,Vegetables and fruit,617.64
demo@expenseiq.app,Demo User,2024-02-22,Transport,Fuel / commute,176.18
demo@expenseiq.app,Demo User,2024-02-24,Food & Groceries,Supermarket run,2019.96
demo@expenseiq.app,Demo User,2024-02-25,Transport,Fuel / commute,277.07
demo@expenseiq.app,Demo User,2024-02-27,Entertainment,Movies / dining out,545.72
demo@expenseiq.app,Demo User,2024-02-29,Transport,Fuel / commute,247.48
demo@expenseiq.app,Demo User,2024-03-01,Rent,Monthly rent,12185.83
demo@expenseiq.app,Demo User,2024-03-02,Transport,Fuel / commute,243.59
demo@expenseiq.app,Demo User,2024-03-03,Food & Groceries,Supermarket run,2111.8
demo@expenseiq.app,Demo User,2024-03-04,Transport,Fuel / commute,257.72
demo@expenseiq.app,Demo User,2024-03-06,Food & Groceries,Vegetables and fruit,687.95
demo@expenseiq.app,Demo User,2024-03-07,Entertainment,Movies / dining out,520.4
demo@expenseiq.app,Demo User,2024-03-08,Utilities,Electricity bill,1330.68
demo@expenseiq.app,Demo User,2024-03-08,Transport,Fuel / commute,186.91
demo@expenseiq.app,Demo User,2024-03-10,Utilities,Broadband internet,1139.45
demo@expenseiq.app,Demo User,2024-03-10,Food & Groceries,Supermarket run,2072.04
demo@expenseiq.app,Demo User,2024-03-11,Transport,Fuel / commute,257.31
demo@expenseiq.app,Demo User,2024-03-12,Health,Doctor visit,607.59
demo@expenseiq.app,Demo User,2024-03-15,Transport,Fuel / commute,190.0
demo@expenseiq.app,Demo User,2024-03-16,Entertainment,Movies / dining out,448.71
demo@expenseiq.app,Demo User,2024-03-17,Food & Groceries,Supermarket run,1987.51
demo@expenseiq.app,Demo User,2024-03-18,Transport,Fuel / commute,234.41
demo@expenseiq.app,Demo User,2024-03-20,Food & Groceries,Vegetables and fruit,589.53
demo@expenseiq.app,Demo User,2024-03-21,Health,Pharmacy / lab tests,1520.0
demo@expenseiq.app,Demo User,2024-03-22,Transport,Fuel / commute,204.57
demo@expenseiq.app,Demo User,2024-03-24,Food & Groceries,Supermarket run,2008.93
demo@expenseiq.app,Demo User,2024-03-25,Transport,Fuel / commute,278.6
demo@expenseiq.app,Demo User,2024-03-27,Entertainment,Movies / dining out,582.13
demo@expenseiq.app,Demo User,2024-03-29,Transport,Fuel / commute,204.75
demo@expenseiq.app,Demo User,2024-04-01,Rent,Monthly rent,12186.96
demo@expenseiq.app,Demo User,2024-04-02,Transport,Fuel / commute,253.9
demo@expenseiq.app,Demo User,2024-04-03,Food & Groceries,Supermarket run,1952.21
demo@expenseiq.app,Demo User,2024-04-04,Transport,Fuel / commute,232.34
demo@expenseiq.app,Demo User,2024-04-05,Rent,Society maintenance,2140.05
demo@expenseiq.app,Demo User,2024-04-06,Food & Groceries,Vegetables and fruit,642.2
demo@expenseiq.app,Demo User,2024-04-07,Entertainment,Movies / dining out,549.2
demo@expenseiq.app,Demo User,2024-04-08,Utilities,Electricity bill,1370.78
demo@expenseiq.app,Demo User,2024-04-08,Transport,Fuel / commute,207.18
demo@expenseiq.app,Demo User,2024-04-10,Utilities,Broadband internet,1161.2
demo@expenseiq.app,Demo User,2024-04-10,Food & Groceries,Supermarket run,1987.0
demo@expenseiq.app,Demo User,2024-04-11,Transport,Fuel / commute,254.68
demo@expenseiq.app,Demo User,2024-04-15,Transport,Fuel / commute,256.05
demo@expenseiq.app,Demo User,2024-04-16,Entertainment,Movies / dining out,517.47
demo@expenseiq.app,Demo User,2024-04-17,Food & Groceries,Supermarket run,2218.36
demo@expenseiq.app,Demo User,2024-04-18,Transport,Fuel / commute,264.1
demo@expenseiq.app,Demo User,2024-04-20,Food & Groceries,Vegetables and fruit,680.15
demo@expenseiq.app,Demo User,2024-04-22,Transport,Fuel / commute,247.44
demo@expenseiq.app,Demo User,2024-04-24,Food & Groceries,Supermarket run,2289.09
demo@expenseiq.app,Demo User,2024-04-25,Transport,Fuel / commute,205.06
demo@expenseiq.app,Demo User,2024-04-27,Entertainment,Movies / dining out,529.87
demo@expenseiq.app,Demo User,2024-04-29,Transport,Fuel / commute,258.27
demo@expenseiq.app,Demo User,2024-05-01,Rent,Monthly rent,12330.16
demo@expenseiq.app,Demo User,2024-05-02,Transport,Fuel / commute,190.89
demo@expenseiq.app,Demo User,2024-05-03,Food & Groceries,Supermarket run,2130.7
demo@expenseiq.app,Demo User,2024-05-04,Transport,Fuel / commute,283.89
demo@expenseiq.app,Demo User,2024-05-06,Food & Groceries,Vegetables and fruit,619.36
demo@expenseiq.app,Demo User,2024-05-07,Entertainment,Movies / dining out,513.06
demo@expenseiq.app,Demo User,2024-05-08,Utilities,Electricity bill,1600.83
demo@expenseiq.app,Demo User,2024-05-08,Transport,Fuel / commute,209.7
demo@expenseiq.app,Demo User,2024-05-10,Utilities,Broadband internet,1159.36
demo@expenseiq.app,Demo User,2024-05-10,Food & Groceries,Supermarket run,2450.95
demo@expenseiq.app,Demo User,2024-05-11,Transport,Fuel / commute,228.6
demo@expenseiq.app,Demo User,2024-05-12,Health,Doctor visit,664.85
demo@expenseiq.app,Demo User,2024-05-15,Transport,Fuel / commute,258.06
demo@expenseiq.app,Demo User,2024-05-16,Entertainment,Movies / dining out,578.23
demo@expenseiq.app,Demo User,2024-05-17,Food & Groceries,Supermarket run,2662.5
demo@expenseiq.app,Demo User,2024-05-18,Transport,Fuel / commute,281.81
demo@expenseiq.app,Demo User,2024-05-20,Food & Groceries,Vegetables and fruit,520.24
demo@expenseiq.app,Demo User,2024-05-22,Transport,Fuel / commute,233.52
demo@expenseiq.app,Demo User,2024-05-24,Food & Groceries,Supermarket run,2354.45
demo@expenseiq.app,Demo User,2024-05-25,Transport,Fuel / commute,227.63
demo@expenseiq.app,Demo User,2024-05-27,Entertainment,Movies / dining out,563.25
demo@expenseiq.app,Demo User,2024-05-29,Transport,Fuel / commute,241.31
demo@expenseiq.app,Demo User,2024-06-01,Rent,Monthly rent,12278.03
demo@expenseiq.app,Demo User,2024-06-02,Transport,Fuel / commute,270.97
demo@expenseiq.app,Demo User,2024-06-03,Food & Groceries,Supermarket run,2420.86
demo@expenseiq.app,Demo User,2024-06-04,Transport,Fuel / commute,227.12
demo@expenseiq.app,Demo User,2024-06-06,Food & Groceries,Vegetables and fruit,582.95
demo@expenseiq.app,Demo User,2024-06-07,Entertainment,Movies / dining out,462.03
demo@expenseiq.app,Demo User,2024-06-08,Utilities,Electricity bill,1765.09
demo@expenseiq.app,Demo User,2024-06-08,Transport,Fuel / commute,238.62
demo@expenseiq.app,Demo User,2024-06-10,Utilities,Broadband internet,1152.49
demo@expenseiq.app,Demo User,2024-06-10,Food & Groceries,Supermarket run,2549.08
demo@expenseiq.app,Demo User,2024-06-11,Transport,Fuel / commute,281.9
demo@expenseiq.app,Demo User,2024-06-12,Health,Doctor visit,728.86
demo@expenseiq.app,Demo User,2024-06-15,Transport,Fuel / commute,253.18
demo@expenseiq.app,Demo User,2024-06-16,Entertainment,Movies / dining out,564.33
demo@expenseiq.app,Demo User,2024-06-17,Food & Groceries,Supermarket run,2137.78
demo@expenseiq.app,Demo User,2024-06-18,Transport,Fuel / commute,218.1
demo@expenseiq.app,Demo User,2024-06-20,Food & Groceries,Vegetables and fruit,640.69
demo@expenseiq.app,Demo User,2024-06-22,Transport,Fuel / commute,244.57
demo@expenseiq.app,Demo User,2024-06-24,Food & Groceries,Supermarket run,2315.59
demo@expenseiq.app,Demo User,2024-06-25,Transport,Fuel / commute,216.16
demo@expenseiq.app,Demo User,2024-06-27,Entertainment,Movies / dining out,544.91
demo@expenseiq.app,Demo User,2024-06-29,Transport,Fuel / commute,252.1
demo@expenseiq.app,Demo User,2024-07-01,Rent,Monthly rent,12461.04
demo@expenseiq.app,Demo User,2024-07-02,Transport,Fuel / commute,222.74
demo@expenseiq.app,Demo User,2024-07-03,Food & Groceries,Supermarket run,2377.83
demo@expenseiq.app,Demo User,2024-07-04,Transport,Fuel / commute,232.98
demo@expenseiq.app,Demo User,2024-07-05,Rent,Society maintenance,2156.17
demo@expenseiq.app,Demo User,2024-07-06,Food & Groceries,Vegetables and fruit,609.81
demo@expenseiq.app,Demo User,2024-07-07,Entertainment,Movies / dining out,461.8
demo@expenseiq.app,Demo User,2024-07-08,Utilities,Electricity bill,1986.71
demo@expenseiq.app,Demo User,2024-07-08,Transport,Fuel / commute,266.05
demo@expenseiq.app,Demo User,2024-07-10,Utilities,Broadband internet,1152.4
demo@expenseiq.app,Demo User,2024-07-10,Food & Groceries,Supermarket run,2598.22
demo@expenseiq.app,Demo User,2024-07-11,Transport,Fuel / commute,225.02
demo@expenseiq.app,Demo User,2024-07-15,Transport,Fuel / commute,183.96
demo@expenseiq.app,Demo User,2024-07-16,Entertainment,Movies / dining out,663.53
demo@expenseiq.app,Demo User,2024-07-17,Food & Groceries,Supermarket run,2674.65
demo@expenseiq.app,Demo User,2024-07-18,Transport,Fuel / commute,203.15
demo@expenseiq.app,Demo User,2024-07-20,Food & Groceries,Vegetables and fruit,686.35
demo@expenseiq.app,Demo User,2024-07-22,Transport,Fuel / commute,241.02
demo@expenseiq.app,Demo User,2024-07-24,Food & Groceries,Supermarket run,2330.95
demo@expenseiq.app,Demo User,2024-07-25,Transport,Fuel / commute,186.9
demo@expenseiq.app,Demo User,2024-07-27,Entertainment,Movies / dining out,698.47
demo@expenseiq.app,Demo User,2024-07-29,Transport,Fuel / commute,232.15
demo@expenseiq.app,Demo User,2024-08-01,Rent,Monthly rent,12383.03
demo@expenseiq.app,Demo User,2024-08-02,Transport,Fuel / commute,213.52
demo@expenseiq.app,Demo User,2024-08-03,Food & Groceries,Supermarket run,2397.26
demo@expenseiq.app,Demo User,2024-08-04,Transport,Fuel / commute,192.57
demo@expenseiq.app,Demo User,2024-08-06,Food & Groceries,Vegetables and fruit,716.72
demo@expenseiq.app,Demo User,2024-08-07,Entertainment,Movies / dining out,487.07
demo@expenseiq.app,Demo User,2024-08-08,Utilities,Electricity bill,1886.19
demo@expenseiq.app,Demo User,2024-08-08,Transport,Fuel / commute,236.49
demo@expenseiq.app,Demo User,2024-08-10,Utilities,Broadband internet,1168.75
demo@expenseiq.app,Demo User,2024-08-10,Food & Groceries,Supermarket run,2303.14
demo@expenseiq.app,Demo User,2024-08-11,Transport,Fuel / commute,204.7
demo@expenseiq.app,Demo User,2024-08-12,Health,Doctor visit,697.54
demo@expenseiq.app,Demo User,2024-08-15,Transport,Fuel / commute,202.36
demo@expenseiq.app,Demo User,2024-08-16,Entertainment,Movies / dining out,607.14
demo@expenseiq.app,Demo User,2024-08-17,Food & Groceries,Supermarket run,2488.72
demo@expenseiq.app,Demo User,2024-08-18,Transport,Fuel / commute,256.76
demo@expenseiq.app,Demo User,2024-08-20,Food & Groceries,Vegetables and fruit,649.07
demo@expenseiq.app,Demo User,2024-08-22,Transport,Fuel / commute,189.97
demo@expenseiq.app,Demo User,2024-08-24,Food & Groceries,Supermarket run,2379.56
demo@expenseiq.app,Demo User,2024-08-25,Transport,Fuel / commute,282.4
demo@expenseiq.app,Demo User,2024-08-27,Entertainment,Movies / dining out,555.94
demo@expenseiq.app,Demo User,2024-08-29,Transport,Fuel / commute,246.11
demo@expenseiq.app,Demo User,2024-09-01,Rent,Monthly rent,12462.0
demo@expenseiq.app,Demo User,2024-09-02,Transport,Fuel / commute,264.29
demo@expenseiq.app,Demo User,2024-09-03,Food & Groceries,Supermarket run,2273.88
demo@expenseiq.app,Demo User,2024-09-04,Transport,Fuel / commute,281.07
demo@expenseiq.app,Demo User,2024-09-06,Food & Groceries,Vegetables and fruit,625.58
demo@expenseiq.app,Demo User,2024-09-07,Entertainment,Movies / dining out,512.53
demo@expenseiq.app,Demo User,2024-09-08,Utilities,Electricity bill,1664.1
demo@expenseiq.app,Demo User,2024-09-08,Transport,Fuel / commute,222.4
demo@expenseiq.app,Demo User,2024-09-10,Utilities,Broadband internet,1176.03
demo@expenseiq.app,Demo User,2024-09-10,Food & Groceries,Supermarket run,2295.01
demo@expenseiq.app,Demo User,2024-09-11,Transport,Fuel / commute,279.39
demo@expenseiq.app,Demo User,2024-09-12,Health,Doctor visit,722.25
demo@expenseiq.app,Demo User,2024-09-13,Food & Groceries,Kirana store top-up,986.5
demo@expenseiq.app,Demo User,2024-09-15,Transport,Fuel / commute,263.78
demo@expenseiq.app,Demo User,2024-09-16,Entertainment,Movies / dining out,546.18
demo@expenseiq.app,Demo User,2024-09-17,Food & Groceries,Supermarket run,2265.0
demo@expenseiq.app,Demo User,2024-09-18,Transport,Fuel / commute,236.71
demo@expenseiq.app,Demo User,2024-09-20,Food & Groceries,Vegetables and fruit,551.27
demo@expenseiq.app,Demo User,2024-09-22,Transport,Fuel / commute,234.65
demo@expenseiq.app,Demo User,2024-09-24,Food & Groceries,Supermarket run,2761.37
demo@expenseiq.app,Demo User,2024-09-25,Transport,Fuel / commute,247.48
demo@expenseiq.app,Demo User,2024-09-27,Entertainment,Movies / dining out,690.47
demo@expenseiq.app,Demo User,2024-09-29,Transport,Fuel / commute,267.72
demo@expenseiq.app,Demo User,2024-10-01,Rent,Monthly rent,12542.78
demo@expenseiq.app,Demo User,2024-10-02,Transport,Fuel / commute,230.64
demo@expenseiq.app,Demo User,2024-10-03,Food & Groceries,Supermarket run,2844.5
demo@expenseiq.app,Demo User,2024-10-04,Transport,Fuel / commute,260.39
demo@expenseiq.app,Demo User,2024-10-05,Rent,Society maintenance,2096.61
demo@expenseiq.app,Demo User,2024-10-06,Food & Groceries,Vegetables and fruit,728.91
demo@expenseiq.app,Demo User,2024-10-07,Entertainment,Movies / dining out,627.93
demo@expenseiq.app,Demo User,2024-10-08,Utilities,Electricity bill,1506.06
demo@expenseiq.app,Demo User,2024-10-08,Transport,Fuel / commute,232.79
demo@expenseiq.app,Demo User,2024-10-10,Utilities,Broadband internet,1169.93
demo@expenseiq.app,Demo User,2024-10-10,Food & Groceries,Supermarket run,3087.15
demo@expenseiq.app,Demo User,2024-10-11,Transport,Fuel / commute,290.49
demo@expenseiq.app,Demo User,2024-10-12,Health,Doctor visit,802.94
demo@expenseiq.app,Demo User,2024-10-15,Transport,Fuel / commute,254.75
demo@expenseiq.app,Demo User,2024-10-16,Food & Groceries,Kirana store top-up,1257.09
demo@expenseiq.app,Demo User,2024-10-16,Entertainment,Movies / dining out,687.21
demo@expenseiq.app,Demo User,2024-10-17,Food & Groceries,Supermarket run,2952.35
demo@expenseiq.app,Demo User,2024-10-18,Transport,Fuel / commute,250.61
demo@expenseiq.app,Demo User,2024-10-20,Food & Groceries,Vegetables and fruit,732.04
demo@expenseiq.app,Demo User,2024-10-21,Health,Pharmacy / lab tests,1472.08
demo@expenseiq.app,Demo User,2024-10-22,Transport,Fuel / commute,246.67
demo@expenseiq.app,Demo User,2024-10-24,Food & Groceries,Supermarket run,3379.31
demo@expenseiq.app,Demo User,2024-10-25,Transport,Fuel / commute,293.7
demo@expenseiq.app,Demo User,2024-10-27,Entertainment,Movies / dining out,605.75
demo@expenseiq.app,Demo User,2024-10-29,Transport,Fuel / commute,201.16
demo@expenseiq.app,Demo User,2024-11-01,Rent,Monthly rent,12574.7
demo@expenseiq.app,Demo User,2024-11-02,Transport,Fuel / commute,219.78
demo@expenseiq.app,Demo User,2024-11-03,Food & Groceries,Supermarket run,2835.62
demo@expenseiq.app,Demo User,2024-11-04,Transport,Fuel / commute,230.14
demo@expenseiq.app,Demo User,2024-11-06,Food & Groceries,Vegetables and fruit,719.21
demo@expenseiq.app,Demo User,2024-11-07,Entertainment,Movies / dining out,744.88
demo@expenseiq.app,Demo User,2024-11-08,Utilities,Electricity bill,1356.56
demo@expenseiq.app,Demo User,2024-11-08,Transport,Fuel / commute,261.23
demo@expenseiq.app,Demo User,2024-11-10,Utilities,Broadband internet,1175.1
demo@expenseiq.app,Demo User,2024-11-10,Food & Groceries,Supermarket run,2727.84
demo@expenseiq.app,Demo User,2024-11-11,Transport,Fuel / commute,277.13
demo@expenseiq.app,Demo User,2024-11-15,Transport,Fuel / commute,322.72
demo@expenseiq.app,Demo User,2024-11-16,Entertainment,Movies / dining out,719.96
demo@expenseiq.app,Demo User,2024-11-17,Food & Groceries,Supermarket run,2740.56
demo@expenseiq.app,Demo User,2024-11-18,Transport,Fuel / commute,230.09
demo@expenseiq.app,Demo User,2024-11-20,Food & Groceries,Vegetables and fruit,577.08
demo@expenseiq.app,Demo User,2024-11-22,Transport,Fuel / commute,231.55
demo@expenseiq.app,Demo User,2024-11-24,Food & Groceries,Supermarket run,3003.13
demo@expenseiq.app,Demo User,2024-11-25,Transport,Fuel / commute,260.92
demo@expenseiq.app,Demo User,2024-11-27,Entertainment,Movies / dining out,519.33
demo@expenseiq.app,Demo User,2024-11-29,Transport,Fuel / commute,223.75
demo@expenseiq.app,Demo User,2024-12-01,Rent,Monthly rent,12456.59
demo@expenseiq.app,Demo User,2024-12-02,Transport,Fuel / commute,244.35
demo@expenseiq.app,Demo User,2024-12-03,Food & Groceries,Supermarket run,2230.61
demo@expenseiq.app,Demo User,2024-12-04,Transport,Fuel / commute,221.5
demo@expenseiq.app,Demo User,2024-12-06,Food & Groceries,Vegetables and fruit,666.83
demo@expenseiq.app,Demo User,2024-12-07,Entertainment,Movies / dining out,486.6
demo@expenseiq.app,Demo User,2024-12-08,Utilities,Electricity bill,1348.98
demo@expenseiq.app,Demo User,2024-12-08,Transport,Fuel / commute,229.33
demo@expenseiq.app,Demo User,2024-12-10,Utilities,Broadband internet,1193.34
demo@expenseiq.app,Demo User,2024-12-10,Food & Groceries,Supermarket run,2093.66
demo@expenseiq.app,Demo User,2024-12-11,Transport,Fuel / commute,211.82
demo@expenseiq.app,Demo User,2024-12-15,Transport,Fuel / commute,259.95
demo@expenseiq.app,Demo User,2024-12-16,Entertainment,Movies / dining out,475.98
demo@expenseiq.app,Demo User,2024-12-17,Food & Groceries,Supermarket run,2208.33
demo@expenseiq.app,Demo User,2024-12-18,Transport,Fuel / commute,244.78
demo@expenseiq.app,Demo User,2024-12-20,Food & Groceries,Vegetables and fruit,694.91
demo@expenseiq.app,Demo User,2024-12-21,Health,Pharmacy / lab tests,1617.07
demo@expenseiq.app,Demo User,2024-12-22,Transport,Fuel / commute,233.88
demo@expenseiq.app,Demo User,2024-12-24,Food & Groceries,Supermarket run,2025.91
demo@expenseiq.app,Demo User,2024-12-25,Transport,Fuel / commute,227.82
demo@expenseiq.app,Demo User,2024-12-27,Entertainment,Movies / dining out,627.45
demo@expenseiq.app,Demo User,2024-12-29,Transport,Fuel / commute,259.26
demo@expenseiq.app,Demo User,2025-01-01,Rent,Monthly rent,12542.27
demo@expenseiq.app,Demo User,2025-01-02,Transport,Fuel / commute,281.4
demo@expenseiq.app,Demo User,2025-01-03,Food & Groceries,Supermarket run,2127.14
demo@expenseiq.app,Demo User,2025-01-04,Transport,Fuel / commute,208.02
demo@expenseiq.app,Demo User,2025-01-05,Rent,Society maintenance,2188.98
demo@expenseiq.app,Demo User,2025-01-06,Food & Groceries,Vegetables and fruit,639.97
demo@expenseiq.app,Demo User,2025-01-07,Entertainment,Movies / dining out,531.12
demo@expenseiq.app,Demo User,2025-01-08,Utilities,Electricity bill,1360.39
demo@expenseiq.app,Demo User,2025-01-08,Transport,Fuel / commute,313.92
demo@expenseiq.app,Demo User,2025-01-10,Utilities,Broadband internet,1187.73
demo@expenseiq.app,Demo User,2025-01-10,Food & Groceries,Supermarket run,1871.34
demo@expenseiq.app,Demo User,2025-01-11,Transport,Fuel / commute,220.54
demo@expenseiq.app,Demo User,2025-01-12,Health,Doctor visit,858.25
demo@expenseiq.app,Demo User,2025-01-15,Transport,Fuel / commute,247.75
demo@expenseiq.app,Demo User,2025-01-16,Entertainment,Movies / dining out,531.17
demo@expenseiq.app,Demo User,2025-01-17,Food & Groceries,Supermarket run,1726.4
demo@expenseiq.app,Demo User,2025-01-18,Transport,Fuel / commute,209.32
demo@expenseiq.app,Demo User,2025-01-20,Food & Groceries,Vegetables and fruit,574.63
demo@expenseiq.app,Demo User,2025-01-22,Transport,Fuel / commute,246.41
demo@expenseiq.app,Demo User,2025-01-24,Food & Groceries,Supermarket run,2064.1
demo@expenseiq.app,Demo User,2025-01-24,Food & Groceries,Kirana store top-up,1169.96
demo@expenseiq.app,Demo User,2025-01-25,Transport,Fuel / commute,241.25
demo@expenseiq.app,Demo User,2025-01-27,Entertainment,Movies / dining out,630.34
demo@expenseiq.app,Demo User,2025-01-29,Transport,Fuel / commute,201.36
demo@expenseiq.app,Demo User,2025-02-01,Rent,Monthly rent,12680.62
demo@expenseiq.app,Demo User,2025-02-02,Transport,Fuel / commute,245.58
demo@expenseiq.app,Demo User,2025-02-03,Food & Groceries,Supermarket run,1820.74
demo@expenseiq.app,Demo User,2025-02-04,Transport,Fuel / commute,237.86
demo@expenseiq.app,Demo User,2025-02-06,Food & Groceries,Vegetables and fruit,694.37
demo@expenseiq.app,Demo User,2025-02-07,Entertainment,Movies / dining out,557.89
demo@expenseiq.app,Demo User,2025-02-08,Utilities,Electricity bill,1261.07
demo@expenseiq.app,Demo User,2025-02-08,Transport,Fuel / commute,214.26
demo@expenseiq.app,Demo User,2025-02-10,Utilities,Broadband internet,1185.53
demo@expenseiq.app,Demo User,2025-02-10,Food & Groceries,Supermarket run,1797.52
demo@expenseiq.app,Demo User,2025-02-11,Transport,Fuel / commute,232.94
demo@expenseiq.app,Demo User,2025-02-12,Health,Doctor visit,624.64
demo@expenseiq.app,Demo User,2025-02-15,Transport,Fuel / commute,206.94
demo@expenseiq.app,Demo User,2025-02-16,Entertainment,Movies / dining out,469.62
demo@expenseiq.app,Demo User,2025-02-17,Food & Groceries,Supermarket run,2015.12
demo@expenseiq.app,Demo User,2025-02-18,Transport,Fuel / commute,220.99
demo@expenseiq.app,Demo User,2025-02-20,Food & Groceries,Vegetables and fruit,703.06
demo@expenseiq.app,Demo User,2025-02-22,Transport,Fuel / commute,248.56
demo@expenseiq.app,Demo User,2025-02-24,Food & Groceries,Supermarket run,2068.27
demo@expenseiq.app,Demo User,2025-02-25,Transport,Fuel / commute,242.46
demo@expenseiq.app,Demo User,2025-02-27,Entertainment,Movies / dining out,540.03
demo@expenseiq.app,Demo User,2025-03-01,Rent,Monthly rent,12705.44
demo@expenseiq.app,Demo User,2025-03-02,Transport,Fuel / commute,244.95
demo@expenseiq.app,Demo User,2025-03-03,Food & Groceries,Supermarket run,1930.23
demo@expenseiq.app,Demo User,2025-03-04,Transport,Fuel / commute,283.18
demo@expenseiq.app,Demo User,2025-03-06,Food & Groceries,Vegetables and fruit,667.53
demo@expenseiq.app,Demo User,2025-03-07,Entertainment,Movies / dining out,455.89
demo@expenseiq.app,Demo User,2025-03-08,Utilities,Electricity bill,1465.86
demo@expenseiq.app,Demo User,2025-03-08,Transport,Fuel / commute,210.14
demo@expenseiq.app,Demo User,2025-03-10,Utilities,Broadband internet,1190.11
demo@expenseiq.app,Demo User,2025-03-10,Food & Groceries,Supermarket run,2128.33
demo@expenseiq.app,Demo User,2025-03-11,Transport,Fuel / commute,239.43
demo@expenseiq.app,Demo User,2025-03-12,Health,Doctor visit,645.3
demo@expenseiq.app,Demo User,2025-03-15,Transport,Fuel / commute,235.21
demo@expenseiq.app,Demo User,2025-03-16,Entertainment,Movies / dining out,585.99
demo@expenseiq.app,Demo User,2025-03-17,Food & Groceries,Supermarket run,2232.24
demo@expenseiq.app,Demo User,2025-03-18,Transport,Fuel / commute,226.02
demo@expenseiq.app,Demo User,2025-03-20,Food & Groceries,Vegetables and fruit,594.8
demo@expenseiq.app,Demo User,2025-03-22,Transport,Fuel / commute,254.01
demo@expenseiq.app,Demo User,2025-03-24,Food & Groceries,Supermarket run,2142.27
demo@expenseiq.app,Demo User,2025-03-25,Transport,Fuel / commute,259.8
demo@expenseiq.app,Demo User,2025-03-27,Entertainment,Movies / dining out,533.61
demo@expenseiq.app,Demo User,2025-03-29,Transport,Fuel / commute,259.49
demo@expenseiq.app,Demo User,2025-04-01,Rent,Monthly rent,12760.89
demo@expenseiq.app,Demo User,2025-04-02,Transport,Fuel / commute,249.95
demo@expenseiq.app,Demo User,2025-04-03,Food & Groceries,Supermarket run,1986.3
demo@expenseiq.app,Demo User,2025-04-04,Transport,Fuel / commute,280.81
demo@expenseiq.app,Demo User,2025-04-05,Rent,Society maintenance,2286.88
demo@expenseiq.app,Demo User,2025-04-06,Food & Groceries,Vegetables and fruit,762.23
demo@expenseiq.app,Demo User,2025-04-07,Entertainment,Movies / dining out,454.25
demo@expenseiq.app,Demo User,2025-04-08,Utilities,Electricity bill,1587.84
demo@expenseiq.app,Demo User,2025-04-08,Transport,Fuel / commute,241.99
demo@expenseiq.app,Demo User,2025-04-10,Utilities,Broadband internet,1201.5
demo@expenseiq.app,Demo User,2025-04-10,Food & Groceries,Supermarket run,2161.59
demo@expenseiq.app,Demo User,2025-04-11,Transport,Fuel / commute,252.65
demo@expenseiq.app,Demo User,2025-04-12,Health,Doctor visit,782.17
demo@expenseiq.app,Demo User,2025-04-15,Transport,Fuel / commute,274.11
demo@expenseiq.app,Demo User,2025-04-16,Entertainment,Movies / dining out,622.44
demo@expenseiq.app,Demo User,2025-04-17,Food & Groceries,Supermarket run,2325.65
demo@expenseiq.app,Demo User,2025-04-18,Transport,Fuel / commute,203.71
demo@expenseiq.app,Demo User,2025-04-20,Food & Groceries,Vegetables and fruit,671.36
demo@expenseiq.app,Demo User,2025-04-21,Health,Pharmacy / lab tests,1263.61
demo@expenseiq.app,Demo User,2025-04-22,Transport,Fuel / commute,238.95
demo@expenseiq.app,Demo User,2025-04-24,Food & Groceries,Supermarket run,2148.39
demo@expenseiq.app,Demo User,2025-04-25,Transport,Fuel / commute,272.04
demo@expenseiq.app,Demo User,2025-04-27,Entertainment,Movies / dining out,629.01
demo@expenseiq.app,Demo User,2025-04-29,Transport,Fuel / commute,249.37
demo@expenseiq.app,Demo User,2025-05-01,Rent,Monthly rent,12873.62
demo@expenseiq.app,Demo User,2025-05-02,Transport,Fuel / commute,244.24
demo@expenseiq.app,Demo User,2025-05-03,Food & Groceries,Supermarket run,2122.89
demo@expenseiq.app,Demo User,2025-05-04,Transport,Fuel / commute,254.33
demo@expenseiq.app,Demo User,2025-05-06,Food & Groceries,Vegetables and fruit,626.76
demo@expenseiq.app,Demo User,2025-05-07,Entertainment,Movies / dining out,501.13
demo@expenseiq.app,Demo User,2025-05-08,Utilities,Electricity bill,1725.01
demo@expenseiq.app,Demo User,2025-05-08,Transport,Fuel / commute,233.17
demo@expenseiq.app,Demo User,2025-05-10,Utilities,Broadband internet,1197.18
demo@expenseiq.app,Demo User,2025-05-10,Food & Groceries,Supermarket run,2569.77
demo@expenseiq.app,Demo User,2025-05-11,Transport,Fuel / commute,271.3
demo@expenseiq.app,Demo User,2025-05-12,Health,Doctor visit,649.41
demo@expenseiq.app,Demo User,2025-05-15,Transport,Fuel / commute,250.51
demo@expenseiq.app,Demo User,2025-05-16,Entertainment,Movies / dining out,557.05
demo@expenseiq.app,Demo User,2025-05-17,Food & Groceries,Supermarket run,2363.25
demo@expenseiq.app,Demo User,2025-05-18,Transport,Fuel / commute,279.79
demo@expenseiq.app,Demo User,2025-05-20,Food & Groceries,Vegetables and fruit,607.63
demo@expenseiq.app,Demo User,2025-05-22,Transport,Fuel / commute,237.52
demo@expenseiq.app,Demo User,2025-05-24,Food & Groceries,Supermarket run,2123.08
demo@expenseiq.app,Demo User,2025-05-25,Transport,Fuel / commute,338.85
demo@expenseiq.app,Demo User,2025-05-27,Entertainment,Movies / dining out,453.59
demo@expenseiq.app,Demo User,2025-05-29,Transport,Fuel / commute,231.35
demo@expenseiq.app,Demo User,2025-06-01,Rent,Monthly rent,12818.88
demo@expenseiq.app,Demo User,2025-06-02,Transport,Fuel / commute,205.47
demo@expenseiq.app,Demo User,2025-06-03,Food & Groceries,Supermarket run,2368.16
demo@expenseiq.app,Demo User,2025-06-04,Transport,Fuel / commute,233.97
demo@expenseiq.app,Demo User,2025-06-06,Food & Groceries,Vegetables and fruit,653.36
demo@expenseiq.app,Demo User,2025-06-07,Entertainment,Movies / dining out,572.6
demo@expenseiq.app,Demo User,2025-06-08,Utilities,Electricity bill,1909.12
demo@expenseiq.app,Demo User,2025-06-08,Transport,Fuel / commute,245.85
demo@expenseiq.app,Demo User,2025-06-10,Utilities,Broadband internet,1201.72
demo@expenseiq.app,Demo User,2025-06-10,Food & Groceries,Supermarket run,2644.51
demo@expenseiq.app,Demo User,2025-06-11,Transport,Fuel / commute,280.86
demo@expenseiq.app,Demo User,2025-06-12,Health,Doctor visit,695.6
demo@expenseiq.app,Demo User,2025-06-15,Transport,Fuel / commute,258.82
demo@expenseiq.app,Demo User,2025-06-16,Entertainment,Movies / dining out,546.69
demo@expenseiq.app,Demo User,2025-06-17,Food & Groceries,Supermarket run,2169.81
demo@expenseiq.app,Demo User,2025-06-18,Transport,Fuel / commute,213.55
demo@expenseiq.app,Demo User,2025-06-20,Food & Groceries,Vegetables and fruit,701.57
demo@expenseiq.app,Demo User,2025-06-22,Transport,Fuel / commute,234.34
demo@expenseiq.app,Demo User,2025-06-24,Food & Groceries,Supermarket run,2452.72
demo@expenseiq.app,Demo User,2025-06-25,Transport,Fuel / commute,275.37
demo@expenseiq.app,Demo User,2025-06-27,Entertainment,Movies / dining out,758.66
demo@expenseiq.app,Demo User,2025-06-29,Transport,Fuel / commute,213.04
demo@expenseiq.app,Demo User,2025-07-01,Rent,Monthly rent,12900.61
demo@expenseiq.app,Demo User,2025-07-02,Transport,Fuel / commute,231.42
demo@expenseiq.app,Demo User,2025-07-03,Food & Groceries,Supermarket run,2526.34
demo@expenseiq.app,Demo User,2025-07-04,Transport,Fuel / commute,268.6
demo@expenseiq.app,Demo User,2025-07-05,Rent,Society maintenance,2110.05
demo@expenseiq.app,Demo User,2025-07-06,Food & Groceries,Vegetables and fruit,709.75
demo@expenseiq.app,Demo User,2025-07-07,Entertainment,Movies / dining out,373.41
demo@expenseiq.app,Demo User,2025-07-08,Utilities,Electricity bill,1938.0
demo@expenseiq.app,Demo User,2025-07-08,Transport,Fuel / commute,234.73
demo@expenseiq.app,Demo User,2025-07-10,Utilities,Broadband internet,1213.42
demo@expenseiq.app,Demo User,2025-07-10,Food & Groceries,Supermarket run,2317.51
demo@expenseiq.app,Demo User,2025-07-11,Transport,Fuel / commute,236.68
demo@expenseiq.app,Demo User,2025-07-12,Health,Doctor visit,658.63
demo@expenseiq.app,Demo User,2025-07-15,Transport,Fuel / commute,233.7
demo@expenseiq.app,Demo User,2025-07-16,Entertainment,Movies / dining out,647.0
demo@expenseiq.app,Demo User,2025-07-17,Food & Groceries,Supermarket run,2600.02
demo@expenseiq.app,Demo User,2025-07-18,Transport,Fuel / commute,283.53
demo@expenseiq.app,Demo User,2025-07-20,Food & Groceries,Vegetables and fruit,704.91
demo@expenseiq.app,Demo User,2025-07-22,Transport,Fuel / commute,241.24
demo@expenseiq.app,Demo User,2025-07-24,Food & Groceries,Supermarket run,2493.92
demo@expenseiq.app,Demo User,2025-07-25,Transport,Fuel / commute,290.76
demo@expenseiq.app,Demo User,2025-07-27,Entertainment,Movies / dining out,551.35
demo@expenseiq.app,Demo User,2025-07-29,Transport,Fuel / commute,303.07
demo@expenseiq.app,Demo User,2025-08-01,Rent,Monthly rent,12812.68
demo@expenseiq.app,Demo User,2025-08-02,Transport,Fuel / commute,226.31
demo@expenseiq.app,Demo User,2025-08-03,Food & Groceries,Supermarket run,2481.44
demo@expenseiq.app,Demo User,2025-08-04,Transport,Fuel / commute,224.72
demo@expenseiq.app,Demo User,2025-08-06,Food & Groceries,Vegetables and fruit,771.53
demo@expenseiq.app,Demo User,2025-08-07,Entertainment,Movies / dining out,524.7
demo@expenseiq.app,Demo User,2025-08-08,Utilities,Electricity bill,1930.97
demo@expenseiq.app,Demo User,2025-08-08,Transport,Fuel / commute,254.77
demo@expenseiq.app,Demo User,2025-08-10,Utilities,Broadband internet,1207.41
demo@expenseiq.app,Demo User,2025-08-10,Food & Groceries,Supermarket run,2172.35
demo@expenseiq.app,Demo User,2025-08-11,Transport,Fuel / commute,213.74
demo@expenseiq.app,Demo User,2025-08-12,Health,Doctor visit,722.42
demo@expenseiq.app,Demo User,2025-08-15,Transport,Fuel / commute,300.93
demo@expenseiq.app,Demo User,2025-08-16,Entertainment,Movies / dining out,481.81
demo@expenseiq.app,Demo User,2025-08-17,Food & Groceries,Supermarket run,2501.42
demo@expenseiq.app,Demo User,2025-08-18,Transport,Fuel / commute,251.7
demo@expenseiq.app,Demo User,2025-08-20,Food & Groceries,Vegetables and fruit,579.38
demo@expenseiq.app,Demo User,2025-08-22,Transport,Fuel / commute,246.69
demo@expenseiq.app,Demo User,2025-08-24,Food & Groceries,Supermarket run,2670.36
demo@expenseiq.app,Demo User,2025-08-25,Transport,Fuel / commute,298.24
demo@expenseiq.app,Demo User,2025-08-27,Entertainment,Movies / dining out,534.41
demo@expenseiq.app,Demo User,2025-08-29,Transport,Fuel / commute,249.91
demo@expenseiq.app,Demo User,2025-09-01,Rent,Monthly rent,12850.73
demo@expenseiq.app,Demo User,2025-09-02,Transport,Fuel / commute,226.53
demo@expenseiq.app,Demo User,2025-09-03,Food & Groceries,Supermarket run,2542.99
demo@expenseiq.app,Demo User,2025-09-04,Transport,Fuel / commute,259.28
demo@expenseiq.app,Demo User,2025-09-06,Food & Groceries,Vegetables and fruit,737.3
demo@expenseiq.app,Demo User,2025-09-07,Entertainment,Movies / dining out,543.21
demo@expenseiq.app,Demo User,2025-09-08,Utilities,Electricity bill,1725.56
demo@expenseiq.app,Demo User,2025-09-08,Transport,Fuel / commute,244.1
demo@expenseiq.app,Demo User,2025-09-10,Utilities,Broadband internet,1209.75
demo@expenseiq.app,Demo User,2025-09-10,Food & Groceries,Supermarket run,2401.39
demo@expenseiq.app,Demo User,2025-09-11,Transport,Fuel / commute,243.87
demo@expenseiq.app,Demo User,2025-09-12,Health,Doctor visit,725.7
demo@expenseiq.app,Demo User,2025-09-15,Transport,Fuel / commute,235.69
demo@expenseiq.app,Demo User,2025-09-16,Entertainment,Movies / dining out,650.56
demo@expenseiq.app,Demo User,2025-09-17,Food & Groceries,Supermarket run,2325.65
demo@expenseiq.app,Demo User,2025-09-18,Transport,Fuel / commute,279.0
demo@expenseiq.app,Demo User,2025-09-20,Food & Groceries,Vegetables and fruit,683.87
demo@expenseiq.app,Demo User,2025-09-22,Transport,Fuel / commute,258.66
demo@expenseiq.app,Demo User,2025-09-24,Food & Groceries,Supermarket run,2535.84
demo@expenseiq.app,Demo User,2025-09-25,Transport,Fuel / commute,282.34
demo@expenseiq.app,Demo User,2025-09-27,Entertainment,Movies / dining out,610.68
demo@expenseiq.app,Demo User,2025-09-29,Transport,Fuel / commute,291.4
demo@expenseiq.app,Demo User,2025-10-01,Rent,Monthly rent,12925.21
demo@expenseiq.app,Demo User,2025-10-02,Transport,Fuel / commute,231.21
demo@expenseiq.app,Demo User,2025-10-03,Food & Groceries,Supermarket run,2717.42
demo@expenseiq.app,Demo User,2025-10-04,Transport,Fuel / commute,259.27
demo@expenseiq.app,Demo User,2025-10-05,Rent,Society maintenance,2334.51
demo@expenseiq.app,Demo User,2025-10-06,Food & Groceries,Vegetables and fruit,678.18
demo@expenseiq.app,Demo User,2025-10-07,Entertainment,Movies / dining out,661.49
demo@expenseiq.app,Demo User,2025-10-08,Utilities,Electricity bill,1570.19
demo@expenseiq.app,Demo User,2025-10-08,Transport,Fuel / commute,212.72
demo@expenseiq.app,Demo User,2025-10-10,Utilities,Broadband internet,1233.47
demo@expenseiq.app,Demo User,2025-10-10,Food & Groceries,Supermarket run,3139.53
demo@expenseiq.app,Demo User,2025-10-11,Transport,Fuel / commute,248.52
demo@expenseiq.app,Demo User,2025-10-12,Health,Doctor visit,641.69
demo@expenseiq.app,Demo User,2025-10-15,Transport,Fuel / commute,267.47
demo@expenseiq.app,Demo User,2025-10-16,Entertainment,Movies / dining out,693.64
demo@expenseiq.app,Demo User,2025-10-17,Food & Groceries,Supermarket run,3381.44
demo@expenseiq.app,Demo User,2025-10-18,Transport,Fuel / commute,245.37
demo@expenseiq.app,Demo User,2025-10-20,Food & Groceries,Vegetables and fruit,664.78
demo@expenseiq.app,Demo User,2025-10-22,Transport,Fuel / commute,221.64
demo@expenseiq.app,Demo User,2025-10-24,Food & Groceries,Supermarket run,2947.98
demo@expenseiq.app,Demo User,2025-10-25,Transport,Fuel / commute,283.01
demo@expenseiq.app,Demo User,2025-10-27,Entertainment,Movies / dining out,834.33
demo@expenseiq.app,Demo User,2025-10-29,Transport,Fuel / commute,273.94
demo@expenseiq.app,Demo User,2025-11-01,Rent,Monthly rent,13060.22
demo@expenseiq.app,Demo User,2025-11-02,Transport,Fuel / commute,245.58
demo@expenseiq.app,Demo User,2025-11-03,Food & Groceries,Supermarket run,3109.56
demo@expenseiq.app,Demo User,2025-11-04,Transport,Fuel / commute,347.38
demo@expenseiq.app,Demo User,2025-11-06,Food & Groceries,Vegetables and fruit,715.21
demo@expenseiq.app,Demo User,2025-11-07,Entertainment,Movies / dining out,903.59
demo@expenseiq.app,Demo User,2025-11-08,Utilities,Electricity bill,1372.51
demo@expenseiq.app,Demo User,2025-11-08,Transport,Fuel / commute,253.12
demo@expenseiq.app,Demo User,2025-11-10,Utilities,Broadband internet,1236.34
demo@expenseiq.app,Demo User,2025-11-10,Food & Groceries,Supermarket run,2912.29
demo@expenseiq.app,Demo User,2025-11-11,Transport,Fuel / commute,230.12
demo@expenseiq.app,Demo User,2025-11-15,Transport,Fuel / commute,222.04
demo@expenseiq.app,Demo User,2025-11-16,Entertainment,Movies / dining out,705.45
demo@expenseiq.app,Demo User,2025-11-17,Food & Groceries,Supermarket run,2729.02
demo@expenseiq.app,Demo User,2025-11-18,Transport,Fuel / commute,306.33
demo@expenseiq.app,Demo User,2025-11-20,Food & Groceries,Vegetables and fruit,608.6
demo@expenseiq.app,Demo User,2025-11-22,Transport,Fuel / commute,278.31
demo@expenseiq.app,Demo User,2025-11-24,Food & Groceries,Supermarket run,3125.06
demo@expenseiq.app,Demo User,2025-11-25,Transport,Fuel / commute,295.28
demo@expenseiq.app,Demo User,2025-11-27,Entertainment,Movies / dining out,800.73
demo@expenseiq.app,Demo User,2025-11-29,Transport,Fuel / commute,260.14
demo@expenseiq.app,Demo User,2025-12-01,Rent,Monthly rent,13102.45
demo@expenseiq.app,Demo User,2025-12-02,Transport,Fuel / commute,266.01
demo@expenseiq.app,Demo User,2025-12-03,Food & Groceries,Supermarket run,2098.52
demo@expenseiq.app,Demo User,2025-12-04,Transport,Fuel / commute,224.01
demo@expenseiq.app,Demo User,2025-12-06,Food & Groceries,Vegetables and fruit,711.6
demo@expenseiq.app,Demo User,2025-12-07,Entertainment,Movies / dining out,574.26
demo@expenseiq.app,Demo User,2025-12-08,Utilities,Electricity bill,1405.47
demo@expenseiq.app,Demo User,2025-12-08,Transport,Fuel / commute,228.69
demo@expenseiq.app,Demo User,2025-12-10,Utilities,Broadband internet,1231.56
demo@expenseiq.app,Demo User,2025-12-10,Food & Groceries,Supermarket run,2144.08
demo@expenseiq.app,Demo User,2025-12-11,Transport,Fuel / commute,240.13
demo@expenseiq.app,Demo User,2025-12-12,Health,Doctor visit,525.31
demo@expenseiq.app,Demo User,2025-12-15,Transport,Fuel / commute,259.12
demo@expenseiq.app,Demo User,2025-12-16,Entertainment,Movies / dining out,745.95
demo@expenseiq.app,Demo User,2025-12-17,Food & Groceries,Supermarket run,2135.88
demo@expenseiq.app,Demo User,2025-12-18,Transport,Fuel / commute,249.64
demo@expenseiq.app,Demo User,2025-12-20,Food & Groceries,Vegetables and fruit,734.73
demo@expenseiq.app,Demo User,2025-12-22,Food & Groceries,Kirana store top-up,1370.3
demo@expenseiq.app,Demo User,2025-12-22,Transport,Fuel / commute,219.19
demo@expenseiq.app,Demo User,2025-12-24,Food & Groceries,Supermarket run,1962.93
demo@expenseiq.app,Demo User,2025-12-25,Transport,Fuel / commute,219.01
demo@expenseiq.app,Demo User,2025-12-27,Entertainment,Movies / dining out,709.3
demo@expenseiq.app,Demo User,2025-12-29,Transport,Fuel / commute,189.56
demo@expenseiq.app,Demo User,2026-01-01,Rent,Monthly rent,13064.11
demo@expenseiq.app,Demo User,2026-01-02,Transport,Fuel / commute,249.71
demo@expenseiq.app,Demo User,2026-01-03,Food & Groceries,Supermarket run,2008.26
demo@expenseiq.app,Demo User,2026-01-04,Transport,Fuel / commute,319.92
demo@expenseiq.app,Demo User,2026-01-05,Rent,Society maintenance,2132.41
demo@expenseiq.app,Demo User,2026-01-06,Food & Groceries,Vegetables and fruit,706.3
demo@expenseiq.app,Demo User,2026-01-07,Entertainment,Movies / dining out,584.47
demo@expenseiq.app,Demo User,2026-01-08,Utilities,Electricity bill,1362.31
demo@expenseiq.app,Demo User,2026-01-08,Transport,Fuel / commute,318.76
demo@expenseiq.app,Demo User,2026-01-10,Utilities,Broadband internet,1220.34
demo@expenseiq.app,Demo User,2026-01-10,Food & Groceries,Supermarket run,1995.96
demo@expenseiq.app,Demo User,2026-01-11,Transport,Fuel / commute,221.96
demo@expenseiq.app,Demo User,2026-01-12,Health,Doctor visit,811.83
demo@expenseiq.app,Demo User,2026-01-15,Transport,Fuel / commute,226.22
demo@expenseiq.app,Demo User,2026-01-16,Entertainment,Movies / dining out,634.8
demo@expenseiq.app,Demo User,2026-01-17,Food & Groceries,Supermarket run,1947.18
demo@expenseiq.app,Demo User,2026-01-18,Transport,Fuel / commute,221.8
demo@expenseiq.app,Demo User,2026-01-20,Food & Groceries,Vegetables and fruit,662.14
demo@expenseiq.app,Demo User,2026-01-22,Transport,Fuel / commute,286.33
demo@expenseiq.app,Demo User,2026-01-24,Food & Groceries,Supermarket run,2058.91
demo@expenseiq.app,Demo User,2026-01-25,Transport,Fuel / commute,241.95
demo@expenseiq.app,Demo User,2026-01-27,Entertainment,Movies / dining out,621.75
demo@expenseiq.app,Demo User,2026-01-29,Transport,Fuel / commute,261.41
demo@expenseiq.app,Demo User,2026-02-01,Rent,Monthly rent,13128.69
demo@expenseiq.app,Demo User,2026-02-02,Transport,Fuel / commute,254.85
demo@expenseiq.app,Demo User,2026-02-03,Food & Groceries,Supermarket run,2041.22
demo@expenseiq.app,Demo User,2026-02-04,Transport,Fuel / commute,276.52
demo@expenseiq.app,Demo User,2026-02-06,Food & Groceries,Vegetables and fruit,744.4
demo@expenseiq.app,Demo User,2026-02-07,Entertainment,Movies / dining out,626.91
demo@expenseiq.app,Demo User,2026-02-08,Utilities,Electricity bill,1446.71
demo@expenseiq.app,Demo User,2026-02-08,Transport,Fuel / commute,229.63
demo@expenseiq.app,Demo User,2026-02-09,Health,Emergency dental surgery,7600.0
demo@expenseiq.app,Demo User,2026-02-10,Utilities,Broadband internet,1229.27
demo@expenseiq.app,Demo User,2026-02-10,Food & Groceries,Supermarket run,2075.05
demo@expenseiq.app,Demo User,2026-02-11,Transport,Fuel / commute,288.34
demo@expenseiq.app,Demo User,2026-02-12,Health,Doctor visit,797.74
demo@expenseiq.app,Demo User,2026-02-15,Transport,Fuel / commute,257.07
demo@expenseiq.app,Demo User,2026-02-16,Entertainment,Movies / dining out,666.23
demo@expenseiq.app,Demo User,2026-02-17,Food & Groceries,Supermarket run,1977.18
demo@expenseiq.app,Demo User,2026-02-18,Transport,Fuel / commute,249.79
demo@expenseiq.app,Demo User,2026-02-20,Food & Groceries,Vegetables and fruit,650.52
demo@expenseiq.app,Demo User,2026-02-22,Transport,Fuel / commute,193.43
demo@expenseiq.app,Demo User,2026-02-24,Food & Groceries,Supermarket run,2048.15
demo@expenseiq.app,Demo User,2026-02-25,Transport,Fuel / commute,243.42
demo@expenseiq.app,Demo User,2026-02-27,Entertainment,Movies / dining out,501.75
demo@expenseiq.app,Demo User,2026-03-01,Rent,Monthly rent,13157.46
demo@expenseiq.app,Demo User,2026-03-02,Transport,Fuel / commute,208.68
demo@expenseiq.app,Demo User,2026-03-03,Food & Groceries,Supermarket run,2412.2
demo@expenseiq.app,Demo User,2026-03-04,Transport,Fuel / commute,269.81
demo@expenseiq.app,Demo User,2026-03-06,Food & Groceries,Vegetables and fruit,642.35
demo@expenseiq.app,Demo User,2026-03-07,Entertainment,Movies / dining out,607.75
demo@expenseiq.app,Demo User,2026-03-08,Utilities,Electricity bill,1391.47
demo@expenseiq.app,Demo User,2026-03-08,Transport,Fuel / commute,272.12
demo@expenseiq.app,Demo User,2026-03-10,Utilities,Broadband internet,1229.64
demo@expenseiq.app,Demo User,2026-03-10,Food & Groceries,Supermarket run,2416.91
demo@expenseiq.app,Demo User,2026-03-11,Transport,Fuel / commute,271.77
demo@expenseiq.app,Demo User,2026-03-12,Health,Doctor visit,664.6
demo@expenseiq.app,Demo User,2026-03-15,Transport,Fuel / commute,305.97
demo@expenseiq.app,Demo User,2026-03-16,Food & Groceries,Kirana store top-up,1457.26
demo@expenseiq.app,Demo User,2026-03-16,Entertainment,Movies / dining out,636.05
demo@expenseiq.app,Demo User,2026-03-17,Food & Groceries,Supermarket run,2172.24
demo@expenseiq.app,Demo User,2026-03-18,Transport,Fuel / commute,318.03
demo@expenseiq.app,Demo User,2026-03-20,Food & Groceries,Vegetables and fruit,732.88
demo@expenseiq.app,Demo User,2026-03-22,Transport,Fuel / commute,248.42
demo@expenseiq.app,Demo User,2026-03-24,Food & Groceries,Supermarket run,2209.28
demo@expenseiq.app,Demo User,2026-03-25,Transport,Fuel / commute,276.23
demo@expenseiq.app,Demo User,2026-03-27,Entertainment,Movies / dining out,603.94
demo@expenseiq.app,Demo User,2026-03-29,Transport,Fuel / commute,258.17
demo@expenseiq.app,Demo User,2026-04-01,Rent,Monthly rent,13189.21
demo@expenseiq.app,Demo User,2026-04-02,Transport,Fuel / commute,243.29
demo@expenseiq.app,Demo User,2026-04-03,Food & Groceries,Supermarket run,2648.72
demo@expenseiq.app,Demo User,2026-04-04,Transport,Fuel / commute,218.5
demo@expenseiq.app,Demo User,2026-04-05,Rent,Society maintenance,2385.1
demo@expenseiq.app,Demo User,2026-04-06,Food & Groceries,Vegetables and fruit,725.1
demo@expenseiq.app,Demo User,2026-04-07,Entertainment,Movies / dining out,585.73
demo@expenseiq.app,Demo User,2026-04-08,Utilities,Electricity bill,1589.22
demo@expenseiq.app,Demo User,2026-04-08,Transport,Fuel / commute,264.95
demo@expenseiq.app,Demo User,2026-04-10,Utilities,Broadband internet,1216.58
demo@expenseiq.app,Demo User,2026-04-10,Food & Groceries,Supermarket run,2338.18
demo@expenseiq.app,Demo User,2026-04-11,Transport,Fuel / commute,300.36
demo@expenseiq.app,Demo User,2026-04-12,Health,Doctor visit,679.1
demo@expenseiq.app,Demo User,2026-04-15,Transport,Fuel / commute,236.4
demo@expenseiq.app,Demo User,2026-04-16,Entertainment,Movies / dining out,478.85
demo@expenseiq.app,Demo User,2026-04-17,Food & Groceries,Supermarket run,2360.42
demo@expenseiq.app,Demo User,2026-04-18,Transport,Fuel / commute,233.93
demo@expenseiq.app,Demo User,2026-04-20,Food & Groceries,Vegetables and fruit,740.85
demo@expenseiq.app,Demo User,2026-04-22,Transport,Fuel / commute,293.89
demo@expenseiq.app,Demo User,2026-04-24,Food & Groceries,Supermarket run,2463.57
demo@expenseiq.app,Demo User,2026-04-25,Transport,Fuel / commute,242.26
demo@expenseiq.app,Demo User,2026-04-27,Entertainment,Movies / dining out,552.12
demo@expenseiq.app,Demo User,2026-04-29,Transport,Fuel / commute,243.7
demo@expenseiq.app,Demo User,2026-05-01,Rent,Monthly rent,13230.8
demo@expenseiq.app,Demo User,2026-05-02,Transport,Fuel / commute,211.31
demo@expenseiq.app,Demo User,2026-05-03,Food & Groceries,Supermarket run,2466.69
demo@expenseiq.app,Demo User,2026-05-04,Transport,Fuel / commute,233.98
demo@expenseiq.app,Demo User,2026-05-06,Food & Groceries,Vegetables and fruit,719.43
demo@expenseiq.app,Demo User,2026-05-07,Entertainment,Movies / dining out,572.57
demo@expenseiq.app,Demo User,2026-05-08,Utilities,Electricity bill,1712.75
demo@expenseiq.app,Demo User,2026-05-08,Transport,Fuel / commute,258.73
demo@expenseiq.app,Demo User,2026-05-10,Utilities,Broadband internet,1246.9
demo@expenseiq.app,Demo User,2026-05-10,Food & Groceries,Supermarket run,2413.05
demo@expenseiq.app,Demo User,2026-05-11,Transport,Fuel / commute,276.51
demo@expenseiq.app,Demo User,2026-05-12,Health,Doctor visit,683.36
demo@expenseiq.app,Demo User,2026-05-15,Transport,Fuel / commute,300.91
demo@expenseiq.app,Demo User,2026-05-16,Entertainment,Movies / dining out,585.37
demo@expenseiq.app,Demo User,2026-05-17,Food & Groceries,Supermarket run,2619.52
demo@expenseiq.app,Demo User,2026-05-18,Transport,Fuel / commute,250.41
demo@expenseiq.app,Demo User,2026-05-20,Food & Groceries,Vegetables and fruit,747.12
demo@expenseiq.app,Demo User,2026-05-22,Transport,Fuel / commute,247.31
demo@expenseiq.app,Demo User,2026-05-24,Food & Groceries,Supermarket run,2374.78
demo@expenseiq.app,Demo User,2026-05-25,Transport,Fuel / commute,230.15
demo@expenseiq.app,Demo User,2026-05-27,Entertainment,Movies / dining out,631.23
demo@expenseiq.app,Demo User,2026-05-29,Transport,Fuel / commute,267.25
demo@expenseiq.app,Demo User,2026-06-01,Rent,Monthly rent,13297.77
demo@expenseiq.app,Demo User,2026-06-02,Transport,Fuel / commute,293.63
demo@expenseiq.app,Demo User,2026-06-03,Food & Groceries,Supermarket run,2523.26
demo@expenseiq.app,Demo User,2026-06-04,Transport,Fuel / commute,253.67
demo@expenseiq.app,Demo User,2026-06-06,Food & Groceries,Vegetables and fruit,718.02
demo@expenseiq.app,Demo User,2026-06-07,Entertainment,Movies / dining out,545.49
demo@expenseiq.app,Demo User,2026-06-08,Utilities,Electricity bill,2000.36
demo@expenseiq.app,Demo User,2026-06-08,Transport,Fuel / commute,283.42
demo@expenseiq.app,Demo User,2026-06-10,Utilities,Broadband internet,1234.19
demo@expenseiq.app,Demo User,2026-06-10,Food & Groceries,Supermarket run,2537.55
demo@expenseiq.app,Demo User,2026-06-11,Transport,Fuel / commute,205.07
demo@expenseiq.app,Demo User,2026-06-15,Transport,Fuel / commute,207.88
demo@expenseiq.app,Demo User,2026-06-16,Entertainment,Movies / dining out,553.6
demo@expenseiq.app,Demo User,2026-06-17,Food & Groceries,Supermarket run,2761.12
demo@expenseiq.app,Demo User,2026-06-18,Transport,Fuel / commute,187.17
demo@expenseiq.app,Demo User,2026-06-20,Food & Groceries,Vegetables and fruit,715.82
demo@expenseiq.app,Demo User,2026-06-22,Transport,Fuel / commute,282.13
demo@expenseiq.app,Demo User,2026-06-24,Food & Groceries,Supermarket run,2494.14
demo@expenseiq.app,Demo User,2026-06-25,Transport,Fuel / commute,278.65
demo@expenseiq.app,Demo User,2026-06-27,Entertainment,Movies / dining out,585.13
demo@expenseiq.app,Demo User,2026-06-29,Transport,Fuel / commute,285.56
demo@expenseiq.app,Demo User,2026-07-01,Rent,Monthly rent,13318.05
demo@expenseiq.app,Demo User,2026-07-02,Transport,Fuel / commute,317.61
demo@expenseiq.app,Demo User,2026-07-03,Food & Groceries,Supermarket run,2675.81
demo@expenseiq.app,Demo User,2026-07-04,Transport,Fuel / commute,229.05
demo@expenseiq.app,Demo User,2026-07-05,Rent,Society maintenance,2035.34
demo@expenseiq.app,Demo User,2026-07-06,Food & Groceries,Vegetables and fruit,693.22
demo@expenseiq.app,Demo User,2026-07-07,Entertainment,Movies / dining out,633.06
demo@expenseiq.app,Demo User,2026-07-08,Utilities,Electricity bill,2084.67
demo@expenseiq.app,Demo User,2026-07-08,Transport,Fuel / commute,292.08
demo@expenseiq.app,Demo User,2026-07-10,Utilities,Broadband internet,1255.0
demo@expenseiq.app,Demo User,2026-07-10,Food & Groceries,Supermarket run,2482.97
demo@expenseiq.app,Demo User,2026-07-11,Transport,Fuel / commute,222.73
demo@expenseiq.app,Demo User,2026-07-12,Health,Doctor visit,665.55
demo@expenseiq.app,Demo User,2026-07-14,Health,Hospital admission,9800.0
demo@expenseiq.app,Demo User,2026-07-15,Transport,Fuel / commute,278.87
demo@expenseiq.app,Demo User,2026-07-16,Entertainment,Movies / dining out,518.46
demo@expenseiq.app,Demo User,2026-07-17,Food & Groceries,Supermarket run,2571.43
demo@expenseiq.app,Demo User,2026-07-18,Transport,Fuel / commute,280.53
demo@expenseiq.app,Demo User,2026-07-20,Food & Groceries,Vegetables and fruit,688.94
demo@expenseiq.app,Demo User,2026-07-22,Transport,Fuel / commute,242.72
demo@expenseiq.app,Demo User,2026-07-24,Food & Groceries,Supermarket run,2709.92
demo@expenseiq.app,Demo User,2026-07-25,Transport,Fuel / commute,220.78
demo@expenseiq.app,Demo User,2026-07-27,Entertainment,Movies / dining out,602.39
demo@expenseiq.app,Demo User,2026-07-29,Transport,Fuel / commute,197.42
demo@expenseiq.app,Demo User,2026-08-01,Rent,Monthly rent,13415.24
demo@expenseiq.app,Demo User,2026-08-02,Transport,Fuel / commute,228.72
demo@expenseiq.app,Demo User,2026-08-03,Food & Groceries,Supermarket run,2684.09
demo@expenseiq.app,Demo User,2026-08-04,Transport,Fuel / commute,302.36
demo@expenseiq.app,Demo User,2026-08-06,Food & Groceries,Vegetables and fruit,733.87
demo@expenseiq.app,Demo User,2026-08-07,Entertainment,Movies / dining out,540.25
demo@expenseiq.app,Demo User,2026-08-08,Utilities,Electricity bill,2025.26
demo@expenseiq.app,Demo User,2026-08-08,Transport,Fuel / commute,220.22
demo@expenseiq.app,Demo User,2026-08-10,Utilities,Broadband internet,1265.62
demo@expenseiq.app,Demo User,2026-08-10,Food & Groceries,Supermarket run,2584.83
demo@expenseiq.app,Demo User,2026-08-11,Transport,Fuel / commute,286.76
demo@expenseiq.app,Demo User,2026-08-12,Health,Doctor visit,651.66
demo@expenseiq.app,Demo User,2026-08-15,Transport,Fuel / commute,281.28
demo@expenseiq.app,Demo User,2026-08-16,Entertainment,Movies / dining out,525.68
demo@expenseiq.app,Demo User,2026-08-17,Food & Groceries,Supermarket run,2727.86
demo@expenseiq.app,Demo User,2026-08-18,Transport,Fuel / commute,236.72
demo@expenseiq.app,Demo User,2026-08-20,Food & Groceries,Vegetables and fruit,577.49
demo@expenseiq.app,Demo User,2026-08-22,Transport,Fuel / commute,197.21
demo@expenseiq.app,Demo User,2026-08-24,Food & Groceries,Supermarket run,2728.86
demo@expenseiq.app,Demo User,2026-08-25,Transport,Fuel / commute,241.6
demo@expenseiq.app,Demo User,2026-08-27,Entertainment,Movies / dining out,684.22
demo@expenseiq.app,Demo User,2026-08-29,Transport,Fuel / commute,323.96
meera@example.com,Meera Iyer,2016-01-01,Rent,Monthly rent,9340.43
meera@example.com,Meera Iyer,2016-01-02,Transport,Fuel / commute,110.23
meera@example.com,Meera Iyer,2016-01-03,Food & Groceries,Supermarket run,1500.56
meera@example.com,Meera Iyer,2016-01-04,Transport,Fuel / commute,96.2
meera@example.com,Meera Iyer,2016-01-05,Rent,Society maintenance,2266.92
meera@example.com,Meera Iyer,2016-01-06,Food & Groceries,Vegetables and fruit,501.28
meera@example.com,Meera Iyer,2016-01-07,Entertainment,Movies / dining out,451.38
meera@example.com,Meera Iyer,2016-01-08,Utilities,Electricity bill,933.34
meera@example.com,Meera Iyer,2016-01-08,Transport,Fuel / commute,99.95
meera@example.com,Meera Iyer,2016-01-10,Utilities,Broadband internet,871.54
meera@example.com,Meera Iyer,2016-01-10,Food & Groceries,Supermarket run,1469.54
meera@example.com,Meera Iyer,2016-01-11,Transport,Fuel / commute,99.71
meera@example.com,Meera Iyer,2016-01-12,Health,Doctor visit,797.51
meera@example.com,Meera Iyer,2016-01-15,Transport,Fuel / commute,89.5
meera@example.com,Meera Iyer,2016-01-16,Entertainment,Movies / dining out,413.06
meera@example.com,Meera Iyer,2016-01-17,Food & Groceries,Supermarket run,1517.46
meera@example.com,Meera Iyer,2016-01-17,Food & Groceries,Kirana store top-up,852.78
meera@example.com,Meera Iyer,2016-01-18,Transport,Fuel / commute,110.61
meera@example.com,Meera Iyer,2016-01-20,Food & Groceries,Vegetables and fruit,519.77
meera@example.com,Meera Iyer,2016-01-22,Transport,Fuel / commute,98.61
meera@example.com,Meera Iyer,2016-01-24,Food & Groceries,Supermarket run,1419.74
meera@example.com,Meera Iyer,2016-01-25,Transport,Fuel / commute,104.66
meera@example.com,Meera Iyer,2016-01-27,Entertainment,Movies / dining out,396.77
meera@example.com,Meera Iyer,2016-01-29,Transport,Fuel / commute,110.53
meera@example.com,Meera Iyer,2016-02-01,Rent,Monthly rent,9332.83
meera@example.com,Meera Iyer,2016-02-02,Transport,Fuel / commute,103.0
meera@example.com,Meera Iyer,2016-02-03,Food & Groceries,Supermarket run,1672.84
meera@example.com,Meera Iyer,2016-02-04,Transport,Fuel / commute,104.46
meera@example.com,Meera Iyer,2016-02-06,Food & Groceries,Vegetables and fruit,534.28
meera@example.com,Meera Iyer,2016-02-07,Entertainment,Movies / dining out,413.9
meera@example.com,Meera Iyer,2016-02-08,Utilities,Electricity bill,947.61
meera@example.com,Meera Iyer,2016-02-08,Transport,Fuel / commute,96.72
meera@example.com,Meera Iyer,2016-02-10,Utilities,Broadband internet,877.05
meera@example.com,Meera Iyer,2016-02-10,Food & Groceries,Supermarket run,1410.29
meera@example.com,Meera Iyer,2016-02-11,Transport,Fuel / commute,110.59
meera@example.com,Meera Iyer,2016-02-12,Health,Doctor visit,779.86
meera@example.com,Meera Iyer,2016-02-15,Transport,Fuel / commute,99.24
meera@example.com,Meera Iyer,2016-02-16,Entertainment,Movies / dining out,434.28
meera@example.com,Meera Iyer,2016-02-17,Food & Groceries,Supermarket run,1558.02
meera@example.com,Meera Iyer,2016-02-18,Transport,Fuel / commute,89.53
meera@example.com,Meera Iyer,2016-02-20,Food & Groceries,Vegetables and fruit,512.54
meera@example.com,Meera Iyer,2016-02-22,Transport,Fuel / commute,88.87
meera@example.com,Meera Iyer,2016-02-24,Food & Groceries,Supermarket run,1403.03
meera@example.com,Meera Iyer,2016-02-25,Transport,Fuel / commute,107.14
meera@example.com,Meera Iyer,2016-02-27,Entertainment,Movies / dining out,485.68
meera@example.com,Meera Iyer,2016-02-29,Transport,Fuel / commute,124.86
meera@example.com,Meera Iyer,2016-03-01,Rent,Monthly rent,9579.4
meera@example.com,Meera Iyer,2016-03-02,Transport,Fuel / commute,100.68
meera@example.com,Meera Iyer,2016-03-03,Food & Groceries,Supermarket run,1588.62
meera@example.com,Meera Iyer,2016-03-04,Transport,Fuel / commute,103.75
meera@example.com,Meera Iyer,2016-03-06,Food & Groceries,Vegetables and fruit,530.51
meera@example.com,Meera Iyer,2016-03-07,Entertainment,Movies / dining out,439.56
meera@example.com,Meera Iyer,2016-03-08,Utilities,Electricity bill,972.99
meera@example.com,Meera Iyer,2016-03-08,Transport,Fuel / commute,88.04
meera@example.com,Meera Iyer,2016-03-10,Utilities,Broadband internet,883.86
meera@example.com,Meera Iyer,2016-03-10,Food & Groceries,Supermarket run,1718.18
meera@example.com,Meera Iyer,2016-03-11,Transport,Fuel / commute,102.43
meera@example.com,Meera Iyer,2016-03-12,Health,Doctor visit,779.57
meera@example.com,Meera Iyer,2016-03-15,Transport,Fuel / commute,102.07
meera@example.com,Meera Iyer,2016-03-16,Entertainment,Movies / dining out,424.45
meera@example.com,Meera Iyer,2016-03-17,Food & Groceries,Supermarket run,1464.54
meera@example.com,Meera Iyer,2016-03-18,Transport,Fuel / commute,108.38
meera@example.com,Meera Iyer,2016-03-20,Food & Groceries,Vegetables and fruit,516.83
meera@example.com,Meera Iyer,2016-03-22,Transport,Fuel / commute,98.41
meera@example.com,Meera Iyer,2016-03-24,Food & Groceries,Supermarket run,1533.81
meera@example.com,Meera Iyer,2016-03-25,Transport,Fuel / commute,111.41
meera@example.com,Meera Iyer,2016-03-27,Entertainment,Movies / dining out,421.77
meera@example.com,Meera Iyer,2016-03-29,Transport,Fuel / commute,118.25
meera@example.com,Meera Iyer,2016-04-01,Rent,Monthly rent,9533.99
meera@example.com,Meera Iyer,2016-04-02,Transport,Fuel / commute,124.67
meera@example.com,Meera Iyer,2016-04-03,Food & Groceries,Supermarket run,1666.91
meera@example.com,Meera Iyer,2016-04-04,Transport,Fuel / commute,110.59
meera@example.com,Meera Iyer,2016-04-05,Rent,Society maintenance,2493.05
meera@example.com,Meera Iyer,2016-04-06,Food & Groceries,Vegetables and fruit,477.96
meera@example.com,Meera Iyer,2016-04-07,Entertainment,Movies / dining out,416.14
meera@example.com,Meera Iyer,2016-04-08,Utilities,Electricity bill,1014.92
meera@example.com,Meera Iyer,2016-04-08,Transport,Fuel / commute,116.67
meera@example.com,Meera Iyer,2016-04-10,Utilities,Broadband internet,893.2
meera@example.com,Meera Iyer,2016-04-10,Food & Groceries,Supermarket run,1700.95
meera@example.com,Meera Iyer,2016-04-11,Transport,Fuel / commute,98.65
meera@example.com,Meera Iyer,2016-04-12,Health,Doctor visit,716.82
meera@example.com,Meera Iyer,2016-04-15,Transport,Fuel / commute,116.25
meera@example.com,Meera Iyer,2016-04-16,Entertainment,Movies / dining out,415.89
meera@example.com,Meera Iyer,2016-04-17,Food & Groceries,Supermarket run,1820.68
meera@example.com,Meera Iyer,2016-04-18,Transport,Fuel / commute,119.49
meera@example.com,Meera Iyer,2016-04-19,Food & Groceries,Kirana store top-up,750.82
meera@example.com,Meera Iyer,2016-04-20,Food & Groceries,Vegetables and fruit,525.4
meera@example.com,Meera Iyer,2016-04-22,Transport,Fuel / commute,108.87
meera@example.com,Meera Iyer,2016-04-24,Food & Groceries,Supermarket run,1454.27
meera@example.com,Meera Iyer,2016-04-25,Transport,Fuel / commute,108.89
meera@example.com,Meera Iyer,2016-04-27,Entertainment,Movies / dining out,443.13
meera@example.com,Meera Iyer,2016-04-29,Transport,Fuel / commute,109.35
meera@example.com,Meera Iyer,2016-05-01,Rent,Monthly rent,9466.27
meera@example.com,Meera Iyer,2016-05-02,Transport,Fuel / commute,111.84
meera@example.com,Meera Iyer,2016-05-03,Food & Groceries,Supermarket run,1572.87
meera@example.com,Meera Iyer,2016-05-04,Transport,Fuel / commute,103.97
meera@example.com,Meera Iyer,2016-05-06,Food & Groceries,Vegetables and fruit,460.79
meera@example.com,Meera Iyer,2016-05-07,Entertainment,Movies / dining out,445.1
meera@example.com,Meera Iyer,2016-05-08,Utilities,Electricity bill,1303.2
meera@example.com,Meera Iyer,2016-05-08,Transport,Fuel / commute,110.58
meera@example.com,Meera Iyer,2016-05-10,Utilities,Broadband internet,893.67
meera@example.com,Meera Iyer,2016-05-10,Food & Groceries,Supermarket run,1865.4
meera@example.com,Meera Iyer,2016-05-11,Transport,Fuel / commute,111.0
meera@example.com,Meera Iyer,2016-05-12,Health,Doctor visit,838.66
meera@example.com,Meera Iyer,2016-05-15,Transport,Fuel / commute,123.24
meera@example.com,Meera Iyer,2016-05-16,Entertainment,Movies / dining out,418.83
meera@example.com,Meera Iyer,2016-05-17,Food & Groceries,Supermarket run,1702.84
meera@example.com,Meera Iyer,2016-05-18,Transport,Fuel / commute,102.01
meera@example.com,Meera Iyer,2016-05-20,Food & Groceries,Vegetables and fruit,477.53
meera@example.com,Meera Iyer,2016-05-22,Transport,Fuel / commute,87.53
meera@example.com,Meera Iyer,2016-05-24,Food & Groceries,Supermarket run,1710.38
meera@example.com,Meera Iyer,2016-05-25,Transport,Fuel / commute,120.0
meera@example.com,Meera Iyer,2016-05-27,Entertainment,Movies / dining out,443.33
meera@example.com,Meera Iyer,2016-05-29,Transport,Fuel / commute,102.15
meera@example.com,Meera Iyer,2016-06-01,Rent,Monthly rent,9605.27
meera@example.com,Meera Iyer,2016-06-02,Transport,Fuel / commute,108.54
meera@example.com,Meera Iyer,2016-06-03,Food & Groceries,Supermarket run,1753.0
meera@example.com,Meera Iyer,2016-06-04,Transport,Fuel / commute,110.16
meera@example.com,Meera Iyer,2016-06-06,Food & Groceries,Vegetables and fruit,488.22
meera@example.com,Meera Iyer,2016-06-07,Entertainment,Movies / dining out,486.27
meera@example.com,Meera Iyer,2016-06-08,Utilities,Electricity bill,1507.13
meera@example.com,Meera Iyer,2016-06-08,Transport,Fuel / commute,126.91
meera@example.com,Meera Iyer,2016-06-10,Utilities,Broadband internet,890.91
meera@example.com,Meera Iyer,2016-06-10,Food & Groceries,Supermarket run,2000.02
meera@example.com,Meera Iyer,2016-06-11,Transport,Fuel / commute,102.21
meera@example.com,Meera Iyer,2016-06-12,Health,Doctor visit,736.81
meera@example.com,Meera Iyer,2016-06-15,Transport,Fuel / commute,94.78
meera@example.com,Meera Iyer,2016-06-16,Entertainment,Movies / dining out,304.61
meera@example.com,Meera Iyer,2016-06-17,Food & Groceries,Supermarket run,1830.36
meera@example.com,Meera Iyer,2016-06-18,Transport,Fuel / commute,101.1
meera@example.com,Meera Iyer,2016-06-20,Food & Groceries,Vegetables and fruit,565.05
meera@example.com,Meera Iyer,2016-06-22,Transport,Fuel / commute,112.65
meera@example.com,Meera Iyer,2016-06-24,Food & Groceries,Supermarket run,2007.58
meera@example.com,Meera Iyer,2016-06-25,Transport,Fuel / commute,86.77
meera@example.com,Meera Iyer,2016-06-27,Entertainment,Movies / dining out,387.06
meera@example.com,Meera Iyer,2016-06-29,Transport,Fuel / commute,115.02
meera@example.com,Meera Iyer,2016-07-01,Rent,Monthly rent,9518.17
meera@example.com,Meera Iyer,2016-07-02,Transport,Fuel / commute,99.41
meera@example.com,Meera Iyer,2016-07-03,Food & Groceries,Supermarket run,1730.99
meera@example.com,Meera Iyer,2016-07-04,Transport,Fuel / commute,126.01
meera@example.com,Meera Iyer,2016-07-05,Rent,Society maintenance,2484.56
meera@example.com,Meera Iyer,2016-07-06,Food & Groceries,Vegetables and fruit,537.4
meera@example.com,Meera Iyer,2016-07-07,Entertainment,Movies / dining out,375.68
meera@example.com,Meera Iyer,2016-07-08,Utilities,Electricity bill,1447.59
meera@example.com,Meera Iyer,2016-07-08,Transport,Fuel / commute,101.65
meera@example.com,Meera Iyer,2016-07-10,Utilities,Broadband internet,904.51
meera@example.com,Meera Iyer,2016-07-10,Food & Groceries,Supermarket run,1943.35
meera@example.com,Meera Iyer,2016-07-11,Transport,Fuel / commute,107.74
meera@example.com,Meera Iyer,2016-07-12,Health,Doctor visit,853.94
meera@example.com,Meera Iyer,2016-07-15,Transport,Fuel / commute,110.78
meera@example.com,Meera Iyer,2016-07-16,Entertainment,Movies / dining out,304.99
meera@example.com,Meera Iyer,2016-07-17,Food & Groceries,Supermarket run,1801.07
meera@example.com,Meera Iyer,2016-07-18,Transport,Fuel / commute,99.34
meera@example.com,Meera Iyer,2016-07-20,Food & Groceries,Vegetables and fruit,518.19
meera@example.com,Meera Iyer,2016-07-22,Transport,Fuel / commute,113.39
meera@example.com,Meera Iyer,2016-07-24,Food & Groceries,Supermarket run,1747.01
meera@example.com,Meera Iyer,2016-07-25,Transport,Fuel / commute,100.45
meera@example.com,Meera Iyer,2016-07-27,Entertainment,Movies / dining out,512.27
meera@example.com,Meera Iyer,2016-07-29,Transport,Fuel / commute,102.02
meera@example.com,Meera Iyer,2016-08-01,Rent,Monthly rent,9700.17
meera@example.com,Meera Iyer,2016-08-02,Transport,Fuel / commute,116.17
meera@example.com,Meera Iyer,2016-08-03,Food & Groceries,Supermarket run,1874.26
meera@example.com,Meera Iyer,2016-08-04,Transport,Fuel / commute,107.62
meera@example.com,Meera Iyer,2016-08-06,Food & Groceries,Vegetables and fruit,533.41
meera@example.com,Meera Iyer,2016-08-07,Entertainment,Movies / dining out,378.27
meera@example.com,Meera Iyer,2016-08-08,Utilities,Electricity bill,1451.61
meera@example.com,Meera Iyer,2016-08-08,Transport,Fuel / commute,116.87
meera@example.com,Meera Iyer,2016-08-10,Utilities,Broadband internet,898.34
meera@example.com,Meera Iyer,2016-08-10,Food & Groceries,Supermarket run,1999.07
meera@example.com,Meera Iyer,2016-08-11,Transport,Fuel / commute,94.4
meera@example.com,Meera Iyer,2016-08-12,Health,Doctor visit,748.38
meera@example.com,Meera Iyer,2016-08-15,Transport,Fuel / commute,107.64
meera@example.com,Meera Iyer,2016-08-16,Entertainment,Movies / dining out,426.19
meera@example.com,Meera Iyer,2016-08-17,Food & Groceries,Supermarket run,1770.55
meera@example.com,Meera Iyer,2016-08-18,Transport,Fuel / commute,105.07
meera@example.com,Meera Iyer,2016-08-20,Food & Groceries,Vegetables and fruit,501.54
meera@example.com,Meera Iyer,2016-08-22,Transport,Fuel / commute,92.06
meera@example.com,Meera Iyer,2016-08-24,Food & Groceries,Supermarket run,1777.93
meera@example.com,Meera Iyer,2016-08-25,Transport,Fuel / commute,87.57
meera@example.com,Meera Iyer,2016-08-27,Entertainment,Movies / dining out,489.53
meera@example.com,Meera Iyer,2016-08-29,Transport,Fuel / commute,116.66
meera@example.com,Meera Iyer,2016-09-01,Rent,Monthly rent,9679.05
meera@example.com,Meera Iyer,2016-09-02,Transport,Fuel / commute,121.59
meera@example.com,Meera Iyer,2016-09-03,Food & Groceries,Supermarket run,1876.27
meera@example.com,Meera Iyer,2016-09-04,Transport,Fuel / commute,108.77
meera@example.com,Meera Iyer,2016-09-06,Food & Groceries,Vegetables and fruit,553.67
meera@example.com,Meera Iyer,2016-09-07,Entertainment,Movies / dining out,416.47
meera@example.com,Meera Iyer,2016-09-08,Utilities,Electricity bill,1302.92
meera@example.com,Meera Iyer,2016-09-08,Transport,Fuel / commute,97.28
meera@example.com,Meera Iyer,2016-09-10,Utilities,Broadband internet,900.54
meera@example.com,Meera Iyer,2016-09-10,Food & Groceries,Supermarket run,1863.16
meera@example.com,Meera Iyer,2016-09-11,Transport,Fuel / commute,94.18
meera@example.com,Meera Iyer,2016-09-12,Health,Doctor visit,693.36
meera@example.com,Meera Iyer,2016-09-15,Transport,Fuel / commute,112.74
meera@example.com,Meera Iyer,2016-09-16,Entertainment,Movies / dining out,444.34
meera@example.com,Meera Iyer,2016-09-17,Food & Groceries,Supermarket run,1625.27
meera@example.com,Meera Iyer,2016-09-18,Transport,Fuel / commute,113.19
meera@example.com,Meera Iyer,2016-09-20,Food & Groceries,Vegetables and fruit,556.28
meera@example.com,Meera Iyer,2016-09-22,Transport,Fuel / commute,124.99
meera@example.com,Meera Iyer,2016-09-24,Food & Groceries,Supermarket run,1807.03
meera@example.com,Meera Iyer,2016-09-25,Transport,Fuel / commute,122.55
meera@example.com,Meera Iyer,2016-09-27,Entertainment,Movies / dining out,422.55
meera@example.com,Meera Iyer,2016-09-29,Transport,Fuel / commute,106.54
meera@example.com,Meera Iyer,2016-10-01,Rent,Monthly rent,9673.12
meera@example.com,Meera Iyer,2016-10-02,Transport,Fuel / commute,103.4
meera@example.com,Meera Iyer,2016-10-03,Food & Groceries,Supermarket run,2509.52
meera@example.com,Meera Iyer,2016-10-04,Transport,Fuel / commute,109.24
meera@example.com,Meera Iyer,2016-10-05,Rent,Society maintenance,2279.36
meera@example.com,Meera Iyer,2016-10-06,Food & Groceries,Vegetables and fruit,480.72
meera@example.com,Meera Iyer,2016-10-07,Entertainment,Movies / dining out,699.06
meera@example.com,Meera Iyer,2016-10-08,Utilities,Electricity bill,1137.9
meera@example.com,Meera Iyer,2016-10-08,Transport,Fuel / commute,104.66
meera@example.com,Meera Iyer,2016-10-10,Utilities,Broadband internet,916.81
meera@example.com,Meera Iyer,2016-10-10,Food & Groceries,Supermarket run,2274.66
meera@example.com,Meera Iyer,2016-10-11,Transport,Fuel / commute,122.42
meera@example.com,Meera Iyer,2016-10-12,Health,Doctor visit,776.32
meera@example.com,Meera Iyer,2016-10-15,Transport,Fuel / commute,99.91
meera@example.com,Meera Iyer,2016-10-16,Entertainment,Movies / dining out,543.31
meera@example.com,Meera Iyer,2016-10-17,Food & Groceries,Supermarket run,1984.59
meera@example.com,Meera Iyer,2016-10-18,Transport,Fuel / commute,97.48
meera@example.com,Meera Iyer,2016-10-20,Food & Groceries,Vegetables and fruit,492.07
meera@example.com,Meera Iyer,2016-10-21,Health,Pharmacy / lab tests,1625.67
meera@example.com,Meera Iyer,2016-10-22,Transport,Fuel / commute,114.98
meera@example.com,Meera Iyer,2016-10-24,Food & Groceries,Supermarket run,2096.36
meera@example.com,Meera Iyer,2016-10-25,Transport,Fuel / commute,88.7
meera@example.com,Meera Iyer,2016-10-27,Entertainment,Movies / dining out,732.32
meera@example.com,Meera Iyer,2016-10-29,Transport,Fuel / commute,113.82
meera@example.com,Meera Iyer,2016-11-01,Rent,Monthly rent,9801.59
meera@example.com,Meera Iyer,2016-11-02,Transport,Fuel / commute,118.84
meera@example.com,Meera Iyer,2016-11-03,Food & Groceries,Supermarket run,2353.05
meera@example.com,Meera Iyer,2016-11-04,Transport,Fuel / commute,114.11
meera@example.com,Meera Iyer,2016-11-06,Food & Groceries,Vegetables and fruit,536.45
meera@example.com,Meera Iyer,2016-11-07,Entertainment,Movies / dining out,682.73
meera@example.com,Meera Iyer,2016-11-08,Utilities,Electricity bill,1035.56
meera@example.com,Meera Iyer,2016-11-08,Transport,Fuel / commute,117.48
meera@example.com,Meera Iyer,2016-11-10,Utilities,Broadband internet,910.12
meera@example.com,Meera Iyer,2016-11-10,Food & Groceries,Supermarket run,2152.19
meera@example.com,Meera Iyer,2016-11-11,Transport,Fuel / commute,90.8
meera@example.com,Meera Iyer,2016-11-12,Health,Doctor visit,880.53
meera@example.com,Meera Iyer,2016-11-15,Food & Groceries,Kirana store top-up,940.7
meera@example.com,Meera Iyer,2016-11-15,Transport,Fuel / commute,113.54
meera@example.com,Meera Iyer,2016-11-16,Entertainment,Movies / dining out,581.93
meera@example.com,Meera Iyer,2016-11-17,Food & Groceries,Supermarket run,2019.18
meera@example.com,Meera Iyer,2016-11-18,Transport,Fuel / commute,105.24
meera@example.com,Meera Iyer,2016-11-20,Food & Groceries,Vegetables and fruit,453.93
meera@example.com,Meera Iyer,2016-11-22,Transport,Fuel / commute,102.88
meera@example.com,Meera Iyer,2016-11-24,Food & Groceries,Supermarket run,2265.55
meera@example.com,Meera Iyer,2016-11-25,Transport,Fuel / commute,120.61
meera@example.com,Meera Iyer,2016-11-27,Entertainment,Movies / dining out,614.65
meera@example.com,Meera Iyer,2016-11-29,Transport,Fuel / commute,128.59
meera@example.com,Meera Iyer,2016-12-01,Rent,Monthly rent,9790.0
meera@example.com,Meera Iyer,2016-12-02,Transport,Fuel / commute,95.0
meera@example.com,Meera Iyer,2016-12-03,Food & Groceries,Supermarket run,1557.19
meera@example.com,Meera Iyer,2016-12-04,Transport,Fuel / commute,106.66
meera@example.com,Meera Iyer,2016-12-06,Food & Groceries,Vegetables and fruit,516.29
meera@example.com,Meera Iyer,2016-12-07,Entertainment,Movies / dining out,430.73
meera@example.com,Meera Iyer,2016-12-08,Utilities,Electricity bill,1100.4
meera@example.com,Meera Iyer,2016-12-08,Transport,Fuel / commute,88.71
meera@example.com,Meera Iyer,2016-12-10,Utilities,Broadband internet,917.25
meera@example.com,Meera Iyer,2016-12-10,Food & Groceries,Supermarket run,1462.32
meera@example.com,Meera Iyer,2016-12-11,Transport,Fuel / commute,97.66
meera@example.com,Meera Iyer,2016-12-12,Health,Doctor visit,785.02
meera@example.com,Meera Iyer,2016-12-15,Transport,Fuel / commute,112.66
meera@example.com,Meera Iyer,2016-12-16,Entertainment,Movies / dining out,461.46
meera@example.com,Meera Iyer,2016-12-17,Food & Groceries,Supermarket run,1605.5
meera@example.com,Meera Iyer,2016-12-18,Transport,Fuel / commute,127.03
meera@example.com,Meera Iyer,2016-12-20,Food & Groceries,Vegetables and fruit,511.32
meera@example.com,Meera Iyer,2016-12-22,Transport,Fuel / commute,146.64
meera@example.com,Meera Iyer,2016-12-24,Food & Groceries,Supermarket run,1698.35
meera@example.com,Meera Iyer,2016-12-25,Transport,Fuel / commute,101.95
meera@example.com,Meera Iyer,2016-12-27,Entertainment,Movies / dining out,441.95
meera@example.com,Meera Iyer,2016-12-29,Transport,Fuel / commute,128.56
meera@example.com,Meera Iyer,2017-01-01,Rent,Monthly rent,9826.83
meera@example.com,Meera Iyer,2017-01-02,Transport,Fuel / commute,90.22
meera@example.com,Meera Iyer,2017-01-03,Food & Groceries,Supermarket run,1671.5
meera@example.com,Meera Iyer,2017-01-04,Transport,Fuel / commute,97.12
meera@example.com,Meera Iyer,2017-01-05,Rent,Society maintenance,2503.74
meera@example.com,Meera Iyer,2017-01-06,Food & Groceries,Vegetables and fruit,506.57
meera@example.com,Meera Iyer,2017-01-07,Entertainment,Movies / dining out,434.39
meera@example.com,Meera Iyer,2017-01-08,Utilities,Electricity bill,1048.99
meera@example.com,Meera Iyer,2017-01-08,Transport,Fuel / commute,98.77
meera@example.com,Meera Iyer,2017-01-10,Utilities,Broadband internet,926.37
meera@example.com,Meera Iyer,2017-01-10,Food & Groceries,Supermarket run,1309.94
meera@example.com,Meera Iyer,2017-01-11,Transport,Fuel / commute,142.62
meera@example.com,Meera Iyer,2017-01-15,Transport,Fuel / commute,133.96
meera@example.com,Meera Iyer,2017-01-16,Entertainment,Movies / dining out,387.82
meera@example.com,Meera Iyer,2017-01-17,Food & Groceries,Supermarket run,1405.14
meera@example.com,Meera Iyer,2017-01-18,Transport,Fuel / commute,104.7
meera@example.com,Meera Iyer,2017-01-20,Food & Groceries,Vegetables and fruit,511.1
meera@example.com,Meera Iyer,2017-01-22,Transport,Fuel / commute,105.34
meera@example.com,Meera Iyer,2017-01-24,Food & Groceries,Supermarket run,1426.39
meera@example.com,Meera Iyer,2017-01-25,Transport,Fuel / commute,94.95
meera@example.com,Meera Iyer,2017-01-27,Entertainment,Movies / dining out,436.09
meera@example.com,Meera Iyer,2017-01-29,Transport,Fuel / commute,84.92
meera@example.com,Meera Iyer,2017-02-01,Rent,Monthly rent,9981.15
meera@example.com,Meera Iyer,2017-02-02,Transport,Fuel / commute,130.75
meera@example.com,Meera Iyer,2017-02-03,Food & Groceries,Supermarket run,1569.52
meera@example.com,Meera Iyer,2017-02-04,Transport,Fuel / commute,100.04
meera@example.com,Meera Iyer,2017-02-06,Food & Groceries,Vegetables and fruit,458.59
meera@example.com,Meera Iyer,2017-02-07,Entertainment,Movies / dining out,447.63
meera@example.com,Meera Iyer,2017-02-08,Utilities,Electricity bill,1022.85
meera@example.com,Meera Iyer,2017-02-08,Transport,Fuel / commute,114.62
meera@example.com,Meera Iyer,2017-02-10,Utilities,Broadband internet,938.67
meera@example.com,Meera Iyer,2017-02-10,Food & Groceries,Supermarket run,1524.49
meera@example.com,Meera Iyer,2017-02-11,Transport,Fuel / commute,100.98
meera@example.com,Meera Iyer,2017-02-12,Health,Doctor visit,831.56
meera@example.com,Meera Iyer,2017-02-15,Transport,Fuel / commute,102.27
meera@example.com,Meera Iyer,2017-02-16,Entertainment,Movies / dining out,484.7
meera@example.com,Meera Iyer,2017-02-17,Food & Groceries,Supermarket run,1393.6
meera@example.com,Meera Iyer,2017-02-18,Transport,Fuel / commute,120.89
meera@example.com,Meera Iyer,2017-02-20,Food & Groceries,Vegetables and fruit,564.5
meera@example.com,Meera Iyer,2017-02-22,Transport,Fuel / commute,110.1
meera@example.com,Meera Iyer,2017-02-24,Food & Groceries,Supermarket run,1547.05
meera@example.com,Meera Iyer,2017-02-25,Transport,Fuel / commute,133.7
meera@example.com,Meera Iyer,2017-02-27,Entertainment,Movies / dining out,418.71
meera@example.com,Meera Iyer,2017-03-01,Rent,Monthly rent,9885.31
meera@example.com,Meera Iyer,2017-03-02,Transport,Fuel / commute,100.45
meera@example.com,Meera Iyer,2017-03-03,Food & Groceries,Supermarket run,1680.57
meera@example.com,Meera Iyer,2017-03-04,Transport,Fuel / commute,116.79
meera@example.com,Meera Iyer,2017-03-06,Food & Groceries,Vegetables and fruit,640.29
meera@example.com,Meera Iyer,2017-03-07,Entertainment,Movies / dining out,430.85
meera@example.com,Meera Iyer,2017-03-08,Utilities,Electricity bill,1130.6
meera@example.com,Meera Iyer,2017-03-08,Transport,Fuel / commute,116.94
meera@example.com,Meera Iyer,2017-03-10,Utilities,Broadband internet,936.43
meera@example.com,Meera Iyer,2017-03-10,Food & Groceries,Supermarket run,1823.0
meera@example.com,Meera Iyer,2017-03-11,Transport,Fuel / commute,104.06
meera@example.com,Meera Iyer,2017-03-12,Health,Doctor visit,763.28
meera@example.com,Meera Iyer,2017-03-15,Transport,Fuel / commute,97.32
meera@example.com,Meera Iyer,2017-03-16,Entertainment,Movies / dining out,474.31
meera@example.com,Meera Iyer,2017-03-17,Food & Groceries,Supermarket run,1686.13
meera@example.com,Meera Iyer,2017-03-18,Transport,Fuel / commute,141.87
meera@example.com,Meera Iyer,2017-03-20,Food & Groceries,Vegetables and fruit,517.18
meera@example.com,Meera Iyer,2017-03-22,Transport,Fuel / commute,115.44
meera@example.com,Meera Iyer,2017-03-24,Food & Groceries,Supermarket run,1704.76
meera@example.com,Meera Iyer,2017-03-25,Transport,Fuel / commute,101.32
meera@example.com,Meera Iyer,2017-03-27,Entertainment,Movies / dining out,375.45
meera@example.com,Meera Iyer,2017-03-29,Transport,Fuel / commute,123.29
meera@example.com,Meera Iyer,2017-04-01,Rent,Monthly rent,10051.18
meera@example.com,Meera Iyer,2017-04-02,Transport,Fuel / commute,114.73
meera@example.com,Meera Iyer,2017-04-03,Food & Groceries,Supermarket run,1844.78
meera@example.com,Meera Iyer,2017-04-04,Transport,Fuel / commute,110.44
meera@example.com,Meera Iyer,2017-04-05,Rent,Society maintenance,2441.76
meera@example.com,Meera Iyer,2017-04-06,Food & Groceries,Vegetables and fruit,489.14
meera@example.com,Meera Iyer,2017-04-07,Entertainment,Movies / dining out,438.5
meera@example.com,Meera Iyer,2017-04-08,Utilities,Electricity bill,1144.09
meera@example.com,Meera Iyer,2017-04-08,Transport,Fuel / commute,105.66
meera@example.com,Meera Iyer,2017-04-10,Utilities,Broadband internet,944.82
meera@example.com,Meera Iyer,2017-04-10,Food & Groceries,Supermarket run,1816.83
meera@example.com,Meera Iyer,2017-04-11,Transport,Fuel / commute,71.99
meera@example.com,Meera Iyer,2017-04-12,Health,Doctor visit,858.62
meera@example.com,Meera Iyer,2017-04-15,Transport,Fuel / commute,94.86
meera@example.com,Meera Iyer,2017-04-16,Entertainment,Movies / dining out,461.75
meera@example.com,Meera Iyer,2017-04-17,Food & Groceries,Supermarket run,1826.36
meera@example.com,Meera Iyer,2017-04-18,Food & Groceries,Kirana store top-up,785.76
meera@example.com,Meera Iyer,2017-04-18,Transport,Fuel / commute,126.56
meera@example.com,Meera Iyer,2017-04-20,Food & Groceries,Vegetables and fruit,491.71
meera@example.com,Meera Iyer,2017-04-22,Transport,Fuel / commute,102.66
meera@example.com,Meera Iyer,2017-04-24,Food & Groceries,Supermarket run,1719.75
meera@example.com,Meera Iyer,2017-04-25,Transport,Fuel / commute,116.38
meera@example.com,Meera Iyer,2017-04-27,Entertainment,Movies / dining out,570.75
meera@example.com,Meera Iyer,2017-04-29,Transport,Fuel / commute,92.94
meera@example.com,Meera Iyer,2017-05-01,Rent,Monthly rent,9923.33
meera@example.com,Meera Iyer,2017-05-02,Transport,Fuel / commute,108.88
meera@example.com,Meera Iyer,2017-05-03,Food & Groceries,Supermarket run,1780.9
meera@example.com,Meera Iyer,2017-05-04,Transport,Fuel / commute,109.49
meera@example.com,Meera Iyer,2017-05-06,Food & Groceries,Vegetables and fruit,476.81
meera@example.com,Meera Iyer,2017-05-07,Entertainment,Movies / dining out,464.73
meera@example.com,Meera Iyer,2017-05-08,Utilities,Electricity bill,1263.21
meera@example.com,Meera Iyer,2017-05-08,Transport,Fuel / commute,106.32
meera@example.com,Meera Iyer,2017-05-10,Utilities,Broadband internet,943.86
meera@example.com,Meera Iyer,2017-05-10,Food & Groceries,Supermarket run,2007.19
meera@example.com,Meera Iyer,2017-05-11,Transport,Fuel / commute,126.53
meera@example.com,Meera Iyer,2017-05-15,Transport,Fuel / commute,128.14
meera@example.com,Meera Iyer,2017-05-16,Entertainment,Movies / dining out,500.87
meera@example.com,Meera Iyer,2017-05-17,Food & Groceries,Supermarket run,1825.52
meera@example.com,Meera Iyer,2017-05-18,Transport,Fuel / commute,109.73
meera@example.com,Meera Iyer,2017-05-20,Food & Groceries,Vegetables and fruit,413.91
meera@example.com,Meera Iyer,2017-05-22,Transport,Fuel / commute,83.33
meera@example.com,Meera Iyer,2017-05-24,Food & Groceries,Supermarket run,1644.73
meera@example.com,Meera Iyer,2017-05-25,Transport,Fuel / commute,120.32
meera@example.com,Meera Iyer,2017-05-27,Entertainment,Movies / dining out,385.46
meera@example.com,Meera Iyer,2017-05-29,Transport,Fuel / commute,119.49
meera@example.com,Meera Iyer,2017-06-01,Rent,Monthly rent,10062.53
meera@example.com,Meera Iyer,2017-06-02,Transport,Fuel / commute,107.31
meera@example.com,Meera Iyer,2017-06-03,Food & Groceries,Supermarket run,1783.11
meera@example.com,Meera Iyer,2017-06-04,Transport,Fuel / commute,116.39
meera@example.com,Meera Iyer,2017-06-06,Food & Groceries,Vegetables and fruit,541.19
meera@example.com,Meera Iyer,2017-06-07,Entertainment,Movies / dining out,467.47
meera@example.com,Meera Iyer,2017-06-08,Utilities,Electricity bill,1557.61
meera@example.com,Meera Iyer,2017-06-08,Transport,Fuel / commute,109.09
meera@example.com,Meera Iyer,2017-06-10,Utilities,Broadband internet,956.25
meera@example.com,Meera Iyer,2017-06-10,Food & Groceries,Supermarket run,1912.87
meera@example.com,Meera Iyer,2017-06-11,Transport,Fuel / commute,111.92
meera@example.com,Meera Iyer,2017-06-15,Transport,Fuel / commute,113.56
meera@example.com,Meera Iyer,2017-06-16,Entertainment,Movies / dining out,408.93
meera@example.com,Meera Iyer,2017-06-17,Food & Groceries,Supermarket run,2108.26
meera@example.com,Meera Iyer,2017-06-18,Transport,Fuel / commute,103.34
meera@example.com,Meera Iyer,2017-06-20,Food & Groceries,Vegetables and fruit,523.59
meera@example.com,Meera Iyer,2017-06-22,Transport,Fuel / commute,119.68
meera@example.com,Meera Iyer,2017-06-24,Food & Groceries,Supermarket run,2008.83
meera@example.com,Meera Iyer,2017-06-25,Transport,Fuel / commute,151.83
meera@example.com,Meera Iyer,2017-06-27,Entertainment,Movies / dining out,481.16
meera@example.com,Meera Iyer,2017-06-29,Transport,Fuel / commute,88.51
meera@example.com,Meera Iyer,2017-07-01,Rent,Monthly rent,10038.25
meera@example.com,Meera Iyer,2017-07-02,Transport,Fuel / commute,81.44
meera@example.com,Meera Iyer,2017-07-03,Food & Groceries,Supermarket run,1936.51
meera@example.com,Meera Iyer,2017-07-04,Transport,Fuel / commute,116.17
meera@example.com,Meera Iyer,2017-07-05,Rent,Society maintenance,2356.17
meera@example.com,Meera Iyer,2017-07-06,Food & Groceries,Vegetables and fruit,486.81
meera@example.com,Meera Iyer,2017-07-07,Entertainment,Movies / dining out,486.61
meera@example.com,Meera Iyer,2017-07-08,Utilities,Electricity bill,1515.68
meera@example.com,Meera Iyer,2017-07-08,Transport,Fuel / commute,138.76
meera@example.com,Meera Iyer,2017-07-10,Utilities,Broadband internet,953.37
meera@example.com,Meera Iyer,2017-07-10,Food & Groceries,Supermarket run,2276.02
meera@example.com,Meera Iyer,2017-07-11,Transport,Fuel / commute,106.82
meera@example.com,Meera Iyer,2017-07-15,Transport,Fuel / commute,116.49
meera@example.com,Meera Iyer,2017-07-16,Entertainment,Movies / dining out,445.72
meera@example.com,Meera Iyer,2017-07-17,Food & Groceries,Supermarket run,1784.47
meera@example.com,Meera Iyer,2017-07-18,Transport,Fuel / commute,126.86
meera@example.com,Meera Iyer,2017-07-20,Food & Groceries,Vegetables and fruit,513.97
meera@example.com,Meera Iyer,2017-07-21,Food & Groceries,Kirana store top-up,964.73
meera@example.com,Meera Iyer,2017-07-22,Transport,Fuel / commute,110.74
meera@example.com,Meera Iyer,2017-07-24,Food & Groceries,Supermarket run,2016.52
meera@example.com,Meera Iyer,2017-07-25,Transport,Fuel / commute,105.09
meera@example.com,Meera Iyer,2017-07-27,Entertainment,Movies / dining out,396.95
meera@example.com,Meera Iyer,2017-07-29,Transport,Fuel / commute,82.12
meera@example.com,Meera Iyer,2017-08-01,Rent,Monthly rent,10154.2
meera@example.com,Meera Iyer,2017-08-02,Transport,Fuel / commute,90.86
meera@example.com,Meera Iyer,2017-08-03,Food & Groceries,Supermarket run,2060.81
meera@example.com,Meera Iyer,2017-08-04,Transport,Fuel / commute,113.33
meera@example.com,Meera Iyer,2017-08-06,Food & Groceries,Vegetables and fruit,550.28
meera@example.com,Meera Iyer,2017-08-07,Entertainment,Movies / dining out,451.58
meera@example.com,Meera Iyer,2017-08-08,Utilities,Electricity bill,1418.68
meera@example.com,Meera Iyer,2017-08-08,Transport,Fuel / commute,117.16
meera@example.com,Meera Iyer,2017-08-10,Utilities,Broadband internet,946.18
meera@example.com,Meera Iyer,2017-08-10,Food & Groceries,Supermarket run,2123.17
meera@example.com,Meera Iyer,2017-08-11,Transport,Fuel / commute,109.34
meera@example.com,Meera Iyer,2017-08-15,Transport,Fuel / commute,88.22
meera@example.com,Meera Iyer,2017-08-16,Entertainment,Movies / dining out,477.83
meera@example.com,Meera Iyer,2017-08-17,Food & Groceries,Supermarket run,2110.85
meera@example.com,Meera Iyer,2017-08-18,Transport,Fuel / commute,109.0
meera@example.com,Meera Iyer,2017-08-20,Food & Groceries,Vegetables and fruit,580.98
meera@example.com,Meera Iyer,2017-08-21,Health,Pharmacy / lab tests,1576.9
meera@example.com,Meera Iyer,2017-08-22,Transport,Fuel / commute,108.98
meera@example.com,Meera Iyer,2017-08-24,Food & Groceries,Supermarket run,1790.09
meera@example.com,Meera Iyer,2017-08-25,Transport,Fuel / commute,111.42
meera@example.com,Meera Iyer,2017-08-27,Entertainment,Movies / dining out,437.16
meera@example.com,Meera Iyer,2017-08-29,Transport,Fuel / commute,105.76
meera@example.com,Meera Iyer,2017-09-01,Rent,Monthly rent,10203.28
meera@example.com,Meera Iyer,2017-09-02,Transport,Fuel / commute,133.39
meera@example.com,Meera Iyer,2017-09-03,Food & Groceries,Supermarket run,1844.5
meera@example.com,Meera Iyer,2017-09-04,Transport,Fuel / commute,91.68
meera@example.com,Meera Iyer,2017-09-06,Food & Groceries,Vegetables and fruit,571.05
meera@example.com,Meera Iyer,2017-09-07,Entertainment,Movies / dining out,370.26
meera@example.com,Meera Iyer,2017-09-08,Utilities,Electricity bill,1453.68
meera@example.com,Meera Iyer,2017-09-08,Transport,Fuel / commute,123.81
meera@example.com,Meera Iyer,2017-09-10,Utilities,Broadband internet,953.51
meera@example.com,Meera Iyer,2017-09-10,Food & Groceries,Supermarket run,1778.06
meera@example.com,Meera Iyer,2017-09-11,Transport,Fuel / commute,133.34
meera@example.com,Meera Iyer,2017-09-12,Health,Doctor visit,782.3
meera@example.com,Meera Iyer,2017-09-15,Transport,Fuel / commute,107.66
meera@example.com,Meera Iyer,2017-09-16,Entertainment,Movies / dining out,485.3
meera@example.com,Meera Iyer,2017-09-17,Food & Groceries,Supermarket run,1792.99
meera@example.com,Meera Iyer,2017-09-18,Transport,Fuel / commute,115.29
meera@example.com,Meera Iyer,2017-09-20,Food & Groceries,Vegetables and fruit,617.63
meera@example.com,Meera Iyer,2017-09-22,Transport,Fuel / commute,86.46
meera@example.com,Meera Iyer,2017-09-24,Food & Groceries,Supermarket run,1705.2
meera@example.com,Meera Iyer,2017-09-25,Transport,Fuel / commute,117.55
meera@example.com,Meera Iyer,2017-09-27,Entertainment,Movies / dining out,511.63
meera@example.com,Meera Iyer,2017-09-29,Transport,Fuel / commute,99.37
meera@example.com,Meera Iyer,2017-10-01,Rent,Monthly rent,10201.55
meera@example.com,Meera Iyer,2017-10-02,Transport,Fuel / commute,110.17
meera@example.com,Meera Iyer,2017-10-03,Food & Groceries,Supermarket run,2527.78
meera@example.com,Meera Iyer,2017-10-04,Transport,Fuel / commute,115.81
meera@example.com,Meera Iyer,2017-10-05,Rent,Society maintenance,2387.49
meera@example.com,Meera Iyer,2017-10-06,Food & Groceries,Vegetables and fruit,576.3
meera@example.com,Meera Iyer,2017-10-07,Entertainment,Movies / dining out,576.09
meera@example.com,Meera Iyer,2017-10-08,Utilities,Electricity bill,1242.66
meera@example.com,Meera Iyer,2017-10-08,Transport,Fuel / commute,137.66
meera@example.com,Meera Iyer,2017-10-10,Utilities,Broadband internet,956.08
meera@example.com,Meera Iyer,2017-10-10,Food & Groceries,Supermarket run,2491.42
meera@example.com,Meera Iyer,2017-10-11,Transport,Fuel / commute,95.98
meera@example.com,Meera Iyer,2017-10-12,Health,Doctor visit,780.51
meera@example.com,Meera Iyer,2017-10-15,Transport,Fuel / commute,124.94
meera@example.com,Meera Iyer,2017-10-16,Entertainment,Movies / dining out,619.93
meera@example.com,Meera Iyer,2017-10-17,Food & Groceries,Supermarket run,2443.22
meera@example.com,Meera Iyer,2017-10-18,Transport,Fuel / commute,88.39
meera@example.com,Meera Iyer,2017-10-20,Food & Groceries,Vegetables and fruit,531.56
meera@example.com,Meera Iyer,2017-10-22,Transport,Fuel / commute,117.36
meera@example.com,Meera Iyer,2017-10-24,Food & Groceries,Supermarket run,2392.84
meera@example.com,Meera Iyer,2017-10-25,Transport,Fuel / commute,135.99
meera@example.com,Meera Iyer,2017-10-27,Entertainment,Movies / dining out,598.94
meera@example.com,Meera Iyer,2017-10-29,Transport,Fuel / commute,121.08
meera@example.com,Meera Iyer,2017-11-01,Rent,Monthly rent,10214.41
meera@example.com,Meera Iyer,2017-11-02,Transport,Fuel / commute,138.58
meera@example.com,Meera Iyer,2017-11-03,Food & Groceries,Supermarket run,2371.85
meera@example.com,Meera Iyer,2017-11-04,Transport,Fuel / commute,118.61
meera@example.com,Meera Iyer,2017-11-06,Food & Groceries,Vegetables and fruit,517.77
meera@example.com,Meera Iyer,2017-11-07,Entertainment,Movies / dining out,515.46
meera@example.com,Meera Iyer,2017-11-08,Utilities,Electricity bill,1199.59
meera@example.com,Meera Iyer,2017-11-08,Transport,Fuel / commute,120.08
meera@example.com,Meera Iyer,2017-11-10,Utilities,Broadband internet,988.77
meera@example.com,Meera Iyer,2017-11-10,Food & Groceries,Supermarket run,2402.02
meera@example.com,Meera Iyer,2017-11-11,Transport,Fuel / commute,110.59
meera@example.com,Meera Iyer,2017-11-12,Health,Doctor visit,748.92
meera@example.com,Meera Iyer,2017-11-15,Transport,Fuel / commute,112.46
meera@example.com,Meera Iyer,2017-11-16,Entertainment,Movies / dining out,472.98
meera@example.com,Meera Iyer,2017-11-17,Food & Groceries,Supermarket run,2252.19
meera@example.com,Meera Iyer,2017-11-18,Transport,Fuel / commute,128.14
meera@example.com,Meera Iyer,2017-11-20,Food & Groceries,Vegetables and fruit,496.44
meera@example.com,Meera Iyer,2017-11-22,Transport,Fuel / commute,114.4
meera@example.com,Meera Iyer,2017-11-24,Food & Groceries,Supermarket run,2068.75
meera@example.com,Meera Iyer,2017-11-25,Food & Groceries,Kirana store top-up,827.18
meera@example.com,Meera Iyer,2017-11-25,Transport,Fuel / commute,122.16
meera@example.com,Meera Iyer,2017-11-27,Entertainment,Movies / dining out,600.7
meera@example.com,Meera Iyer,2017-11-29,Transport,Fuel / commute,112.14
meera@example.com,Meera Iyer,2017-12-01,Rent,Monthly rent,10452.92
meera@example.com,Meera Iyer,2017-12-02,Transport,Fuel / commute,125.44
meera@example.com,Meera Iyer,2017-12-03,Food & Groceries,Supermarket run,1574.8
meera@example.com,Meera Iyer,2017-12-04,Transport,Fuel / commute,103.6
meera@example.com,Meera Iyer,2017-12-06,Food & Groceries,Vegetables and fruit,551.8
meera@example.com,Meera Iyer,2017-12-07,Entertainment,Movies / dining out,409.01
meera@example.com,Meera Iyer,2017-12-08,Utilities,Electricity bill,1117.2
meera@example.com,Meera Iyer,2017-12-08,Transport,Fuel / commute,100.43
meera@example.com,Meera Iyer,2017-12-10,Utilities,Broadband internet,964.11
meera@example.com,Meera Iyer,2017-12-10,Food & Groceries,Supermarket run,1550.31
meera@example.com,Meera Iyer,2017-12-11,Transport,Fuel / commute,118.42
meera@example.com,Meera Iyer,2017-12-15,Transport,Fuel / commute,123.63
meera@example.com,Meera Iyer,2017-12-16,Entertainment,Movies / dining out,533.28
meera@example.com,Meera Iyer,2017-12-17,Food & Groceries,Supermarket run,1735.59
meera@example.com,Meera Iyer,2017-12-18,Transport,Fuel / commute,119.92
meera@example.com,Meera Iyer,2017-12-20,Food & Groceries,Vegetables and fruit,543.46
meera@example.com,Meera Iyer,2017-12-21,Health,Pharmacy / lab tests,1563.95
meera@example.com,Meera Iyer,2017-12-22,Transport,Fuel / commute,104.11
meera@example.com,Meera Iyer,2017-12-24,Food & Groceries,Supermarket run,1607.32
meera@example.com,Meera Iyer,2017-12-25,Transport,Fuel / commute,124.69
meera@example.com,Meera Iyer,2017-12-27,Entertainment,Movies / dining out,496.32
meera@example.com,Meera Iyer,2017-12-29,Transport,Fuel / commute,105.02
meera@example.com,Meera Iyer,2018-01-01,Rent,Monthly rent,10438.94
meera@example.com,Meera Iyer,2018-01-02,Transport,Fuel / commute,128.88
meera@example.com,Meera Iyer,2018-01-03,Food & Groceries,Supermarket run,1605.72
meera@example.com,Meera Iyer,2018-01-04,Transport,Fuel / commute,122.63
meera@example.com,Meera Iyer,2018-01-05,Rent,Society maintenance,2309.18
meera@example.com,Meera Iyer,2018-01-06,Food & Groceries,Vegetables and fruit,513.1
meera@example.com,Meera Iyer,2018-01-07,Entertainment,Movies / dining out,330.8
meera@example.com,Meera Iyer,2018-01-08,Utilities,Electricity bill,1044.72
meera@example.com,Meera Iyer,2018-01-08,Transport,Fuel / commute,107.16
meera@example.com,Meera Iyer,2018-01-10,Utilities,Broadband internet,973.51
meera@example.com,Meera Iyer,2018-01-10,Food & Groceries,Supermarket run,1527.04
meera@example.com,Meera Iyer,2018-01-11,Transport,Fuel / commute,93.8
meera@example.com,Meera Iyer,2018-01-12,Health,Doctor visit,811.59
meera@example.com,Meera Iyer,2018-01-15,Transport,Fuel / commute,105.44
meera@example.com,Meera Iyer,2018-01-16,Entertainment,Movies / dining out,520.6
meera@example.com,Meera Iyer,2018-01-17,Food & Groceries,Supermarket run,1584.92
meera@example.com,Meera Iyer,2018-01-18,Transport,Fuel / commute,115.03
meera@example.com,Meera Iyer,2018-01-20,Food & Groceries,Vegetables and fruit,487.31
meera@example.com,Meera Iyer,2018-01-22,Transport,Fuel / commute,131.98
meera@example.com,Meera Iyer,2018-01-24,Food & Groceries,Supermarket run,1733.55
meera@example.com,Meera Iyer,2018-01-25,Transport,Fuel / commute,101.38
meera@example.com,Meera Iyer,2018-01-27,Entertainment,Movies / dining out,397.43
meera@example.com,Meera Iyer,2018-01-29,Transport,Fuel / commute,114.61
meera@example.com,Meera Iyer,2018-02-01,Rent,Monthly rent,10458.89
meera@example.com,Meera Iyer,2018-02-02,Transport,Fuel / commute,94.6
meera@example.com,Meera Iyer,2018-02-03,Food & Groceries,Supermarket run,1693.82
meera@example.com,Meera Iyer,2018-02-04,Transport,Fuel / commute,119.89
meera@example.com,Meera Iyer,2018-02-06,Food & Groceries,Vegetables and fruit,594.73
meera@example.com,Meera Iyer,2018-02-07,Entertainment,Movies / dining out,454.42
meera@example.com,Meera Iyer,2018-02-08,Utilities,Electricity bill,1103.52
meera@example.com,Meera Iyer,2018-02-08,Transport,Fuel / commute,115.79
meera@example.com,Meera Iyer,2018-02-10,Utilities,Broadband internet,958.71
meera@example.com,Meera Iyer,2018-02-10,Food & Groceries,Supermarket run,1424.1
meera@example.com,Meera Iyer,2018-02-11,Transport,Fuel / commute,109.4
meera@example.com,Meera Iyer,2018-02-12,Health,Doctor visit,861.13
meera@example.com,Meera Iyer,2018-02-15,Transport,Fuel / commute,117.44
meera@example.com,Meera Iyer,2018-02-16,Entertainment,Movies / dining out,350.36
meera@example.com,Meera Iyer,2018-02-17,Food & Groceries,Supermarket run,1787.78
meera@example.com,Meera Iyer,2018-02-18,Transport,Fuel / commute,154.86
meera@example.com,Meera Iyer,2018-02-20,Food & Groceries,Vegetables and fruit,510.94
meera@example.com,Meera Iyer,2018-02-22,Transport,Fuel / commute,127.9
meera@example.com,Meera Iyer,2018-02-24,Food & Groceries,Supermarket run,1659.59
meera@example.com,Meera Iyer,2018-02-25,Transport,Fuel / commute,130.9
meera@example.com,Meera Iyer,2018-02-27,Entertainment,Movies / dining out,454.5
meera@example.com,Meera Iyer,2018-03-01,Rent,Monthly rent,10398.9
meera@example.com,Meera Iyer,2018-03-02,Transport,Fuel / commute,84.13
meera@example.com,Meera Iyer,2018-03-03,Food & Groceries,Supermarket run,1574.3
meera@example.com,Meera Iyer,2018-03-04,Transport,Fuel / commute,90.66
meera@example.com,Meera Iyer,2018-03-06,Food & Groceries,Vegetables and fruit,524.96
meera@example.com,Meera Iyer,2018-03-07,Entertainment,Movies / dining out,465.96
meera@example.com,Meera Iyer,2018-03-08,Utilities,Electricity bill,1220.76
meera@example.com,Meera Iyer,2018-03-08,Transport,Fuel / commute,112.79
meera@example.com,Meera Iyer,2018-03-10,Utilities,Broadband internet,968.11
meera@example.com,Meera Iyer,2018-03-10,Food & Groceries,Supermarket run,1838.11
meera@example.com,Meera Iyer,2018-03-11,Transport,Fuel / commute,138.44
meera@example.com,Meera Iyer,2018-03-15,Transport,Fuel / commute,110.62
meera@example.com,Meera Iyer,2018-03-16,Entertainment,Movies / dining out,568.99
meera@example.com,Meera Iyer,2018-03-17,Food & Groceries,Supermarket run,1863.63
meera@example.com,Meera Iyer,2018-03-18,Transport,Fuel / commute,118.14
meera@example.com,Meera Iyer,2018-03-20,Food & Groceries,Vegetables and fruit,580.17
meera@example.com,Meera Iyer,2018-03-22,Transport,Fuel / commute,132.61
meera@example.com,Meera Iyer,2018-03-24,Food & Groceries,Supermarket run,1646.31
meera@example.com,Meera Iyer,2018-03-25,Transport,Fuel / commute,146.24
meera@example.com,Meera Iyer,2018-03-27,Entertainment,Movies / dining out,381.62
meera@example.com,Meera Iyer,2018-03-29,Transport,Fuel / commute,108.65
meera@example.com,Meera Iyer,2018-04-01,Rent,Monthly rent,10498.47
meera@example.com,Meera Iyer,2018-04-02,Transport,Fuel / commute,141.2
meera@example.com,Meera Iyer,2018-04-03,Food & Groceries,Supermarket run,1937.91
meera@example.com,Meera Iyer,2018-04-04,Transport,Fuel / commute,120.24
meera@example.com,Meera Iyer,2018-04-05,Rent,Society maintenance,2541.04
meera@example.com,Meera Iyer,2018-04-06,Food & Groceries,Vegetables and fruit,541.5
meera@example.com,Meera Iyer,2018-04-07,Entertainment,Movies / dining out,569.05
meera@example.com,Meera Iyer,2018-04-08,Utilities,Electricity bill,1274.07
meera@example.com,Meera Iyer,2018-04-08,Transport,Fuel / commute,128.52
meera@example.com,Meera Iyer,2018-04-10,Utilities,Broadband internet,995.43
meera@example.com,Meera Iyer,2018-04-10,Food & Groceries,Supermarket run,2004.28
meera@example.com,Meera Iyer,2018-04-11,Transport,Fuel / commute,118.94
meera@example.com,Meera Iyer,2018-04-12,Health,Doctor visit,756.74
meera@example.com,Meera Iyer,2018-04-15,Transport,Fuel / commute,108.95
meera@example.com,Meera Iyer,2018-04-16,Entertainment,Movies / dining out,456.76
meera@example.com,Meera Iyer,2018-04-17,Food & Groceries,Supermarket run,1876.13
meera@example.com,Meera Iyer,2018-04-18,Transport,Fuel / commute,117.35
meera@example.com,Meera Iyer,2018-04-20,Food & Groceries,Vegetables and fruit,528.43
meera@example.com,Meera Iyer,2018-04-22,Transport,Fuel / commute,137.39
meera@example.com,Meera Iyer,2018-04-24,Food & Groceries,Supermarket run,1936.35
meera@example.com,Meera Iyer,2018-04-25,Transport,Fuel / commute,125.01
meera@example.com,Meera Iyer,2018-04-27,Entertainment,Movies / dining out,367.5
meera@example.com,Meera Iyer,2018-04-29,Transport,Fuel / commute,93.13
meera@example.com,Meera Iyer,2018-05-01,Rent,Monthly rent,10636.03
meera@example.com,Meera Iyer,2018-05-02,Transport,Fuel / commute,109.99
meera@example.com,Meera Iyer,2018-05-03,Food & Groceries,Supermarket run,1765.85
meera@example.com,Meera Iyer,2018-05-04,Transport,Fuel / commute,137.59
meera@example.com,Meera Iyer,2018-05-06,Food & Groceries,Vegetables and fruit,472.04
meera@example.com,Meera Iyer,2018-05-07,Entertainment,Movies / dining out,376.46
meera@example.com,Meera Iyer,2018-05-08,Utilities,Electricity bill,1438.69
meera@example.com,Meera Iyer,2018-05-08,Transport,Fuel / commute,116.43
meera@example.com,Meera Iyer,2018-05-10,Utilities,Broadband internet,995.35
meera@example.com,Meera Iyer,2018-05-10,Food & Groceries,Supermarket run,1857.96
meera@example.com,Meera Iyer,2018-05-11,Transport,Fuel / commute,120.56
meera@example.com,Meera Iyer,2018-05-12,Health,Doctor visit,688.02
meera@example.com,Meera Iyer,2018-05-15,Transport,Fuel / commute,134.31
meera@example.com,Meera Iyer,2018-05-16,Entertainment,Movies / dining out,517.19
meera@example.com,Meera Iyer,2018-05-17,Food & Groceries,Supermarket run,2099.6
meera@example.com,Meera Iyer,2018-05-18,Transport,Fuel / commute,104.99
meera@example.com,Meera Iyer,2018-05-20,Food & Groceries,Vegetables and fruit,603.67
meera@example.com,Meera Iyer,2018-05-22,Transport,Fuel / commute,103.65
meera@example.com,Meera Iyer,2018-05-24,Food & Groceries,Supermarket run,1988.08
meera@example.com,Meera Iyer,2018-05-25,Transport,Fuel / commute,114.89
meera@example.com,Meera Iyer,2018-05-27,Entertainment,Movies / dining out,436.61
meera@example.com,Meera Iyer,2018-05-29,Transport,Fuel / commute,129.35
meera@example.com,Meera Iyer,2018-06-01,Rent,Monthly rent,10559.1
meera@example.com,Meera Iyer,2018-06-02,Transport,Fuel / commute,100.0
meera@example.com,Meera Iyer,2018-06-03,Food & Groceries,Supermarket run,1864.72
meera@example.com,Meera Iyer,2018-06-04,Transport,Fuel / commute,103.51
meera@example.com,Meera Iyer,2018-06-06,Food & Groceries,Vegetables and fruit,617.21
meera@example.com,Meera Iyer,2018-06-07,Entertainment,Movies / dining out,521.16
meera@example.com,Meera Iyer,2018-06-08,Utilities,Electricity bill,1626.05
meera@example.com,Meera Iyer,2018-06-08,Transport,Fuel / commute,117.24
meera@example.com,Meera Iyer,2018-06-10,Utilities,Broadband internet,988.08
meera@example.com,Meera Iyer,2018-06-10,Food & Groceries,Supermarket run,2064.53
meera@example.com,Meera Iyer,2018-06-11,Transport,Fuel / commute,112.95
meera@example.com,Meera Iyer,2018-06-12,Health,Doctor visit,716.9
meera@example.com,Meera Iyer,2018-06-15,Transport,Fuel / commute,137.97
meera@example.com,Meera Iyer,2018-06-16,Entertainment,Movies / dining out,409.49
meera@example.com,Meera Iyer,2018-06-17,Food & Groceries,Supermarket run,1831.44
meera@example.com,Meera Iyer,2018-06-18,Transport,Fuel / commute,131.67
meera@example.com,Meera Iyer,2018-06-20,Food & Groceries,Vegetables and fruit,474.1
meera@example.com,Meera Iyer,2018-06-22,Transport,Fuel / commute,125.16
meera@example.com,Meera Iyer,2018-06-24,Food & Groceries,Supermarket run,2017.74
meera@example.com,Meera Iyer,2018-06-25,Transport,Fuel / commute,120.2
meera@example.com,Meera Iyer,2018-06-27,Entertainment,Movies / dining out,519.92
meera@example.com,Meera Iyer,2018-06-29,Transport,Fuel / commute,123.71
meera@example.com,Meera Iyer,2018-07-01,Rent,Monthly rent,10590.87
meera@example.com,Meera Iyer,2018-07-02,Transport,Fuel / commute,124.08
meera@example.com,Meera Iyer,2018-07-03,Food & Groceries,Supermarket run,2150.12
meera@example.com,Meera Iyer,2018-07-04,Transport,Fuel / commute,119.95
meera@example.com,Meera Iyer,2018-07-05,Rent,Society maintenance,2736.17
meera@example.com,Meera Iyer,2018-07-06,Food & Groceries,Vegetables and fruit,584.35
meera@example.com,Meera Iyer,2018-07-07,Entertainment,Movies / dining out,537.08
meera@example.com,Meera Iyer,2018-07-08,Utilities,Electricity bill,1684.76
meera@example.com,Meera Iyer,2018-07-08,Transport,Fuel / commute,118.76
meera@example.com,Meera Iyer,2018-07-10,Utilities,Broadband internet,993.84
meera@example.com,Meera Iyer,2018-07-10,Food & Groceries,Supermarket run,1964.83
meera@example.com,Meera Iyer,2018-07-11,Transport,Fuel / commute,117.8
meera@example.com,Meera Iyer,2018-07-12,Health,Doctor visit,738.2
meera@example.com,Meera Iyer,2018-07-15,Transport,Fuel / commute,110.4
meera@example.com,Meera Iyer,2018-07-16,Entertainment,Movies / dining out,512.89
meera@example.com,Meera Iyer,2018-07-17,Food & Groceries,Supermarket run,2280.52
meera@example.com,Meera Iyer,2018-07-18,Transport,Fuel / commute,112.21
meera@example.com,Meera Iyer,2018-07-20,Food & Groceries,Vegetables and fruit,609.74
meera@example.com,Meera Iyer,2018-07-22,Transport,Fuel / commute,139.67
meera@example.com,Meera Iyer,2018-07-24,Food & Groceries,Supermarket run,2008.73
meera@example.com,Meera Iyer,2018-07-25,Transport,Fuel / commute,117.06
meera@example.com,Meera Iyer,2018-07-27,Entertainment,Movies / dining out,506.33
meera@example.com,Meera Iyer,2018-07-29,Transport,Fuel / commute,107.42
meera@example.com,Meera Iyer,2018-08-01,Rent,Monthly rent,10807.3
meera@example.com,Meera Iyer,2018-08-02,Transport,Fuel / commute,92.0
meera@example.com,Meera Iyer,2018-08-03,Food & Groceries,Supermarket run,2141.19
meera@example.com,Meera Iyer,2018-08-04,Transport,Fuel / commute,120.75
meera@example.com,Meera Iyer,2018-08-06,Food & Groceries,Vegetables and fruit,480.86
meera@example.com,Meera Iyer,2018-08-07,Entertainment,Movies / dining out,541.52
meera@example.com,Meera Iyer,2018-08-08,Utilities,Electricity bill,1562.83
meera@example.com,Meera Iyer,2018-08-08,Transport,Fuel / commute,87.03
meera@example.com,Meera Iyer,2018-08-10,Utilities,Broadband internet,991.45
meera@example.com,Meera Iyer,2018-08-10,Food & Groceries,Supermarket run,2268.23
meera@example.com,Meera Iyer,2018-08-11,Transport,Fuel / commute,100.18
meera@example.com,Meera Iyer,2018-08-12,Health,Doctor visit,816.35
meera@example.com,Meera Iyer,2018-08-15,Transport,Fuel / commute,111.4
meera@example.com,Meera Iyer,2018-08-16,Entertainment,Movies / dining out,476.2
meera@example.com,Meera Iyer,2018-08-17,Food & Groceries,Supermarket run,2085.64
meera@example.com,Meera Iyer,2018-08-18,Food & Groceries,Kirana store top-up,895.1
meera@example.com,Meera Iyer,2018-08-18,Transport,Fuel / commute,107.2
meera@example.com,Meera Iyer,2018-08-20,Food & Groceries,Vegetables and fruit,533.48
meera@example.com,Meera Iyer,2018-08-22,Transport,Fuel / commute,124.74
meera@example.com,Meera Iyer,2018-08-24,Food & Groceries,Supermarket run,2148.93
meera@example.com,Meera Iyer,2018-08-25,Transport,Fuel / commute,123.44
meera@example.com,Meera Iyer,2018-08-27,Entertainment,Movies / dining out,493.66
meera@example.com,Meera Iyer,2018-08-29,Transport,Fuel / commute,131.85
meera@example.com,Meera Iyer,2018-09-01,Rent,Monthly rent,10570.6
meera@example.com,Meera Iyer,2018-09-02,Transport,Fuel / commute,123.92
meera@example.com,Meera Iyer,2018-09-03,Food & Groceries,Supermarket run,2074.28
meera@example.com,Meera Iyer,2018-09-04,Transport,Fuel / commute,108.99
meera@example.com,Meera Iyer,2018-09-06,Food & Groceries,Vegetables and fruit,508.79
meera@example.com,Meera Iyer,2018-09-07,Entertainment,Movies / dining out,444.68
meera@example.com,Meera Iyer,2018-09-08,Utilities,Electricity bill,1373.53
meera@example.com,Meera Iyer,2018-09-08,Transport,Fuel / commute,119.95
meera@example.com,Meera Iyer,2018-09-10,Utilities,Broadband internet,997.32
meera@example.com,Meera Iyer,2018-09-10,Food & Groceries,Supermarket run,2023.93
meera@example.com,Meera Iyer,2018-09-11,Transport,Fuel / commute,96.6
meera@example.com,Meera Iyer,2018-09-12,Health,Doctor visit,766.72
meera@example.com,Meera Iyer,2018-09-15,Transport,Fuel / commute,139.77
meera@example.com,Meera Iyer,2018-09-16,Entertainment,Movies / dining out,485.03
meera@example.com,Meera Iyer,2018-09-17,Food & Groceries,Supermarket run,2032.44
meera@example.com,Meera Iyer,2018-09-18,Transport,Fuel / commute,109.77
meera@example.com,Meera Iyer,2018-09-20,Food & Groceries,Vegetables and fruit,565.04
meera@example.com,Meera Iyer,2018-09-21,Health,Pharmacy / lab tests,1644.93
meera@example.com,Meera Iyer,2018-09-22,Transport,Fuel / commute,148.69
meera@example.com,Meera Iyer,2018-09-24,Food & Groceries,Supermarket run,2245.51
meera@example.com,Meera Iyer,2018-09-25,Transport,Fuel / commute,119.08
meera@example.com,Meera Iyer,2018-09-27,Entertainment,Movies / dining out,496.44
meera@example.com,Meera Iyer,2018-09-29,Transport,Fuel / commute,134.3
meera@example.com,Meera Iyer,2018-10-01,Rent,Monthly rent,10748.52
meera@example.com,Meera Iyer,2018-10-02,Transport,Fuel / commute,113.52
meera@example.com,Meera Iyer,2018-10-03,Food & Groceries,Supermarket run,2714.95
meera@example.com,Meera Iyer,2018-10-04,Transport,Fuel / commute,103.62
meera@example.com,Meera Iyer,2018-10-05,Rent,Society maintenance,2375.18
meera@example.com,Meera Iyer,2018-10-06,Food & Groceries,Vegetables and fruit,527.41
meera@example.com,Meera Iyer,2018-10-07,Entertainment,Movies / dining out,625.54
meera@example.com,Meera Iyer,2018-10-08,Utilities,Electricity bill,1340.62
meera@example.com,Meera Iyer,2018-10-08,Transport,Fuel / commute,113.66
meera@example.com,Meera Iyer,2018-10-10,Utilities,Broadband internet,1013.6
meera@example.com,Meera Iyer,2018-10-10,Food & Groceries,Supermarket run,2797.62
meera@example.com,Meera Iyer,2018-10-11,Transport,Fuel / commute,113.18
meera@example.com,Meera Iyer,2018-10-15,Transport,Fuel / commute,110.34
meera@example.com,Meera Iyer,2018-10-16,Entertainment,Movies / dining out,648.42
meera@example.com,Meera Iyer,2018-10-17,Food & Groceries,Supermarket run,2731.48
meera@example.com,Meera Iyer,2018-10-18,Transport,Fuel / commute,115.47
meera@example.com,Meera Iyer,2018-10-20,Food & Groceries,Vegetables and fruit,565.06
meera@example.com,Meera Iyer,2018-10-21,Health,Pharmacy / lab tests,1678.13
meera@example.com,Meera Iyer,2018-10-22,Transport,Fuel / commute,136.99
meera@example.com,Meera Iyer,2018-10-24,Food & Groceries,Supermarket run,2432.99
meera@example.com,Meera Iyer,2018-10-25,Transport,Fuel / commute,122.89
meera@example.com,Meera Iyer,2018-10-27,Entertainment,Movies / dining out,668.05
meera@example.com,Meera Iyer,2018-10-29,Transport,Fuel / commute,155.62
meera@example.com,Meera Iyer,2018-11-01,Rent,Monthly rent,10749.37
meera@example.com,Meera Iyer,2018-11-02,Transport,Fuel / commute,117.2
meera@example.com,Meera Iyer,2018-11-03,Food & Groceries,Supermarket run,2619.77
meera@example.com,Meera Iyer,2018-11-04,Transport,Fuel / commute,124.18
meera@example.com,Meera Iyer,2018-11-06,Food & Groceries,Vegetables and fruit,562.09
meera@example.com,Meera Iyer,2018-11-07,Entertainment,Movies / dining out,683.31
meera@example.com,Meera Iyer,2018-11-08,Utilities,Electricity bill,1171.41
meera@example.com,Meera Iyer,2018-11-08,Transport,Fuel / commute,114.74
meera@example.com,Meera Iyer,2018-11-10,Utilities,Broadband internet,1004.37
meera@example.com,Meera Iyer,2018-11-10,Food & Groceries,Supermarket run,2590.54
meera@example.com,Meera Iyer,2018-11-11,Transport,Fuel / commute,125.87
meera@example.com,Meera Iyer,2018-11-12,Health,Doctor visit,714.01
meera@example.com,Meera Iyer,2018-11-15,Transport,Fuel / commute,132.57
meera@example.com,Meera Iyer,2018-11-16,Entertainment,Movies / dining out,640.17
meera@example.com,Meera Iyer,2018-11-17,Food & Groceries,Supermarket run,2513.37
meera@example.com,Meera Iyer,2018-11-18,Transport,Fuel / commute,118.84
meera@example.com,Meera Iyer,2018-11-20,Food & Groceries,Vegetables and fruit,709.16
meera@example.com,Meera Iyer,2018-11-22,Transport,Fuel / commute,146.18
meera@example.com,Meera Iyer,2018-11-24,Food & Groceries,Supermarket run,2722.97
meera@example.com,Meera Iyer,2018-11-25,Transport,Fuel / commute,123.95
meera@example.com,Meera Iyer,2018-11-27,Entertainment,Movies / dining out,603.15
meera@example.com,Meera Iyer,2018-11-29,Transport,Fuel / commute,124.4
meera@example.com,Meera Iyer,2018-12-01,Rent,Monthly rent,10826.89
meera@example.com,Meera Iyer,2018-12-02,Transport,Fuel / commute,142.87
meera@example.com,Meera Iyer,2018-12-03,Food & Groceries,Supermarket run,1750.04
meera@example.com,Meera Iyer,2018-12-04,Transport,Fuel / commute,105.35
meera@example.com,Meera Iyer,2018-12-06,Food & Groceries,Vegetables and fruit,601.18
meera@example.com,Meera Iyer,2018-12-07,Entertainment,Movies / dining out,434.33
meera@example.com,Meera Iyer,2018-12-08,Utilities,Electricity bill,1068.12
meera@example.com,Meera Iyer,2018-12-08,Transport,Fuel / commute,133.58
meera@example.com,Meera Iyer,2018-12-10,Utilities,Broadband internet,1002.57
meera@example.com,Meera Iyer,2018-12-10,Food & Groceries,Supermarket run,1662.44
meera@example.com,Meera Iyer,2018-12-11,Transport,Fuel / commute,113.92
meera@example.com,Meera Iyer,2018-12-12,Health,Doctor visit,838.6
meera@example.com,Meera Iyer,2018-12-15,Transport,Fuel / commute,128.88
meera@example.com,Meera Iyer,2018-12-16,Entertainment,Movies / dining out,498.9
meera@example.com,Meera Iyer,2018-12-17,Food & Groceries,Supermarket run,1629.08
meera@example.com,Meera Iyer,2018-12-18,Transport,Fuel / commute,136.89
meera@example.com,Meera Iyer,2018-12-20,Food & Groceries,Vegetables and fruit,506.37
meera@example.com,Meera Iyer,2018-12-20,Food & Groceries,Kirana store top-up,972.88
meera@example.com,Meera Iyer,2018-12-22,Transport,Fuel / commute,131.72
meera@example.com,Meera Iyer,2018-12-24,Food & Groceries,Supermarket run,1717.17
meera@example.com,Meera Iyer,2018-12-25,Transport,Fuel / commute,134.16
meera@example.com,Meera Iyer,2018-12-27,Entertainment,Movies / dining out,498.83
meera@example.com,Meera Iyer,2018-12-29,Transport,Fuel / commute,104.24
meera@example.com,Meera Iyer,2019-01-01,Rent,Monthly rent,10871.61
meera@example.com,Meera Iyer,2019-01-02,Transport,Fuel / commute,134.69
meera@example.com,Meera Iyer,2019-01-03,Food & Groceries,Supermarket run,1625.08
meera@example.com,Meera Iyer,2019-01-04,Transport,Fuel / commute,125.57
meera@example.com,Meera Iyer,2019-01-05,Rent,Society maintenance,2550.49
meera@example.com,Meera Iyer,2019-01-06,Food & Groceries,Vegetables and fruit,560.78
meera@example.com,Meera Iyer,2019-01-07,Entertainment,Movies / dining out,488.99
meera@example.com,Meera Iyer,2019-01-08,Utilities,Electricity bill,1193.54
meera@example.com,Meera Iyer,2019-01-08,Transport,Fuel / commute,129.96
meera@example.com,Meera Iyer,2019-01-10,Utilities,Broadband internet,1019.99
meera@example.com,Meera Iyer,2019-01-10,Food & Groceries,Supermarket run,1808.47
meera@example.com,Meera Iyer,2019-01-11,Transport,Fuel / commute,122.36
meera@example.com,Meera Iyer,2019-01-12,Health,Doctor visit,745.52
meera@example.com,Meera Iyer,2019-01-15,Transport,Fuel / commute,111.61
meera@example.com,Meera Iyer,2019-01-16,Entertainment,Movies / dining out,469.32
meera@example.com,Meera Iyer,2019-01-17,Food & Groceries,Supermarket run,1771.76
meera@example.com,Meera Iyer,2019-01-18,Transport,Fuel / commute,117.62
meera@example.com,Meera Iyer,2019-01-20,Food & Groceries,Vegetables and fruit,582.81
meera@example.com,Meera Iyer,2019-01-22,Transport,Fuel / commute,121.71
meera@example.com,Meera Iyer,2019-01-24,Food & Groceries,Supermarket run,1529.96
meera@example.com,Meera Iyer,2019-01-24,Food & Groceries,Kirana store top-up,1102.2
meera@example.com,Meera Iyer,2019-01-25,Transport,Fuel / commute,120.92
meera@example.com,Meera Iyer,2019-01-27,Entertainment,Movies / dining out,471.33
meera@example.com,Meera Iyer,2019-01-29,Transport,Fuel / commute,93.95
meera@example.com,Meera Iyer,2019-02-01,Rent,Monthly rent,10959.37
meera@example.com,Meera Iyer,2019-02-02,Transport,Fuel / commute,123.79
meera@example.com,Meera Iyer,2019-02-03,Food & Groceries,Supermarket run,1795.98
meera@example.com,Meera Iyer,2019-02-04,Transport,Fuel / commute,116.66
meera@example.com,Meera Iyer,2019-02-06,Food & Groceries,Vegetables and fruit,476.01
meera@example.com,Meera Iyer,2019-02-07,Entertainment,Movies / dining out,549.87
meera@example.com,Meera Iyer,2019-02-08,Utilities,Electricity bill,1080.69
meera@example.com,Meera Iyer,2019-02-08,Transport,Fuel / commute,105.72
meera@example.com,Meera Iyer,2019-02-10,Utilities,Broadband internet,1015.26
meera@example.com,Meera Iyer,2019-02-10,Food & Groceries,Supermarket run,1895.35
meera@example.com,Meera Iyer,2019-02-11,Transport,Fuel / commute,122.86
meera@example.com,Meera Iyer,2019-02-12,Health,Doctor visit,762.9
meera@example.com,Meera Iyer,2019-02-15,Transport,Fuel / commute,123.58
meera@example.com,Meera Iyer,2019-02-16,Entertainment,Movies / dining out,430.35
meera@example.com,Meera Iyer,2019-02-17,Food & Groceries,Supermarket run,1773.63
meera@example.com,Meera Iyer,2019-02-18,Transport,Fuel / commute,135.71
meera@example.com,Meera Iyer,2019-02-20,Food & Groceries,Vegetables and fruit,483.99
meera@example.com,Meera Iyer,2019-02-22,Transport,Fuel / commute,123.9
meera@example.com,Meera Iyer,2019-02-24,Food & Groceries,Supermarket run,1718.46
meera@example.com,Meera Iyer,2019-02-25,Transport,Fuel / commute,139.87
meera@example.com,Meera Iyer,2019-02-27,Entertainment,Movies / dining out,652.27
meera@example.com,Meera Iyer,2019-03-01,Rent,Monthly rent,10888.23
meera@example.com,Meera Iyer,2019-03-02,Transport,Fuel / commute,131.1
meera@example.com,Meera Iyer,2019-03-03,Food & Groceries,Supermarket run,1832.83
meera@example.com,Meera Iyer,2019-03-04,Transport,Fuel / commute,118.79
meera@example.com,Meera Iyer,2019-03-06,Food & Groceries,Vegetables and fruit,629.69
meera@example.com,Meera Iyer,2019-03-07,Entertainment,Movies / dining out,521.54
meera@example.com,Meera Iyer,2019-03-08,Utilities,Electricity bill,1149.42
meera@example.com,Meera Iyer,2019-03-08,Transport,Fuel / commute,141.78
meera@example.com,Meera Iyer,2019-03-10,Utilities,Broadband internet,1026.94
meera@example.com,Meera Iyer,2019-03-10,Food & Groceries,Supermarket run,1962.84
meera@example.com,Meera Iyer,2019-03-11,Transport,Fuel / commute,131.71
meera@example.com,Meera Iyer,2019-03-15,Transport,Fuel / commute,104.89
meera@example.com,Meera Iyer,2019-03-16,Entertainment,Movies / dining out,428.59
meera@example.com,Meera Iyer,2019-03-17,Food & Groceries,Supermarket run,1802.12
meera@example.com,Meera Iyer,2019-03-18,Transport,Fuel / commute,124.74
meera@example.com,Meera Iyer,2019-03-20,Food & Groceries,Vegetables and fruit,568.91
meera@example.com,Meera Iyer,2019-03-22,Transport,Fuel / commute,146.57
meera@example.com,Meera Iyer,2019-03-24,Food & Groceries,Supermarket run,1915.43
meera@example.com,Meera Iyer,2019-03-25,Transport,Fuel / commute,119.71
meera@example.com,Meera Iyer,2019-03-27,Entertainment,Movies / dining out,519.48
meera@example.com,Meera Iyer,2019-03-29,Transport,Fuel / commute,128.94
meera@example.com,Meera Iyer,2019-04-01,Rent,Monthly rent,10924.05
meera@example.com,Meera Iyer,2019-04-02,Transport,Fuel / commute,114.78
meera@example.com,Meera Iyer,2019-04-03,Food & Groceries,Supermarket run,1917.91
meera@example.com,Meera Iyer,2019-04-04,Transport,Fuel / commute,122.11
meera@example.com,Meera Iyer,2019-04-05,Rent,Society maintenance,2497.4
meera@example.com,Meera Iyer,2019-04-06,Food & Groceries,Vegetables and fruit,591.33
meera@example.com,Meera Iyer,2019-04-07,Entertainment,Movies / dining out,573.68
meera@example.com,Meera Iyer,2019-04-08,Utilities,Electricity bill,1412.75
meera@example.com,Meera Iyer,2019-04-08,Transport,Fuel / commute,142.7
meera@example.com,Meera Iyer,2019-04-10,Utilities,Broadband internet,1033.77
meera@example.com,Meera Iyer,2019-04-10,Food & Groceries,Supermarket run,1960.72
meera@example.com,Meera Iyer,2019-04-11,Transport,Fuel / commute,149.39
meera@example.com,Meera Iyer,2019-04-12,Health,Doctor visit,660.66
meera@example.com,Meera Iyer,2019-04-15,Transport,Fuel / commute,129.45
meera@example.com,Meera Iyer,2019-04-16,Entertainment,Movies / dining out,548.45
meera@example.com,Meera Iyer,2019-04-17,Food & Groceries,Supermarket run,2159.77
meera@example.com,Meera Iyer,2019-04-18,Transport,Fuel / commute,117.29
meera@example.com,Meera Iyer,2019-04-20,Food & Groceries,Vegetables and fruit,544.65
meera@example.com,Meera Iyer,2019-04-22,Transport,Fuel / commute,159.58
meera@example.com,Meera Iyer,2019-04-24,Food & Groceries,Supermarket run,1806.8
meera@example.com,Meera Iyer,2019-04-25,Transport,Fuel / commute,116.54
meera@example.com,Meera Iyer,2019-04-27,Entertainment,Movies / dining out,633.92
meera@example.com,Meera Iyer,2019-04-29,Transport,Fuel / commute,114.42
meera@example.com,Meera Iyer,2019-05-01,Rent,Monthly rent,10946.28
meera@example.com,Meera Iyer,2019-05-02,Transport,Fuel / commute,132.35
meera@example.com,Meera Iyer,2019-05-03,Food & Groceries,Supermarket run,2112.9
meera@example.com,Meera Iyer,2019-05-04,Transport,Fuel / commute,113.15
meera@example.com,Meera Iyer,2019-05-06,Food & Groceries,Vegetables and fruit,676.32
meera@example.com,Meera Iyer,2019-05-07,Entertainment,Movies / dining out,518.54
meera@example.com,Meera Iyer,2019-05-08,Utilities,Electricity bill,1489.91
meera@example.com,Meera Iyer,2019-05-08,Transport,Fuel / commute,124.49
meera@example.com,Meera Iyer,2019-05-10,Utilities,Broadband internet,1041.01
meera@example.com,Meera Iyer,2019-05-10,Food & Groceries,Supermarket run,2117.87
meera@example.com,Meera Iyer,2019-05-11,Transport,Fuel / commute,113.94
meera@example.com,Meera Iyer,2019-05-12,Health,Doctor visit,695.3
meera@example.com,Meera Iyer,2019-05-15,Transport,Fuel / commute,131.62
meera@example.com,Meera Iyer,2019-05-16,Entertainment,Movies / dining out,648.7
meera@example.com,Meera Iyer,2019-05-17,Food & Groceries,Supermarket run,1810.67
meera@example.com,Meera Iyer,2019-05-18,Transport,Fuel / commute,125.33
meera@example.com,Meera Iyer,2019-05-20,Food & Groceries,Vegetables and fruit,535.17
meera@example.com,Meera Iyer,2019-05-22,Transport,Fuel / commute,116.68
meera@example.com,Meera Iyer,2019-05-24,Food & Groceries,Supermarket run,1880.91
meera@example.com,Meera Iyer,2019-05-25,Transport,Fuel / commute,107.77
meera@example.com,Meera Iyer,2019-05-27,Entertainment,Movies / dining out,573.15
meera@example.com,Meera Iyer,2019-05-29,Transport,Fuel / commute,127.27
meera@example.com,Meera Iyer,2019-06-01,Rent,Monthly rent,11094.93
meera@example.com,Meera Iyer,2019-06-02,Transport,Fuel / commute,130.41
meera@example.com,Meera Iyer,2019-06-03,Food & Groceries,Supermarket run,2242.71
meera@example.com,Meera Iyer,2019-06-04,Transport,Fuel / commute,137.56
meera@example.com,Meera Iyer,2019-06-06,Food & Groceries,Vegetables and fruit,641.2
meera@example.com,Meera Iyer,2019-06-07,Entertainment,Movies / dining out,522.45
meera@example.com,Meera Iyer,2019-06-08,Utilities,Electricity bill,1562.22
meera@example.com,Meera Iyer,2019-06-08,Transport,Fuel / commute,134.93
meera@example.com,Meera Iyer,2019-06-10,Utilities,Broadband internet,1037.5
meera@example.com,Meera Iyer,2019-06-10,Food & Groceries,Supermarket run,2183.98
meera@example.com,Meera Iyer,2019-06-11,Transport,Fuel / commute,117.25
meera@example.com,Meera Iyer,2019-06-12,Health,Doctor visit,714.16
meera@example.com,Meera Iyer,2019-06-15,Transport,Fuel / commute,103.82
meera@example.com,Meera Iyer,2019-06-16,Entertainment,Movies / dining out,490.89
meera@example.com,Meera Iyer,2019-06-17,Food & Groceries,Supermarket run,2220.96
meera@example.com,Meera Iyer,2019-06-18,Transport,Fuel / commute,130.02
meera@example.com,Meera Iyer,2019-06-20,Food & Groceries,Vegetables and fruit,629.7
meera@example.com,Meera Iyer,2019-06-22,Transport,Fuel / commute,131.89
meera@example.com,Meera Iyer,2019-06-24,Food & Groceries,Supermarket run,2136.61
meera@example.com,Meera Iyer,2019-06-25,Transport,Fuel / commute,139.98
meera@example.com,Meera Iyer,2019-06-27,Entertainment,Movies / dining out,383.08
meera@example.com,Meera Iyer,2019-06-29,Transport,Fuel / commute,109.87
meera@example.com,Meera Iyer,2019-07-01,Rent,Monthly rent,11160.47
meera@example.com,Meera Iyer,2019-07-02,Transport,Fuel / commute,118.16
meera@example.com,Meera Iyer,2019-07-03,Food & Groceries,Supermarket run,2013.23
meera@example.com,Meera Iyer,2019-07-04,Transport,Fuel / commute,130.14
meera@example.com,Meera Iyer,2019-07-05,Rent,Society maintenance,2322.69
meera@example.com,Meera Iyer,2019-07-06,Food & Groceries,Vegetables and fruit,534.45
meera@example.com,Meera Iyer,2019-07-07,Entertainment,Movies / dining out,515.79
meera@example.com,Meera Iyer,2019-07-08,Utilities,Electricity bill,1765.36
meera@example.com,Meera Iyer,2019-07-08,Transport,Fuel / commute,106.14
meera@example.com,Meera Iyer,2019-07-10,Utilities,Broadband internet,1039.08
meera@example.com,Meera Iyer,2019-07-10,Food & Groceries,Supermarket run,2145.42
meera@example.com,Meera Iyer,2019-07-11,Transport,Fuel / commute,134.9
meera@example.com,Meera Iyer,2019-07-12,Health,Doctor visit,872.52
meera@example.com,Meera Iyer,2019-07-15,Transport,Fuel / commute,106.6
meera@example.com,Meera Iyer,2019-07-16,Entertainment,Movies / dining out,530.57
meera@example.com,Meera Iyer,2019-07-17,Food & Groceries,Supermarket run,2203.25
meera@example.com,Meera Iyer,2019-07-18,Transport,Fuel / commute,148.74
meera@example.com,Meera Iyer,2019-07-20,Food & Groceries,Vegetables and fruit,589.04
meera@example.com,Meera Iyer,2019-07-22,Transport,Fuel / commute,98.67
meera@example.com,Meera Iyer,2019-07-24,Food & Groceries,Supermarket run,1945.08
meera@example.com,Meera Iyer,2019-07-25,Transport,Fuel / commute,107.96
meera@example.com,Meera Iyer,2019-07-27,Entertainment,Movies / dining out,498.05
meera@example.com,Meera Iyer,2019-07-29,Transport,Fuel / commute,130.47
meera@example.com,Meera Iyer,2019-08-01,Rent,Monthly rent,11162.63
meera@example.com,Meera Iyer,2019-08-02,Transport,Fuel / commute,95.24
meera@example.com,Meera Iyer,2019-08-03,Food & Groceries,Supermarket run,2136.31
meera@example.com,Meera Iyer,2019-08-04,Transport,Fuel / commute,123.89
meera@example.com,Meera Iyer,2019-08-06,Food & Groceries,Vegetables and fruit,588.39
meera@example.com,Meera Iyer,2019-08-07,Entertainment,Movies / dining out,461.23
meera@example.com,Meera Iyer,2019-08-08,Utilities,Electricity bill,1767.79
meera@example.com,Meera Iyer,2019-08-08,Transport,Fuel / commute,124.12
meera@example.com,Meera Iyer,2019-08-10,Utilities,Broadband internet,1049.89
meera@example.com,Meera Iyer,2019-08-10,Food & Groceries,Supermarket run,2066.66
meera@example.com,Meera Iyer,2019-08-11,Transport,Fuel / commute,113.84
meera@example.com,Meera Iyer,2019-08-12,Health,Doctor visit,723.19
meera@example.com,Meera Iyer,2019-08-15,Transport,Fuel / commute,160.4
meera@example.com,Meera Iyer,2019-08-16,Entertainment,Movies / dining out,449.26
meera@example.com,Meera Iyer,2019-08-17,Food & Groceries,Supermarket run,2267.84
meera@example.com,Meera Iyer,2019-08-18,Transport,Fuel / commute,123.73
meera@example.com,Meera Iyer,2019-08-20,Food & Groceries,Vegetables and fruit,652.6
meera@example.com,Meera Iyer,2019-08-21,Health,Pharmacy / lab tests,1812.23
meera@example.com,Meera Iyer,2019-08-22,Transport,Fuel / commute,118.62
meera@example.com,Meera Iyer,2019-08-24,Food & Groceries,Supermarket run,2337.56
meera@example.com,Meera Iyer,2019-08-25,Transport,Fuel / commute,125.11
meera@example.com,Meera Iyer,2019-08-27,Entertainment,Movies / dining out,577.28
meera@example.com,Meera Iyer,2019-08-29,Transport,Fuel / commute,94.75
meera@example.com,Meera Iyer,2019-09-01,Rent,Monthly rent,11233.04
meera@example.com,Meera Iyer,2019-09-02,Transport,Fuel / commute,124.93
meera@example.com,Meera Iyer,2019-09-03,Food & Groceries,Supermarket run,1950.45
meera@example.com,Meera Iyer,2019-09-04,Transport,Fuel / commute,114.78
meera@example.com,Meera Iyer,2019-09-06,Food & Groceries,Vegetables and fruit,558.64
meera@example.com,Meera Iyer,2019-09-07,Entertainment,Movies / dining out,466.74
meera@example.com,Meera Iyer,2019-09-08,Utilities,Electricity bill,1541.35
meera@example.com,Meera Iyer,2019-09-08,Transport,Fuel / commute,122.58
meera@example.com,Meera Iyer,2019-09-10,Utilities,Broadband internet,1054.49
meera@example.com,Meera Iyer,2019-09-10,Food & Groceries,Supermarket run,2046.78
meera@example.com,Meera Iyer,2019-09-11,Transport,Fuel / commute,126.58
meera@example.com,Meera Iyer,2019-09-12,Health,Doctor visit,759.82
meera@example.com,Meera Iyer,2019-09-15,Transport,Fuel / commute,122.92
meera@example.com,Meera Iyer,2019-09-16,Entertainment,Movies / dining out,490.13
meera@example.com,Meera Iyer,2019-09-17,Food & Groceries,Supermarket run,2179.26
meera@example.com,Meera Iyer,2019-09-18,Transport,Fuel / commute,124.72
meera@example.com,Meera Iyer,2019-09-19,Food & Groceries,Kirana store top-up,1286.05
meera@example.com,Meera Iyer,2019-09-20,Food & Groceries,Vegetables and fruit,600.68
meera@example.com,Meera Iyer,2019-09-22,Transport,Fuel / commute,103.51
meera@example.com,Meera Iyer,2019-09-24,Food & Groceries,Supermarket run,2180.24
meera@example.com,Meera Iyer,2019-09-25,Transport,Fuel / commute,110.73
meera@example.com,Meera Iyer,2019-09-27,Entertainment,Movies / dining out,504.43
meera@example.com,Meera Iyer,2019-09-29,Transport,Fuel / commute,122.95
meera@example.com,Meera Iyer,2019-10-01,Rent,Monthly rent,11206.7
meera@example.com,Meera Iyer,2019-10-02,Transport,Fuel / commute,110.93
meera@example.com,Meera Iyer,2019-10-03,Food & Groceries,Supermarket run,2756.42
meera@example.com,Meera Iyer,2019-10-04,Transport,Fuel / commute,141.0
meera@example.com,Meera Iyer,2019-10-05,Rent,Society maintenance,2342.53
meera@example.com,Meera Iyer,2019-10-06,Food & Groceries,Vegetables and fruit,580.75
meera@example.com,Meera Iyer,2019-10-07,Entertainment,Movies / dining out,703.43
meera@example.com,Meera Iyer,2019-10-08,Utilities,Electricity bill,1414.88
meera@example.com,Meera Iyer,2019-10-08,Transport,Fuel / commute,114.1
meera@example.com,Meera Iyer,2019-10-10,Utilities,Broadband internet,1048.88
meera@example.com,Meera Iyer,2019-10-10,Food & Groceries,Supermarket run,2819.59
meera@example.com,Meera Iyer,2019-10-11,Transport,Fuel / commute,130.94
meera@example.com,Meera Iyer,2019-10-12,Health,Doctor visit,707.84
meera@example.com,Meera Iyer,2019-10-15,Transport,Fuel / commute,124.59
meera@example.com,Meera Iyer,2019-10-16,Entertainment,Movies / dining out,666.67
meera@example.com,Meera Iyer,2019-10-17,Food & Groceries,Supermarket run,2684.37
meera@example.com,Meera Iyer,2019-10-18,Transport,Fuel / commute,109.79
meera@example.com,Meera Iyer,2019-10-20,Food & Groceries,Vegetables and fruit,585.05
meera@example.com,Meera Iyer,2019-10-22,Transport,Fuel / commute,116.48
meera@example.com,Meera Iyer,2019-10-24,Food & Groceries,Supermarket run,2862.21
meera@example.com,Meera Iyer,2019-10-25,Transport,Fuel / commute,146.51
meera@example.com,Meera Iyer,2019-10-27,Entertainment,Movies / dining out,959.83
meera@example.com,Meera Iyer,2019-10-29,Transport,Fuel / commute,128.7
meera@example.com,Meera Iyer,2019-11-01,Rent,Monthly rent,11341.56
meera@example.com,Meera Iyer,2019-11-02,Transport,Fuel / commute,133.36
meera@example.com,Meera Iyer,2019-11-03,Food & Groceries,Supermarket run,2594.86
meera@example.com,Meera Iyer,2019-11-04,Transport,Fuel / commute,152.15
meera@example.com,Meera Iyer,2019-11-06,Food & Groceries,Vegetables and fruit,663.42
meera@example.com,Meera Iyer,2019-11-07,Entertainment,Movies / dining out,840.5
meera@example.com,Meera Iyer,2019-11-08,Utilities,Electricity bill,1236.65
meera@example.com,Meera Iyer,2019-11-08,Transport,Fuel / commute,120.28
meera@example.com,Meera Iyer,2019-11-10,Utilities,Broadband internet,1061.11
meera@example.com,Meera Iyer,2019-11-10,Food & Groceries,Supermarket run,2633.6
meera@example.com,Meera Iyer,2019-11-11,Transport,Fuel / commute,150.7
meera@example.com,Meera Iyer,2019-11-12,Health,Doctor visit,794.47
meera@example.com,Meera Iyer,2019-11-15,Transport,Fuel / commute,134.34
meera@example.com,Meera Iyer,2019-11-16,Entertainment,Movies / dining out,626.48
meera@example.com,Meera Iyer,2019-11-17,Food & Groceries,Supermarket run,2528.54
meera@example.com,Meera Iyer,2019-11-18,Transport,Fuel / commute,175.64
meera@example.com,Meera Iyer,2019-11-20,Food & Groceries,Vegetables and fruit,655.28
meera@example.com,Meera Iyer,2019-11-22,Transport,Fuel / commute,108.08
meera@example.com,Meera Iyer,2019-11-24,Food & Groceries,Supermarket run,2530.52
meera@example.com,Meera Iyer,2019-11-25,Transport,Fuel / commute,115.7
meera@example.com,Meera Iyer,2019-11-27,Entertainment,Movies / dining out,755.07
meera@example.com,Meera Iyer,2019-11-29,Transport,Fuel / commute,132.47
meera@example.com,Meera Iyer,2019-12-01,Rent,Monthly rent,11314.45
meera@example.com,Meera Iyer,2019-12-02,Transport,Fuel / commute,126.61
meera@example.com,Meera Iyer,2019-12-03,Food & Groceries,Supermarket run,1783.7
meera@example.com,Meera Iyer,2019-12-04,Transport,Fuel / commute,130.55
meera@example.com,Meera Iyer,2019-12-06,Food & Groceries,Vegetables and fruit,571.16
meera@example.com,Meera Iyer,2019-12-07,Entertainment,Movies / dining out,503.21
meera@example.com,Meera Iyer,2019-12-08,Utilities,Electricity bill,1171.93
meera@example.com,Meera Iyer,2019-12-08,Transport,Fuel / commute,158.38
meera@example.com,Meera Iyer,2019-12-10,Utilities,Broadband internet,1078.21
meera@example.com,Meera Iyer,2019-12-10,Food & Groceries,Supermarket run,1756.08
meera@example.com,Meera Iyer,2019-12-11,Transport,Fuel / commute,131.71
meera@example.com,Meera Iyer,2019-12-12,Health,Doctor visit,768.23
meera@example.com,Meera Iyer,2019-12-15,Transport,Fuel / commute,90.47
meera@example.com,Meera Iyer,2019-12-16,Entertainment,Movies / dining out,543.66
meera@example.com,Meera Iyer,2019-12-17,Food & Groceries,Supermarket run,1922.73
meera@example.com,Meera Iyer,2019-12-18,Transport,Fuel / commute,131.56
meera@example.com,Meera Iyer,2019-12-20,Food & Groceries,Vegetables and fruit,600.18
meera@example.com,Meera Iyer,2019-12-22,Transport,Fuel / commute,127.18
meera@example.com,Meera Iyer,2019-12-24,Food & Groceries,Supermarket run,1725.88
meera@example.com,Meera Iyer,2019-12-25,Transport,Fuel / commute,127.26
meera@example.com,Meera Iyer,2019-12-27,Entertainment,Movies / dining out,473.47
meera@example.com,Meera Iyer,2019-12-29,Transport,Fuel / commute,130.34
meera@example.com,Meera Iyer,2020-01-01,Rent,Monthly rent,11400.15
meera@example.com,Meera Iyer,2020-01-02,Transport,Fuel / commute,119.99
meera@example.com,Meera Iyer,2020-01-03,Food & Groceries,Supermarket run,1908.0
meera@example.com,Meera Iyer,2020-01-04,Transport,Fuel / commute,111.61
meera@example.com,Meera Iyer,2020-01-05,Rent,Society maintenance,2224.52
meera@example.com,Meera Iyer,2020-01-06,Food & Groceries,Vegetables and fruit,613.97
meera@example.com,Meera Iyer,2020-01-07,Entertainment,Movies / dining out,523.22
meera@example.com,Meera Iyer,2020-01-08,Utilities,Electricity bill,1283.69
meera@example.com,Meera Iyer,2020-01-08,Transport,Fuel / commute,107.76
meera@example.com,Meera Iyer,2020-01-10,Utilities,Broadband internet,1070.2
meera@example.com,Meera Iyer,2020-01-10,Food & Groceries,Supermarket run,1657.5
meera@example.com,Meera Iyer,2020-01-11,Transport,Fuel / commute,126.33
meera@example.com,Meera Iyer,2020-01-12,Health,Doctor visit,737.15
meera@example.com,Meera Iyer,2020-01-15,Transport,Fuel / commute,119.97
meera@example.com,Meera Iyer,2020-01-16,Entertainment,Movies / dining out,504.9
meera@example.com,Meera Iyer,2020-01-17,Food & Groceries,Supermarket run,1673.68
meera@example.com,Meera Iyer,2020-01-18,Transport,Fuel / commute,116.62
meera@example.com,Meera Iyer,2020-01-20,Food & Groceries,Vegetables and fruit,605.1
meera@example.com,Meera Iyer,2020-01-22,Transport,Fuel / commute,150.66
meera@example.com,Meera Iyer,2020-01-24,Food & Groceries,Supermarket run,1648.3
meera@example.com,Meera Iyer,2020-01-25,Transport,Fuel / commute,125.82
meera@example.com,Meera Iyer,2020-01-27,Entertainment,Movies / dining out,404.74
meera@example.com,Meera Iyer,2020-01-29,Transport,Fuel / commute,146.44
meera@example.com,Meera Iyer,2020-02-01,Rent,Monthly rent,11424.56
meera@example.com,Meera Iyer,2020-02-02,Transport,Fuel / commute,117.73
meera@example.com,Meera Iyer,2020-02-03,Food & Groceries,Supermarket run,1844.47
meera@example.com,Meera Iyer,2020-02-04,Transport,Fuel / commute,153.47
meera@example.com,Meera Iyer,2020-02-06,Food & Groceries,Vegetables and fruit,615.23
meera@example.com,Meera Iyer,2020-02-07,Entertainment,Movies / dining out,426.11
meera@example.com,Meera Iyer,2020-02-08,Utilities,Electricity bill,1184.17
meera@example.com,Meera Iyer,2020-02-08,Transport,Fuel / commute,111.47
meera@example.com,Meera Iyer,2020-02-10,Utilities,Broadband internet,1078.76
meera@example.com,Meera Iyer,2020-02-10,Food & Groceries,Supermarket run,1825.7
meera@example.com,Meera Iyer,2020-02-11,Transport,Fuel / commute,134.09
meera@example.com,Meera Iyer,2020-02-12,Health,Doctor visit,789.93
meera@example.com,Meera Iyer,2020-02-15,Transport,Fuel / commute,122.64
meera@example.com,Meera Iyer,2020-02-16,Entertainment,Movies / dining out,480.87
meera@example.com,Meera Iyer,2020-02-17,Food & Groceries,Supermarket run,1797.84
meera@example.com,Meera Iyer,2020-02-18,Transport,Fuel / commute,154.47
meera@example.com,Meera Iyer,2020-02-20,Food & Groceries,Vegetables and fruit,607.0
meera@example.com,Meera Iyer,2020-02-22,Transport,Fuel / commute,113.71
meera@example.com,Meera Iyer,2020-02-24,Food & Groceries,Supermarket run,1848.99
meera@example.com,Meera Iyer,2020-02-25,Transport,Fuel / commute,116.29
meera@example.com,Meera Iyer,2020-02-27,Entertainment,Movies / dining out,378.4
meera@example.com,Meera Iyer,2020-02-29,Transport,Fuel / commute,112.7
meera@example.com,Meera Iyer,2020-03-01,Rent,Monthly rent,11485.86
meera@example.com,Meera Iyer,2020-03-02,Transport,Fuel / commute,90.56
meera@example.com,Meera Iyer,2020-03-03,Food & Groceries,Supermarket run,2076.18
meera@example.com,Meera Iyer,2020-03-04,Transport,Fuel / commute,120.68
meera@example.com,Meera Iyer,2020-03-06,Food & Groceries,Vegetables and fruit,623.96
meera@example.com,Meera Iyer,2020-03-07,Entertainment,Movies / dining out,604.32
meera@example.com,Meera Iyer,2020-03-08,Utilities,Electricity bill,1274.69
meera@example.com,Meera Iyer,2020-03-08,Transport,Fuel / commute,139.7
meera@example.com,Meera Iyer,2020-03-10,Utilities,Broadband internet,1075.83
meera@example.com,Meera Iyer,2020-03-10,Food & Groceries,Supermarket run,1925.28
meera@example.com,Meera Iyer,2020-03-11,Transport,Fuel / commute,122.59
meera@example.com,Meera Iyer,2020-03-12,Health,Doctor visit,801.16
meera@example.com,Meera Iyer,2020-03-15,Transport,Fuel / commute,140.32
meera@example.com,Meera Iyer,2020-03-16,Entertainment,Movies / dining out,407.18
meera@example.com,Meera Iyer,2020-03-17,Food & Groceries,Supermarket run,1939.6
meera@example.com,Meera Iyer,2020-03-18,Transport,Fuel / commute,130.3
meera@example.com,Meera Iyer,2020-03-20,Food & Groceries,Vegetables and fruit,562.81
meera@example.com,Meera Iyer,2020-03-22,Transport,Fuel / commute,147.8
meera@example.com,Meera Iyer,2020-03-24,Food & Groceries,Supermarket run,2008.41
meera@example.com,Meera Iyer,2020-03-25,Transport,Fuel / commute,123.48
meera@example.com,Meera Iyer,2020-03-27,Entertainment,Movies / dining out,483.88
meera@example.com,Meera Iyer,2020-03-29,Transport,Fuel / commute,135.2
meera@example.com,Meera Iyer,2020-04-01,Rent,Monthly rent,11524.17
meera@example.com,Meera Iyer,2020-04-02,Transport,Fuel / commute,137.09
meera@example.com,Meera Iyer,2020-04-03,Food & Groceries,Supermarket run,2171.03
meera@example.com,Meera Iyer,2020-04-04,Transport,Fuel / commute,130.82
meera@example.com,Meera Iyer,2020-04-05,Rent,Society maintenance,2336.64
meera@example.com,Meera Iyer,2020-04-06,Food & Groceries,Vegetables and fruit,483.92
meera@example.com,Meera Iyer,2020-04-07,Entertainment,Movies / dining out,475.5
meera@example.com,Meera Iyer,2020-04-08,Utilities,Electricity bill,1496.24
meera@example.com,Meera Iyer,2020-04-08,Transport,Fuel / commute,132.73
meera@example.com,Meera Iyer,2020-04-10,Utilities,Broadband internet,1087.69
meera@example.com,Meera Iyer,2020-04-10,Food & Groceries,Supermarket run,2109.53
meera@example.com,Meera Iyer,2020-04-11,Transport,Fuel / commute,148.85
meera@example.com,Meera Iyer,2020-04-12,Health,Doctor visit,776.22
meera@example.com,Meera Iyer,2020-04-15,Transport,Fuel / commute,134.37
meera@example.com,Meera Iyer,2020-04-16,Entertainment,Movies / dining out,475.61
meera@example.com,Meera Iyer,2020-04-17,Food & Groceries,Supermarket run,2237.3
meera@example.com,Meera Iyer,2020-04-18,Transport,Fuel / commute,140.8
meera@example.com,Meera Iyer,2020-04-20,Food & Groceries,Vegetables and fruit,586.88
meera@example.com,Meera Iyer,2020-04-22,Transport,Fuel / commute,114.0
meera@example.com,Meera Iyer,2020-04-24,Food & Groceries,Supermarket run,1918.38
meera@example.com,Meera Iyer,2020-04-25,Transport,Fuel / commute,111.59
meera@example.com,Meera Iyer,2020-04-27,Entertainment,Movies / dining out,473.9
meera@example.com,Meera Iyer,2020-04-29,Transport,Fuel / commute,153.37
meera@example.com,Meera Iyer,2020-05-01,Rent,Monthly rent,11550.42
meera@example.com,Meera Iyer,2020-05-02,Transport,Fuel / commute,131.73
meera@example.com,Meera Iyer,2020-05-03,Food & Groceries,Supermarket run,2371.29
meera@example.com,Meera Iyer,2020-05-04,Transport,Fuel / commute,173.17
meera@example.com,Meera Iyer,2020-05-06,Food & Groceries,Vegetables and fruit,562.6
meera@example.com,Meera Iyer,2020-05-07,Entertainment,Movies / dining out,528.19
meera@example.com,Meera Iyer,2020-05-08,Utilities,Electricity bill,1576.2
meera@example.com,Meera Iyer,2020-05-08,Transport,Fuel / commute,133.61
meera@example.com,Meera Iyer,2020-05-10,Utilities,Broadband internet,1073.13
meera@example.com,Meera Iyer,2020-05-10,Food & Groceries,Supermarket run,2063.65
meera@example.com,Meera Iyer,2020-05-11,Transport,Fuel / commute,153.81
meera@example.com,Meera Iyer,2020-05-12,Health,Doctor visit,868.61
meera@example.com,Meera Iyer,2020-05-15,Transport,Fuel / commute,147.61
meera@example.com,Meera Iyer,2020-05-16,Entertainment,Movies / dining out,351.77
meera@example.com,Meera Iyer,2020-05-17,Food & Groceries,Supermarket run,2163.52
meera@example.com,Meera Iyer,2020-05-18,Transport,Fuel / commute,134.65
meera@example.com,Meera Iyer,2020-05-20,Food & Groceries,Vegetables and fruit,584.13
meera@example.com,Meera Iyer,2020-05-22,Transport,Fuel / commute,113.65
meera@example.com,Meera Iyer,2020-05-24,Food & Groceries,Supermarket run,2251.7
meera@example.com,Meera Iyer,2020-05-25,Transport,Fuel / commute,145.35
meera@example.com,Meera Iyer,2020-05-27,Entertainment,Movies / dining out,494.74
meera@example.com,Meera Iyer,2020-05-29,Transport,Fuel / commute,105.77
meera@example.com,Meera Iyer,2020-06-01,Rent,Monthly rent,11600.15
meera@example.com,Meera Iyer,2020-06-02,Transport,Fuel / commute,117.97
meera@example.com,Meera Iyer,2020-06-03,Food & Groceries,Supermarket run,2036.06
meera@example.com,Meera Iyer,2020-06-04,Transport,Fuel / commute,129.8
meera@example.com,Meera Iyer,2020-06-06,Food & Groceries,Vegetables and fruit,657.31
meera@example.com,Meera Iyer,2020-06-07,Entertainment,Movies / dining out,503.82
meera@example.com,Meera Iyer,2020-06-08,Utilities,Electricity bill,1736.22
meera@example.com,Meera Iyer,2020-06-08,Transport,Fuel / commute,124.43
meera@example.com,Meera Iyer,2020-06-10,Utilities,Broadband internet,1080.5
meera@example.com,Meera Iyer,2020-06-10,Food & Groceries,Supermarket run,2089.48
meera@example.com,Meera Iyer,2020-06-11,Transport,Fuel / commute,126.3
meera@example.com,Meera Iyer,2020-06-12,Health,Doctor visit,730.35
meera@example.com,Meera Iyer,2020-06-15,Transport,Fuel / commute,161.06
meera@example.com,Meera Iyer,2020-06-16,Entertainment,Movies / dining out,418.55
meera@example.com,Meera Iyer,2020-06-17,Food & Groceries,Supermarket run,2236.95
meera@example.com,Meera Iyer,2020-06-18,Transport,Fuel / commute,102.06
meera@example.com,Meera Iyer,2020-06-20,Food & Groceries,Vegetables and fruit,643.99
meera@example.com,Meera Iyer,2020-06-21,Health,Pharmacy / lab tests,1562.71
meera@example.com,Meera Iyer,2020-06-22,Transport,Fuel / commute,125.78
meera@example.com,Meera Iyer,2020-06-24,Food & Groceries,Supermarket run,2359.6
meera@example.com,Meera Iyer,2020-06-25,Transport,Fuel / commute,148.24
meera@example.com,Meera Iyer,2020-06-27,Entertainment,Movies / dining out,554.67
meera@example.com,Meera Iyer,2020-06-29,Transport,Fuel / commute,106.66
meera@example.com,Meera Iyer,2020-07-01,Rent,Monthly rent,11576.48
meera@example.com,Meera Iyer,2020-07-02,Transport,Fuel / commute,121.76
meera@example.com,Meera Iyer,2020-07-03,Food & Groceries,Supermarket run,2198.88
meera@example.com,Meera Iyer,2020-07-04,Transport,Fuel / commute,125.77
meera@example.com,Meera Iyer,2020-07-05,Rent,Society maintenance,2627.77
meera@example.com,Meera Iyer,2020-07-06,Food & Groceries,Vegetables and fruit,568.35
meera@example.com,Meera Iyer,2020-07-07,Entertainment,Movies / dining out,467.84
meera@example.com,Meera Iyer,2020-07-08,Utilities,Electricity bill,1841.45
meera@example.com,Meera Iyer,2020-07-08,Transport,Fuel / commute,118.1
meera@example.com,Meera Iyer,2020-07-10,Utilities,Broadband internet,1089.39
meera@example.com,Meera Iyer,2020-07-10,Food & Groceries,Supermarket run,2326.03
meera@example.com,Meera Iyer,2020-07-11,Transport,Fuel / commute,127.38
meera@example.com,Meera Iyer,2020-07-12,Health,Doctor visit,839.61
meera@example.com,Meera Iyer,2020-07-15,Transport,Fuel / commute,159.34
meera@example.com,Meera Iyer,2020-07-16,Entertainment,Movies / dining out,514.75
meera@example.com,Meera Iyer,2020-07-17,Food & Groceries,Supermarket run,2061.06
meera@example.com,Meera Iyer,2020-07-18,Transport,Fuel / commute,151.48
meera@example.com,Meera Iyer,2020-07-20,Food & Groceries,Vegetables and fruit,633.53
meera@example.com,Meera Iyer,2020-07-22,Transport,Fuel / commute,135.42
meera@example.com,Meera Iyer,2020-07-24,Food & Groceries,Supermarket run,2386.9
meera@example.com,Meera Iyer,2020-07-25,Transport,Fuel / commute,129.5
meera@example.com,Meera Iyer,2020-07-27,Entertainment,Movies / dining out,405.98
meera@example.com,Meera Iyer,2020-07-29,Transport,Fuel / commute,143.05
meera@example.com,Meera Iyer,2020-08-01,Rent,Monthly rent,11644.09
meera@example.com,Meera Iyer,2020-08-02,Transport,Fuel / commute,143.2
meera@example.com,Meera Iyer,2020-08-03,Food & Groceries,Supermarket run,1916.38
meera@example.com,Meera Iyer,2020-08-04,Transport,Fuel / commute,149.95
meera@example.com,Meera Iyer,2020-08-06,Food & Groceries,Vegetables and fruit,524.33
meera@example.com,Meera Iyer,2020-08-07,Entertainment,Movies / dining out,469.87
meera@example.com,Meera Iyer,2020-08-08,Utilities,Electricity bill,1718.23
meera@example.com,Meera Iyer,2020-08-08,Transport,Fuel / commute,129.54
meera@example.com,Meera Iyer,2020-08-10,Utilities,Broadband internet,1093.02
meera@example.com,Meera Iyer,2020-08-10,Food & Groceries,Supermarket run,2258.02
meera@example.com,Meera Iyer,2020-08-11,Transport,Fuel / commute,146.22
meera@example.com,Meera Iyer,2020-08-12,Health,Doctor visit,770.34
meera@example.com,Meera Iyer,2020-08-15,Transport,Fuel / commute,107.35
meera@example.com,Meera Iyer,2020-08-16,Entertainment,Movies / dining out,544.99
meera@example.com,Meera Iyer,2020-08-17,Food & Groceries,Supermarket run,2251.29
meera@example.com,Meera Iyer,2020-08-18,Transport,Fuel / commute,141.52
meera@example.com,Meera Iyer,2020-08-20,Food & Groceries,Vegetables and fruit,674.91
meera@example.com,Meera Iyer,2020-08-22,Transport,Fuel / commute,118.3
meera@example.com,Meera Iyer,2020-08-24,Food & Groceries,Supermarket run,2387.06
meera@example.com,Meera Iyer,2020-08-25,Transport,Fuel / commute,104.53
meera@example.com,Meera Iyer,2020-08-27,Entertainment,Movies / dining out,408.31
meera@example.com,Meera Iyer,2020-08-29,Transport,Fuel / commute,112.78
meera@example.com,Meera Iyer,2020-09-01,Rent,Monthly rent,11696.8
meera@example.com,Meera Iyer,2020-09-02,Transport,Fuel / commute,141.1
meera@example.com,Meera Iyer,2020-09-03,Food & Groceries,Supermarket run,2304.96
meera@example.com,Meera Iyer,2020-09-04,Transport,Fuel / commute,133.52
meera@example.com,Meera Iyer,2020-09-06,Food & Groceries,Vegetables and fruit,609.83
meera@example.com,Meera Iyer,2020-09-07,Entertainment,Movies / dining out,539.88
meera@example.com,Meera Iyer,2020-09-08,Utilities,Electricity bill,1607.9
meera@example.com,Meera Iyer,2020-09-08,Transport,Fuel / commute,108.5
meera@example.com,Meera Iyer,2020-09-10,Utilities,Broadband internet,1100.47
meera@example.com,Meera Iyer,2020-09-10,Food & Groceries,Supermarket run,2417.31
meera@example.com,Meera Iyer,2020-09-11,Transport,Fuel / commute,125.68
meera@example.com,Meera Iyer,2020-09-15,Transport,Fuel / commute,129.53
meera@example.com,Meera Iyer,2020-09-16,Entertainment,Movies / dining out,528.45
meera@example.com,Meera Iyer,2020-09-17,Food & Groceries,Supermarket run,2277.26
meera@example.com,Meera Iyer,2020-09-18,Transport,Fuel / commute,122.82
meera@example.com,Meera Iyer,2020-09-20,Food & Groceries,Vegetables and fruit,584.65
meera@example.com,Meera Iyer,2020-09-22,Transport,Fuel / commute,154.1
meera@example.com,Meera Iyer,2020-09-24,Food & Groceries,Supermarket run,2306.01
meera@example.com,Meera Iyer,2020-09-25,Transport,Fuel / commute,138.37
meera@example.com,Meera Iyer,2020-09-27,Entertainment,Movies / dining out,464.52
meera@example.com,Meera Iyer,2020-09-29,Transport,Fuel / commute,152.39
meera@example.com,Meera Iyer,2020-10-01,Rent,Monthly rent,11724.36
meera@example.com,Meera Iyer,2020-10-02,Transport,Fuel / commute,142.97
meera@example.com,Meera Iyer,2020-10-03,Food & Groceries,Supermarket run,2780.09
meera@example.com,Meera Iyer,2020-10-04,Transport,Fuel / commute,122.65
meera@example.com,Meera Iyer,2020-10-05,Rent,Society maintenance,2307.71
meera@example.com,Meera Iyer,2020-10-06,Food & Groceries,Vegetables and fruit,555.5
meera@example.com,Meera Iyer,2020-10-07,Entertainment,Movies / dining out,824.23
meera@example.com,Meera Iyer,2020-10-08,Utilities,Electricity bill,1380.73
meera@example.com,Meera Iyer,2020-10-08,Transport,Fuel / commute,124.42
meera@example.com,Meera Iyer,2020-10-10,Utilities,Broadband internet,1091.13
meera@example.com,Meera Iyer,2020-10-10,Food & Groceries,Supermarket run,2571.19
meera@example.com,Meera Iyer,2020-10-11,Transport,Fuel / commute,139.77
meera@example.com,Meera Iyer,2020-10-12,Health,Doctor visit,827.02
meera@example.com,Meera Iyer,2020-10-15,Transport,Fuel / commute,120.05
meera@example.com,Meera Iyer,2020-10-16,Entertainment,Movies / dining out,742.4
meera@example.com,Meera Iyer,2020-10-17,Food & Groceries,Supermarket run,2650.57
meera@example.com,Meera Iyer,2020-10-18,Transport,Fuel / commute,118.97
meera@example.com,Meera Iyer,2020-10-20,Food & Groceries,Vegetables and fruit,640.86
meera@example.com,Meera Iyer,2020-10-21,Health,Pharmacy / lab tests,1323.75
meera@example.com,Meera Iyer,2020-10-22,Transport,Fuel / commute,150.16
meera@example.com,Meera Iyer,2020-10-24,Food & Groceries,Supermarket run,2753.2
meera@example.com,Meera Iyer,2020-10-25,Transport,Fuel / commute,145.24
meera@example.com,Meera Iyer,2020-10-27,Entertainment,Movies / dining out,795.05
meera@example.com,Meera Iyer,2020-10-29,Transport,Fuel / commute,140.78
meera@example.com,Meera Iyer,2020-11-01,Rent,Monthly rent,11814.37
meera@example.com,Meera Iyer,2020-11-02,Transport,Fuel / commute,138.06
meera@example.com,Meera Iyer,2020-11-03,Food & Groceries,Supermarket run,3050.77
meera@example.com,Meera Iyer,2020-11-04,Transport,Fuel / commute,119.66
meera@example.com,Meera Iyer,2020-11-06,Food & Groceries,Vegetables and fruit,622.09
meera@example.com,Meera Iyer,2020-11-07,Entertainment,Movies / dining out,772.47
meera@example.com,Meera Iyer,2020-11-08,Utilities,Electricity bill,1265.05
meera@example.com,Meera Iyer,2020-11-08,Transport,Fuel / commute,118.97
meera@example.com,Meera Iyer,2020-11-10,Utilities,Broadband internet,1111.0
meera@example.com,Meera Iyer,2020-11-10,Food & Groceries,Supermarket run,2679.29
meera@example.com,Meera Iyer,2020-11-11,Transport,Fuel / commute,147.4
meera@example.com,Meera Iyer,2020-11-12,Health,Doctor visit,853.22
meera@example.com,Meera Iyer,2020-11-15,Transport,Fuel / commute,150.62
meera@example.com,Meera Iyer,2020-11-16,Entertainment,Movies / dining out,627.69
meera@example.com,Meera Iyer,2020-11-17,Food & Groceries,Supermarket run,2896.49
meera@example.com,Meera Iyer,2020-11-18,Transport,Fuel / commute,155.69
meera@example.com,Meera Iyer,2020-11-20,Food & Groceries,Vegetables and fruit,655.13
meera@example.com,Meera Iyer,2020-11-22,Transport,Fuel / commute,160.3
meera@example.com,Meera Iyer,2020-11-24,Food & Groceries,Supermarket run,2544.64
meera@example.com,Meera Iyer,2020-11-25,Transport,Fuel / commute,133.9
meera@example.com,Meera Iyer,2020-11-27,Entertainment,Movies / dining out,623.32
meera@example.com,Meera Iyer,2020-11-29,Transport,Fuel / commute,126.85
meera@example.com,Meera Iyer,2020-12-01,Rent,Monthly rent,11831.77
meera@example.com,Meera Iyer,2020-12-02,Transport,Fuel / commute,150.43
meera@example.com,Meera Iyer,2020-12-03,Food & Groceries,Supermarket run,1996.71
meera@example.com,Meera Iyer,2020-12-04,Transport,Fuel / commute,112.38
meera@example.com,Meera Iyer,2020-12-06,Food & Groceries,Vegetables and fruit,645.43
meera@example.com,Meera Iyer,2020-12-07,Entertainment,Movies / dining out,568.38
meera@example.com,Meera Iyer,2020-12-08,Utilities,Electricity bill,1242.78
meera@example.com,Meera Iyer,2020-12-08,Transport,Fuel / commute,128.05
meera@example.com,Meera Iyer,2020-12-10,Utilities,Broadband internet,1110.24
meera@example.com,Meera Iyer,2020-12-10,Food & Groceries,Supermarket run,2023.02
meera@example.com,Meera Iyer,2020-12-11,Transport,Fuel / commute,117.48
meera@example.com,Meera Iyer,2020-12-12,Health,Doctor visit,787.7
meera@example.com,Meera Iyer,2020-12-15,Transport,Fuel / commute,128.0
meera@example.com,Meera Iyer,2020-12-16,Entertainment,Movies / dining out,556.75
meera@example.com,Meera Iyer,2020-12-17,Food & Groceries,Supermarket run,1809.05
meera@example.com,Meera Iyer,2020-12-18,Transport,Fuel / commute,157.71
meera@example.com,Meera Iyer,2020-12-20,Food & Groceries,Vegetables and fruit,702.97
meera@example.com,Meera Iyer,2020-12-22,Transport,Fuel / commute,109.67
meera@example.com,Meera Iyer,2020-12-24,Food & Groceries,Supermarket run,1808.89
meera@example.com,Meera Iyer,2020-12-25,Transport,Fuel / commute,106.55
meera@example.com,Meera Iyer,2020-12-27,Entertainment,Movies / dining out,603.61
meera@example.com,Meera Iyer,2020-12-29,Transport,Fuel / commute,119.1
meera@example.com,Meera Iyer,2021-01-01,Rent,Monthly rent,11893.09
meera@example.com,Meera Iyer,2021-01-02,Transport,Fuel / commute,117.02
meera@example.com,Meera Iyer,2021-01-03,Food & Groceries,Supermarket run,1903.1
meera@example.com,Meera Iyer,2021-01-04,Transport,Fuel / commute,143.4
meera@example.com,Meera Iyer,2021-01-05,Rent,Society maintenance,2530.95
meera@example.com,Meera Iyer,2021-01-06,Food & Groceries,Vegetables and fruit,584.31
meera@example.com,Meera Iyer,2021-01-07,Entertainment,Movies / dining out,484.86
meera@example.com,Meera Iyer,2021-01-08,Utilities,Electricity bill,1242.44
meera@example.com,Meera Iyer,2021-01-08,Transport,Fuel / commute,124.23
meera@example.com,Meera Iyer,2021-01-10,Utilities,Broadband internet,1112.38
meera@example.com,Meera Iyer,2021-01-10,Food & Groceries,Supermarket run,1807.6
meera@example.com,Meera Iyer,2021-01-11,Transport,Fuel / commute,132.98
meera@example.com,Meera Iyer,2021-01-12,Health,Doctor visit,709.27
meera@example.com,Meera Iyer,2021-01-15,Transport,Fuel / commute,155.28
meera@example.com,Meera Iyer,2021-01-16,Entertainment,Movies / dining out,514.65
meera@example.com,Meera Iyer,2021-01-17,Food & Groceries,Supermarket run,1880.4
meera@example.com,Meera Iyer,2021-01-18,Transport,Fuel / commute,145.57
meera@example.com,Meera Iyer,2021-01-20,Food & Groceries,Vegetables and fruit,660.61
meera@example.com,Meera Iyer,2021-01-22,Transport,Fuel / commute,145.39
meera@example.com,Meera Iyer,2021-01-24,Food & Groceries,Supermarket run,1732.68
meera@example.com,Meera Iyer,2021-01-24,Food & Groceries,Kirana store top-up,1216.7
meera@example.com,Meera Iyer,2021-01-25,Transport,Fuel / commute,163.11
meera@example.com,Meera Iyer,2021-01-27,Entertainment,Movies / dining out,380.87
meera@example.com,Meera Iyer,2021-01-29,Transport,Fuel / commute,121.51
meera@example.com,Meera Iyer,2021-02-01,Rent,Monthly rent,11849.41
meera@example.com,Meera Iyer,2021-02-02,Transport,Fuel / commute,131.2
meera@example.com,Meera Iyer,2021-02-03,Food & Groceries,Supermarket run,1932.64
meera@example.com,Meera Iyer,2021-02-04,Transport,Fuel / commute,136.32
meera@example.com,Meera Iyer,2021-02-06,Food & Groceries,Vegetables and fruit,698.56
meera@example.com,Meera Iyer,2021-02-07,Entertainment,Movies / dining out,478.67
meera@example.com,Meera Iyer,2021-02-08,Utilities,Electricity bill,1344.78
meera@example.com,Meera Iyer,2021-02-08,Transport,Fuel / commute,147.0
meera@example.com,Meera Iyer,2021-02-10,Utilities,Broadband internet,1140.07
meera@example.com,Meera Iyer,2021-02-10,Food & Groceries,Supermarket run,1732.6
meera@example.com,Meera Iyer,2021-02-11,Transport,Fuel / commute,127.69
meera@example.com,Meera Iyer,2021-02-12,Health,Doctor visit,740.77
meera@example.com,Meera Iyer,2021-02-15,Transport,Fuel / commute,108.19
meera@example.com,Meera Iyer,2021-02-16,Entertainment,Movies / dining out,598.36
meera@example.com,Meera Iyer,2021-02-17,Food & Groceries,Supermarket run,1794.8
meera@example.com,Meera Iyer,2021-02-18,Transport,Fuel / commute,143.11
meera@example.com,Meera Iyer,2021-02-20,Food & Groceries,Vegetables and fruit,569.66
meera@example.com,Meera Iyer,2021-02-22,Transport,Fuel / commute,151.16
meera@example.com,Meera Iyer,2021-02-24,Food & Groceries,Supermarket run,1939.61
meera@example.com,Meera Iyer,2021-02-25,Transport,Fuel / commute,131.87
meera@example.com,Meera Iyer,2021-02-27,Entertainment,Movies / dining out,557.51
meera@example.com,Meera Iyer,2021-03-01,Rent,Monthly rent,11859.26
meera@example.com,Meera Iyer,2021-03-02,Transport,Fuel / commute,124.86
meera@example.com,Meera Iyer,2021-03-03,Food & Groceries,Supermarket run,1784.68
meera@example.com,Meera Iyer,2021-03-04,Transport,Fuel / commute,130.89
meera@example.com,Meera Iyer,2021-03-06,Food & Groceries,Vegetables and fruit,672.47
meera@example.com,Meera Iyer,2021-03-07,Entertainment,Movies / dining out,598.91
meera@example.com,Meera Iyer,2021-03-08,Utilities,Electricity bill,1231.86
meera@example.com,Meera Iyer,2021-03-08,Transport,Fuel / commute,102.38
meera@example.com,Meera Iyer,2021-03-10,Utilities,Broadband internet,1117.35
meera@example.com,Meera Iyer,2021-03-10,Food & Groceries,Supermarket run,1978.51
meera@example.com,Meera Iyer,2021-03-11,Transport,Fuel / commute,128.33
meera@example.com,Meera Iyer,2021-03-12,Health,Doctor visit,787.63
meera@example.com,Meera Iyer,2021-03-15,Transport,Fuel / commute,133.77
meera@example.com,Meera Iyer,2021-03-16,Entertainment,Movies / dining out,528.5
meera@example.com,Meera Iyer,2021-03-17,Food & Groceries,Supermarket run,2019.86
meera@example.com,Meera Iyer,2021-03-18,Transport,Fuel / commute,136.36
meera@example.com,Meera Iyer,2021-03-20,Food & Groceries,Vegetables and fruit,663.55
meera@example.com,Meera Iyer,2021-03-22,Transport,Fuel / commute,139.73
meera@example.com,Meera Iyer,2021-03-24,Food & Groceries,Supermarket run,1803.94
meera@example.com,Meera Iyer,2021-03-25,Transport,Fuel / commute,137.57
meera@example.com,Meera Iyer,2021-03-27,Entertainment,Movies / dining out,555.0
meera@example.com,Meera Iyer,2021-03-29,Transport,Fuel / commute,129.42
meera@example.com,Meera Iyer,2021-04-01,Rent,Monthly rent,12023.34
meera@example.com,Meera Iyer,2021-04-02,Transport,Fuel / commute,104.85
meera@example.com,Meera Iyer,2021-04-03,Food & Groceries,Supermarket run,2198.46
meera@example.com,Meera Iyer,2021-04-04,Transport,Fuel / commute,109.97
meera@example.com,Meera Iyer,2021-04-05,Rent,Society maintenance,2499.35
meera@example.com,Meera Iyer,2021-04-06,Food & Groceries,Vegetables and fruit,661.8
meera@example.com,Meera Iyer,2021-04-07,Entertainment,Movies / dining out,481.92
meera@example.com,Meera Iyer,2021-04-08,Utilities,Electricity bill,1341.3
meera@example.com,Meera Iyer,2021-04-08,Transport,Fuel / commute,122.28
meera@example.com,Meera Iyer,2021-04-10,Utilities,Broadband internet,1137.14
meera@example.com,Meera Iyer,2021-04-10,Food & Groceries,Supermarket run,2244.69
meera@example.com,Meera Iyer,2021-04-11,Transport,Fuel / commute,132.04
meera@example.com,Meera Iyer,2021-04-12,Health,Doctor visit,784.7
meera@example.com,Meera Iyer,2021-04-15,Transport,Fuel / commute,140.37
meera@example.com,Meera Iyer,2021-04-16,Entertainment,Movies / dining out,524.38
meera@example.com,Meera Iyer,2021-04-17,Food & Groceries,Supermarket run,2175.48
meera@example.com,Meera Iyer,2021-04-18,Transport,Fuel / commute,139.35
meera@example.com,Meera Iyer,2021-04-20,Food & Groceries,Vegetables and fruit,679.47
meera@example.com,Meera Iyer,2021-04-22,Transport,Fuel / commute,152.11
meera@example.com,Meera Iyer,2021-04-24,Food & Groceries,Supermarket run,2184.33
meera@example.com,Meera Iyer,2021-04-25,Transport,Fuel / commute,152.61
meera@example.com,Meera Iyer,2021-04-27,Entertainment,Movies / dining out,557.22
meera@example.com,Meera Iyer,2021-04-29,Transport,Fuel / commute,120.08
meera@example.com,Meera Iyer,2021-05-01,Rent,Monthly rent,12068.18
meera@example.com,Meera Iyer,2021-05-02,Transport,Fuel / commute,131.77
meera@example.com,Meera Iyer,2021-05-03,Food & Groceries,Supermarket run,2183.15
meera@example.com,Meera Iyer,2021-05-04,Transport,Fuel / commute,102.64
meera@example.com,Meera Iyer,2021-05-06,Food & Groceries,Vegetables and fruit,647.88
meera@example.com,Meera Iyer,2021-05-07,Entertainment,Movies / dining out,631.36
meera@example.com,Meera Iyer,2021-05-08,Utilities,Electricity bill,1667.07
meera@example.com,Meera Iyer,2021-05-08,Transport,Fuel / commute,149.56
meera@example.com,Meera Iyer,2021-05-10,Utilities,Broadband internet,1152.25
meera@example.com,Meera Iyer,2021-05-10,Food & Groceries,Supermarket run,2163.37
meera@example.com,Meera Iyer,2021-05-11,Transport,Fuel / commute,122.15
meera@example.com,Meera Iyer,2021-05-12,Health,Doctor visit,799.55
meera@example.com,Meera Iyer,2021-05-15,Transport,Fuel / commute,134.04
meera@example.com,Meera Iyer,2021-05-16,Entertainment,Movies / dining out,585.72
meera@example.com,Meera Iyer,2021-05-17,Food & Groceries,Supermarket run,2086.81
meera@example.com,Meera Iyer,2021-05-18,Transport,Fuel / commute,111.55
meera@example.com,Meera Iyer,2021-05-20,Food & Groceries,Vegetables and fruit,596.18
meera@example.com,Meera Iyer,2021-05-22,Transport,Fuel / commute,125.19
meera@example.com,Meera Iyer,2021-05-24,Food & Groceries,Supermarket run,2263.62
meera@example.com,Meera Iyer,2021-05-25,Transport,Fuel / commute,130.08
meera@example.com,Meera Iyer,2021-05-27,Entertainment,Movies / dining out,600.55
meera@example.com,Meera Iyer,2021-05-29,Transport,Fuel / commute,134.41
meera@example.com,Meera Iyer,2021-06-01,Rent,Monthly rent,12113.59
meera@example.com,Meera Iyer,2021-06-02,Transport,Fuel / commute,162.74
meera@example.com,Meera Iyer,2021-06-03,Food & Groceries,Supermarket run,2384.65
meera@example.com,Meera Iyer,2021-06-04,Transport,Fuel / commute,179.0
meera@example.com,Meera Iyer,2021-06-06,Food & Groceries,Vegetables and fruit,624.73
meera@example.com,Meera Iyer,2021-06-07,Entertainment,Movies / dining out,495.4
meera@example.com,Meera Iyer,2021-06-08,Utilities,Electricity bill,1794.46
meera@example.com,Meera Iyer,2021-06-08,Transport,Fuel / commute,115.55
meera@example.com,Meera Iyer,2021-06-10,Utilities,Broadband internet,1140.2
meera@example.com,Meera Iyer,2021-06-10,Food & Groceries,Supermarket run,2348.74
meera@example.com,Meera Iyer,2021-06-11,Transport,Fuel / commute,114.65
meera@example.com,Meera Iyer,2021-06-12,Health,Doctor visit,802.58
meera@example.com,Meera Iyer,2021-06-15,Transport,Fuel / commute,119.55
meera@example.com,Meera Iyer,2021-06-16,Entertainment,Movies / dining out,524.44
meera@example.com,Meera Iyer,2021-06-17,Food & Groceries,Supermarket run,2359.9
meera@example.com,Meera Iyer,2021-06-18,Transport,Fuel / commute,133.39
meera@example.com,Meera Iyer,2021-06-20,Food & Groceries,Vegetables and fruit,627.38
meera@example.com,Meera Iyer,2021-06-22,Transport,Fuel / commute,149.59
meera@example.com,Meera Iyer,2021-06-24,Food & Groceries,Supermarket run,2404.02
meera@example.com,Meera Iyer,2021-06-25,Transport,Fuel / commute,144.65
meera@example.com,Meera Iyer,2021-06-27,Entertainment,Movies / dining out,538.96
meera@example.com,Meera Iyer,2021-06-29,Transport,Fuel / commute,137.85
meera@example.com,Meera Iyer,2021-07-01,Rent,Monthly rent,12154.21
meera@example.com,Meera Iyer,2021-07-02,Transport,Fuel / commute,119.61
meera@example.com,Meera Iyer,2021-07-03,Food & Groceries,Supermarket run,2449.19
meera@example.com,Meera Iyer,2021-07-04,Transport,Fuel / commute,152.22
meera@example.com,Meera Iyer,2021-07-05,Rent,Society maintenance,2299.58
meera@example.com,Meera Iyer,2021-07-06,Food & Groceries,Vegetables and fruit,644.43
meera@example.com,Meera Iyer,2021-07-07,Entertainment,Movies / dining out,574.59
meera@example.com,Meera Iyer,2021-07-08,Utilities,Electricity bill,1822.38
meera@example.com,Meera Iyer,2021-07-08,Transport,Fuel / commute,110.96
meera@example.com,Meera Iyer,2021-07-10,Utilities,Broadband internet,1138.43
meera@example.com,Meera Iyer,2021-07-10,Food & Groceries,Supermarket run,2154.94
meera@example.com,Meera Iyer,2021-07-11,Transport,Fuel / commute,152.85
meera@example.com,Meera Iyer,2021-07-12,Health,Doctor visit,687.68
meera@example.com,Meera Iyer,2021-07-15,Transport,Fuel / commute,132.85
meera@example.com,Meera Iyer,2021-07-16,Entertainment,Movies / dining out,547.94
meera@example.com,Meera Iyer,2021-07-17,Food & Groceries,Supermarket run,2491.3
meera@example.com,Meera Iyer,2021-07-18,Transport,Fuel / commute,133.98
meera@example.com,Meera Iyer,2021-07-20,Food & Groceries,Vegetables and fruit,597.45
meera@example.com,Meera Iyer,2021-07-22,Transport,Fuel / commute,107.76
meera@example.com,Meera Iyer,2021-07-24,Food & Groceries,Supermarket run,2499.72
meera@example.com,Meera Iyer,2021-07-25,Transport,Fuel / commute,133.15
meera@example.com,Meera Iyer,2021-07-27,Entertainment,Movies / dining out,500.26
meera@example.com,Meera Iyer,2021-07-29,Transport,Fuel / commute,145.52
meera@example.com,Meera Iyer,2021-08-01,Rent,Monthly rent,12192.25
meera@example.com,Meera Iyer,2021-08-02,Transport,Fuel / commute,164.44
meera@example.com,Meera Iyer,2021-08-03,Food & Groceries,Supermarket run,2252.96
meera@example.com,Meera Iyer,2021-08-04,Transport,Fuel / commute,141.02
meera@example.com,Meera Iyer,2021-08-06,Food & Groceries,Vegetables and fruit,607.73
meera@example.com,Meera Iyer,2021-08-07,Entertainment,Movies / dining out,572.67
meera@example.com,Meera Iyer,2021-08-08,Utilities,Electricity bill,1897.89
meera@example.com,Meera Iyer,2021-08-08,Transport,Fuel / commute,138.86
meera@example.com,Meera Iyer,2021-08-10,Utilities,Broadband internet,1151.82
meera@example.com,Meera Iyer,2021-08-10,Food & Groceries,Supermarket run,2515.12
meera@example.com,Meera Iyer,2021-08-11,Transport,Fuel / commute,131.73
meera@example.com,Meera Iyer,2021-08-12,Health,Doctor visit,778.99
meera@example.com,Meera Iyer,2021-08-15,Transport,Fuel / commute,175.93
meera@example.com,Meera Iyer,2021-08-16,Entertainment,Movies / dining out,638.82
meera@example.com,Meera Iyer,2021-08-17,Food & Groceries,Supermarket run,2366.68
meera@example.com,Meera Iyer,2021-08-18,Transport,Fuel / commute,157.31
meera@example.com,Meera Iyer,2021-08-20,Food & Groceries,Vegetables and fruit,615.38
meera@example.com,Meera Iyer,2021-08-21,Health,Pharmacy / lab tests,1534.3
meera@example.com,Meera Iyer,2021-08-22,Transport,Fuel / commute,124.24
meera@example.com,Meera Iyer,2021-08-24,Food & Groceries,Supermarket run,2326.74
meera@example.com,Meera Iyer,2021-08-25,Transport,Fuel / commute,131.54
meera@example.com,Meera Iyer,2021-08-27,Entertainment,Movies / dining out,458.27
meera@example.com,Meera Iyer,2021-08-29,Transport,Fuel / commute,132.51
meera@example.com,Meera Iyer,2021-09-01,Rent,Monthly rent,12138.53
meera@example.com,Meera Iyer,2021-09-02,Transport,Fuel / commute,134.2
meera@example.com,Meera Iyer,2021-09-03,Food & Groceries,Supermarket run,2530.92
meera@example.com,Meera Iyer,2021-09-04,Transport,Fuel / commute,150.37
meera@example.com,Meera Iyer,2021-09-06,Food & Groceries,Vegetables and fruit,577.87
meera@example.com,Meera Iyer,2021-09-07,Entertainment,Movies / dining out,439.09
meera@example.com,Meera Iyer,2021-09-08,Utilities,Electricity bill,1700.97
meera@example.com,Meera Iyer,2021-09-08,Transport,Fuel / commute,145.55
meera@example.com,Meera Iyer,2021-09-10,Utilities,Broadband internet,1148.37
meera@example.com,Meera Iyer,2021-09-10,Food & Groceries,Supermarket run,2263.18
meera@example.com,Meera Iyer,2021-09-11,Transport,Fuel / commute,124.22
meera@example.com,Meera Iyer,2021-09-12,Health,Doctor visit,766.12
meera@example.com,Meera Iyer,2021-09-13,Food & Groceries,Kirana store top-up,1096.9
meera@example.com,Meera Iyer,2021-09-15,Transport,Fuel / commute,138.72
meera@example.com,Meera Iyer,2021-09-16,Entertainment,Movies / dining out,638.33
meera@example.com,Meera Iyer,2021-09-17,Food & Groceries,Supermarket run,2271.24
meera@example.com,Meera Iyer,2021-09-18,Transport,Fuel / commute,160.89
meera@example.com,Meera Iyer,2021-09-20,Food & Groceries,Vegetables and fruit,635.05
meera@example.com,Meera Iyer,2021-09-22,Transport,Fuel / commute,122.86
meera@example.com,Meera Iyer,2021-09-24,Food & Groceries,Supermarket run,2412.59
meera@example.com,Meera Iyer,2021-09-25,Transport,Fuel / commute,138.85
meera@example.com,Meera Iyer,2021-09-27,Entertainment,Movies / dining out,495.18
meera@example.com,Meera Iyer,2021-09-29,Transport,Fuel / commute,133.31
meera@example.com,Meera Iyer,2021-10-01,Rent,Monthly rent,12290.36
meera@example.com,Meera Iyer,2021-10-02,Transport,Fuel / commute,157.21
meera@example.com,Meera Iyer,2021-10-03,Food & Groceries,Supermarket run,3040.45
meera@example.com,Meera Iyer,2021-10-04,Transport,Fuel / commute,121.24
meera@example.com,Meera Iyer,2021-10-05,Rent,Society maintenance,2617.44
meera@example.com,Meera Iyer,2021-10-06,Food & Groceries,Vegetables and fruit,663.32
meera@example.com,Meera Iyer,2021-10-07,Entertainment,Movies / dining out,749.45
meera@example.com,Meera Iyer,2021-10-08,Utilities,Electricity bill,1550.78
meera@example.com,Meera Iyer,2021-10-08,Transport,Fuel / commute,138.17
meera@example.com,Meera Iyer,2021-10-10,Utilities,Broadband internet,1134.55
meera@example.com,Meera Iyer,2021-10-10,Food & Groceries,Supermarket run,3394.88
meera@example.com,Meera Iyer,2021-10-11,Transport,Fuel / commute,122.85
meera@example.com,Meera Iyer,2021-10-12,Health,Doctor visit,654.7
meera@example.com,Meera Iyer,2021-10-15,Transport,Fuel / commute,127.97
meera@example.com,Meera Iyer,2021-10-16,Entertainment,Movies / dining out,826.5
meera@example.com,Meera Iyer,2021-10-17,Food & Groceries,Supermarket run,3050.87
meera@example.com,Meera Iyer,2021-10-18,Transport,Fuel / commute,161.37
meera@example.com,Meera Iyer,2021-10-20,Food & Groceries,Vegetables and fruit,582.24
meera@example.com,Meera Iyer,2021-10-21,Health,Pharmacy / lab tests,1443.54
meera@example.com,Meera Iyer,2021-10-22,Transport,Fuel / commute,138.65
meera@example.com,Meera Iyer,2021-10-24,Food & Groceries,Supermarket run,2737.29
meera@example.com,Meera Iyer,2021-10-25,Transport,Fuel / commute,127.76
meera@example.com,Meera Iyer,2021-10-27,Entertainment,Movies / dining out,689.79
meera@example.com,Meera Iyer,2021-10-29,Transport,Fuel / commute,118.13
meera@example.com,Meera Iyer,2021-11-01,Rent,Monthly rent,12269.08
meera@example.com,Meera Iyer,2021-11-02,Transport,Fuel / commute,126.52
meera@example.com,Meera Iyer,2021-11-03,Food & Groceries,Supermarket run,2609.64
meera@example.com,Meera Iyer,2021-11-04,Transport,Fuel / commute,139.78
meera@example.com,Meera Iyer,2021-11-06,Food & Groceries,Vegetables and fruit,761.34
meera@example.com,Meera Iyer,2021-11-07,Entertainment,Movies / dining out,787.64
meera@example.com,Meera Iyer,2021-11-08,Utilities,Electricity bill,1348.7
meera@example.com,Meera Iyer,2021-11-08,Transport,Fuel / commute,108.16
meera@example.com,Meera Iyer,2021-11-10,Utilities,Broadband internet,1169.44
meera@example.com,Meera Iyer,2021-11-10,Food & Groceries,Supermarket run,2619.99
meera@example.com,Meera Iyer,2021-11-11,Transport,Fuel / commute,148.71
meera@example.com,Meera Iyer,2021-11-12,Health,Doctor visit,697.86
meera@example.com,Meera Iyer,2021-11-15,Transport,Fuel / commute,142.75
meera@example.com,Meera Iyer,2021-11-16,Entertainment,Movies / dining out,926.78
meera@example.com,Meera Iyer,2021-11-17,Food & Groceries,Supermarket run,3045.36
meera@example.com,Meera Iyer,2021-11-18,Transport,Fuel / commute,136.47
meera@example.com,Meera Iyer,2021-11-20,Food & Groceries,Vegetables and fruit,627.47
meera@example.com,Meera Iyer,2021-11-22,Transport,Fuel / commute,130.98
meera@example.com,Meera Iyer,2021-11-23,Food & Groceries,Kirana store top-up,1171.81
meera@example.com,Meera Iyer,2021-11-24,Food & Groceries,Supermarket run,2881.02
meera@example.com,Meera Iyer,2021-11-25,Transport,Fuel / commute,122.66
meera@example.com,Meera Iyer,2021-11-27,Entertainment,Movies / dining out,874.34
meera@example.com,Meera Iyer,2021-11-29,Transport,Fuel / commute,149.42
meera@example.com,Meera Iyer,2021-12-01,Rent,Monthly rent,12336.24
meera@example.com,Meera Iyer,2021-12-02,Transport,Fuel / commute,150.39
meera@example.com,Meera Iyer,2021-12-03,Food & Groceries,Supermarket run,1996.19
meera@example.com,Meera Iyer,2021-12-04,Transport,Fuel / commute,139.18
meera@example.com,Meera Iyer,2021-12-06,Food & Groceries,Vegetables and fruit,703.83
meera@example.com,Meera Iyer,2021-12-07,Entertainment,Movies / dining out,485.12
meera@example.com,Meera Iyer,2021-12-08,Utilities,Electricity bill,1279.1
meera@example.com,Meera Iyer,2021-12-08,Transport,Fuel / commute,117.44
meera@example.com,Meera Iyer,2021-12-10,Utilities,Broadband internet,1160.74
meera@example.com,Meera Iyer,2021-12-10,Food & Groceries,Supermarket run,1920.64
meera@example.com,Meera Iyer,2021-12-11,Transport,Fuel / commute,149.02
meera@example.com,Meera Iyer,2021-12-12,Health,Doctor visit,780.09
meera@example.com,Meera Iyer,2021-12-15,Transport,Fuel / commute,140.31
meera@example.com,Meera Iyer,2021-12-16,Entertainment,Movies / dining out,436.45
meera@example.com,Meera Iyer,2021-12-17,Food & Groceries,Supermarket run,2071.46
meera@example.com,Meera Iyer,2021-12-18,Transport,Fuel / commute,180.8
meera@example.com,Meera Iyer,2021-12-20,Food & Groceries,Vegetables and fruit,638.72
meera@example.com,Meera Iyer,2021-12-22,Transport,Fuel / commute,162.0
meera@example.com,Meera Iyer,2021-12-24,Food & Groceries,Supermarket run,2116.85
meera@example.com,Meera Iyer,2021-12-25,Transport,Fuel / commute,149.65
meera@example.com,Meera Iyer,2021-12-27,Entertainment,Movies / dining out,493.8
meera@example.com,Meera Iyer,2021-12-29,Transport,Fuel / commute,142.01
meera@example.com,Meera Iyer,2022-01-01,Rent,Monthly rent,12377.42
meera@example.com,Meera Iyer,2022-01-02,Transport,Fuel / commute,139.43
meera@example.com,Meera Iyer,2022-01-03,Food & Groceries,Supermarket run,1818.42
meera@example.com,Meera Iyer,2022-01-04,Transport,Fuel / commute,148.79
meera@example.com,Meera Iyer,2022-01-05,Rent,Society maintenance,2416.35
meera@example.com,Meera Iyer,2022-01-06,Food & Groceries,Vegetables and fruit,648.77
meera@example.com,Meera Iyer,2022-01-07,Entertainment,Movies / dining out,592.68
meera@example.com,Meera Iyer,2022-01-08,Utilities,Electricity bill,1395.16
meera@example.com,Meera Iyer,2022-01-08,Transport,Fuel / commute,134.44
meera@example.com,Meera Iyer,2022-01-10,Utilities,Broadband internet,1140.99
meera@example.com,Meera Iyer,2022-01-10,Food & Groceries,Supermarket run,1929.83
meera@example.com,Meera Iyer,2022-01-11,Transport,Fuel / commute,130.83
meera@example.com,Meera Iyer,2022-01-12,Health,Doctor visit,847.71
meera@example.com,Meera Iyer,2022-01-15,Transport,Fuel / commute,135.61
meera@example.com,Meera Iyer,2022-01-16,Entertainment,Movies / dining out,631.14
meera@example.com,Meera Iyer,2022-01-17,Food & Groceries,Supermarket run,1803.53
meera@example.com,Meera Iyer,2022-01-18,Transport,Fuel / commute,138.23
meera@example.com,Meera Iyer,2022-01-20,Food & Groceries,Vegetables and fruit,620.9
meera@example.com,Meera Iyer,2022-01-22,Transport,Fuel / commute,109.46
meera@example.com,Meera Iyer,2022-01-24,Food & Groceries,Supermarket run,1899.29
meera@example.com,Meera Iyer,2022-01-25,Transport,Fuel / commute,146.02
meera@example.com,Meera Iyer,2022-01-27,Entertainment,Movies / dining out,486.29
meera@example.com,Meera Iyer,2022-01-29,Transport,Fuel / commute,130.87
meera@example.com,Meera Iyer,2022-02-01,Rent,Monthly rent,12412.41
meera@example.com,Meera Iyer,2022-02-02,Transport,Fuel / commute,139.16
meera@example.com,Meera Iyer,2022-02-03,Food & Groceries,Supermarket run,2049.91
meera@example.com,Meera Iyer,2022-02-04,Transport,Fuel / commute,125.73
meera@example.com,Meera Iyer,2022-02-06,Food & Groceries,Vegetables and fruit,627.78
meera@example.com,Meera Iyer,2022-02-07,Entertainment,Movies / dining out,646.93
meera@example.com,Meera Iyer,2022-02-08,Utilities,Electricity bill,1300.99
meera@example.com,Meera Iyer,2022-02-08,Transport,Fuel / commute,140.43
meera@example.com,Meera Iyer,2022-02-10,Utilities,Broadband internet,1169.21
meera@example.com,Meera Iyer,2022-02-10,Food & Groceries,Supermarket run,2044.44
meera@example.com,Meera Iyer,2022-02-11,Transport,Fuel / commute,122.74
meera@example.com,Meera Iyer,2022-02-12,Health,Doctor visit,796.06
meera@example.com,Meera Iyer,2022-02-15,Transport,Fuel / commute,111.16
meera@example.com,Meera Iyer,2022-02-16,Entertainment,Movies / dining out,528.45
meera@example.com,Meera Iyer,2022-02-17,Food & Groceries,Supermarket run,2026.93
meera@example.com,Meera Iyer,2022-02-18,Transport,Fuel / commute,152.48
meera@example.com,Meera Iyer,2022-02-20,Food & Groceries,Vegetables and fruit,602.69
meera@example.com,Meera Iyer,2022-02-22,Food & Groceries,Kirana store top-up,1099.74
meera@example.com,Meera Iyer,2022-02-22,Transport,Fuel / commute,130.92
meera@example.com,Meera Iyer,2022-02-24,Food & Groceries,Supermarket run,1933.53
meera@example.com,Meera Iyer,2022-02-25,Transport,Fuel / commute,124.88
meera@example.com,Meera Iyer,2022-02-27,Entertainment,Movies / dining out,540.95
meera@example.com,Meera Iyer,2022-03-01,Rent,Monthly rent,12486.54
meera@example.com,Meera Iyer,2022-03-02,Transport,Fuel / commute,149.26
meera@example.com,Meera Iyer,2022-03-03,Food & Groceries,Supermarket run,2030.24
meera@example.com,Meera Iyer,2022-03-04,Transport,Fuel / commute,150.6
meera@example.com,Meera Iyer,2022-03-06,Food & Groceries,Vegetables and fruit,654.53
meera@example.com,Meera Iyer,2022-03-07,Entertainment,Movies / dining out,656.17
meera@example.com,Meera Iyer,2022-03-08,Utilities,Electricity bill,1246.94
meera@example.com,Meera Iyer,2022-03-08,Transport,Fuel / commute,169.14
meera@example.com,Meera Iyer,2022-03-10,Utilities,Broadband internet,1180.45
meera@example.com,Meera Iyer,2022-03-10,Food & Groceries,Supermarket run,2282.57
meera@example.com,Meera Iyer,2022-03-11,Transport,Fuel / commute,156.15
meera@example.com,Meera Iyer,2022-03-15,Transport,Fuel / commute,129.37
meera@example.com,Meera Iyer,2022-03-16,Entertainment,Movies / dining out,592.3
meera@example.com,Meera Iyer,2022-03-17,Food & Groceries,Supermarket run,1843.49
meera@example.com,Meera Iyer,2022-03-18,Food & Groceries,Kirana store top-up,1012.35
meera@example.com,Meera Iyer,2022-03-18,Transport,Fuel / commute,122.52
meera@example.com,Meera Iyer,2022-03-20,Food & Groceries,Vegetables and fruit,642.36
meera@example.com,Meera Iyer,2022-03-22,Transport,Fuel / commute,116.42
meera@example.com,Meera Iyer,2022-03-24,Food & Groceries,Supermarket run,2169.89
meera@example.com,Meera Iyer,2022-03-25,Transport,Fuel / commute,163.92
meera@example.com,Meera Iyer,2022-03-27,Entertainment,Movies / dining out,579.25
meera@example.com,Meera Iyer,2022-03-29,Transport,Fuel / commute,126.29
meera@example.com,Meera Iyer,2022-04-01,Rent,Monthly rent,12507.83
meera@example.com,Meera Iyer,2022-04-02,Transport,Fuel / commute,159.43
meera@example.com,Meera Iyer,2022-04-03,Food & Groceries,Supermarket run,2109.32
meera@example.com,Meera Iyer,2022-04-04,Transport,Fuel / commute,106.57
meera@example.com,Meera Iyer,2022-04-05,Rent,Society maintenance,2355.18
meera@example.com,Meera Iyer,2022-04-06,Food & Groceries,Vegetables and fruit,718.16
meera@example.com,Meera Iyer,2022-04-07,Entertainment,Movies / dining out,560.04
meera@example.com,Meera Iyer,2022-04-08,Utilities,Electricity bill,1487.81
meera@example.com,Meera Iyer,2022-04-08,Transport,Fuel / commute,96.87
meera@example.com,Meera Iyer,2022-04-10,Utilities,Broadband internet,1176.6
meera@example.com,Meera Iyer,2022-04-10,Food & Groceries,Supermarket run,2173.4
meera@example.com,Meera Iyer,2022-04-11,Transport,Fuel / commute,133.07
meera@example.com,Meera Iyer,2022-04-12,Health,Doctor visit,794.62
meera@example.com,Meera Iyer,2022-04-15,Transport,Fuel / commute,116.65
meera@example.com,Meera Iyer,2022-04-16,Entertainment,Movies / dining out,582.39
meera@example.com,Meera Iyer,2022-04-17,Food & Groceries,Supermarket run,2058.17
meera@example.com,Meera Iyer,2022-04-18,Transport,Fuel / commute,135.8
meera@example.com,Meera Iyer,2022-04-20,Food & Groceries,Vegetables and fruit,676.53
meera@example.com,Meera Iyer,2022-04-22,Transport,Fuel / commute,143.22
meera@example.com,Meera Iyer,2022-04-24,Food & Groceries,Supermarket run,2498.6
meera@example.com,Meera Iyer,2022-04-25,Transport,Fuel / commute,155.21
meera@example.com,Meera Iyer,2022-04-27,Entertainment,Movies / dining out,524.2
meera@example.com,Meera Iyer,2022-04-29,Transport,Fuel / commute,120.68
meera@example.com,Meera Iyer,2022-05-01,Rent,Monthly rent,12505.88
meera@example.com,Meera Iyer,2022-05-02,Transport,Fuel / commute,176.22
meera@example.com,Meera Iyer,2022-05-03,Food & Groceries,Supermarket run,2334.84
meera@example.com,Meera Iyer,2022-05-04,Transport,Fuel / commute,112.81
meera@example.com,Meera Iyer,2022-05-06,Food & Groceries,Vegetables and fruit,632.78
meera@example.com,Meera Iyer,2022-05-07,Entertainment,Movies / dining out,631.36
meera@example.com,Meera Iyer,2022-05-08,Utilities,Electricity bill,1724.65
meera@example.com,Meera Iyer,2022-05-08,Transport,Fuel / commute,126.06
meera@example.com,Meera Iyer,2022-05-10,Utilities,Broadband internet,1171.28
meera@example.com,Meera Iyer,2022-05-10,Food & Groceries,Supermarket run,2336.74
meera@example.com,Meera Iyer,2022-05-11,Transport,Fuel / commute,136.25
meera@example.com,Meera Iyer,2022-05-12,Health,Doctor visit,757.67
meera@example.com,Meera Iyer,2022-05-15,Transport,Fuel / commute,133.22
meera@example.com,Meera Iyer,2022-05-16,Entertainment,Movies / dining out,558.92
meera@example.com,Meera Iyer,2022-05-17,Food & Groceries,Supermarket run,2654.7
meera@example.com,Meera Iyer,2022-05-18,Transport,Fuel / commute,134.64
meera@example.com,Meera Iyer,2022-05-20,Food & Groceries,Vegetables and fruit,700.7
meera@example.com,Meera Iyer,2022-05-22,Transport,Fuel / commute,118.29
meera@example.com,Meera Iyer,2022-05-24,Food & Groceries,Supermarket run,2417.47
meera@example.com,Meera Iyer,2022-05-25,Transport,Fuel / commute,163.87
meera@example.com,Meera Iyer,2022-05-27,Entertainment,Movies / dining out,495.03
meera@example.com,Meera Iyer,2022-05-29,Transport,Fuel / commute,116.3
meera@example.com,Meera Iyer,2022-06-01,Rent,Monthly rent,12591.49
meera@example.com,Meera Iyer,2022-06-02,Transport,Fuel / commute,128.57
meera@example.com,Meera Iyer,2022-06-03,Food & Groceries,Supermarket run,2392.98
meera@example.com,Meera Iyer,2022-06-04,Transport,Fuel / commute,137.2
meera@example.com,Meera Iyer,2022-06-06,Food & Groceries,Vegetables and fruit,588.63
meera@example.com,Meera Iyer,2022-06-07,Entertainment,Movies / dining out,535.75
meera@example.com,Meera Iyer,2022-06-08,Utilities,Electricity bill,1912.24
meera@example.com,Meera Iyer,2022-06-08,Transport,Fuel / commute,127.86
meera@example.com,Meera Iyer,2022-06-10,Utilities,Broadband internet,1192.1
meera@example.com,Meera Iyer,2022-06-10,Food & Groceries,Supermarket run,2285.57
meera@example.com,Meera Iyer,2022-06-11,Transport,Fuel / commute,152.65
meera@example.com,Meera Iyer,2022-06-12,Health,Doctor visit,732.62
meera@example.com,Meera Iyer,2022-06-15,Transport,Fuel / commute,113.61
meera@example.com,Meera Iyer,2022-06-16,Entertainment,Movies / dining out,536.27
meera@example.com,Meera Iyer,2022-06-17,Food & Groceries,Supermarket run,2449.48
meera@example.com,Meera Iyer,2022-06-18,Transport,Fuel / commute,114.04
meera@example.com,Meera Iyer,2022-06-20,Food & Groceries,Vegetables and fruit,619.03
meera@example.com,Meera Iyer,2022-06-22,Transport,Fuel / commute,135.07
meera@example.com,Meera Iyer,2022-06-24,Food & Groceries,Supermarket run,2507.2
meera@example.com,Meera Iyer,2022-06-25,Transport,Fuel / commute,137.74
meera@example.com,Meera Iyer,2022-06-27,Entertainment,Movies / dining out,573.1
meera@example.com,Meera Iyer,2022-06-29,Transport,Fuel / commute,116.15
meera@example.com,Meera Iyer,2022-07-01,Rent,Monthly rent,12675.25
meera@example.com,Meera Iyer,2022-07-02,Transport,Fuel / commute,146.78
meera@example.com,Meera Iyer,2022-07-03,Food & Groceries,Supermarket run,2614.93
meera@example.com,Meera Iyer,2022-07-04,Transport,Fuel / commute,162.18
meera@example.com,Meera Iyer,2022-07-05,Rent,Society maintenance,2409.52
meera@example.com,Meera Iyer,2022-07-06,Food & Groceries,Vegetables and fruit,713.25
meera@example.com,Meera Iyer,2022-07-07,Entertainment,Movies / dining out,552.09
meera@example.com,Meera Iyer,2022-07-08,Utilities,Electricity bill,1937.65
meera@example.com,Meera Iyer,2022-07-08,Transport,Fuel / commute,119.0
meera@example.com,Meera Iyer,2022-07-10,Utilities,Broadband internet,1182.31
meera@example.com,Meera Iyer,2022-07-10,Food & Groceries,Supermarket run,2483.47
meera@example.com,Meera Iyer,2022-07-11,Transport,Fuel / commute,140.41
meera@example.com,Meera Iyer,2022-07-12,Health,Doctor visit,833.54
meera@example.com,Meera Iyer,2022-07-15,Transport,Fuel / commute,138.29
meera@example.com,Meera Iyer,2022-07-16,Entertainment,Movies / dining out,555.4
meera@example.com,Meera Iyer,2022-07-17,Food & Groceries,Supermarket run,2333.48
meera@example.com,Meera Iyer,2022-07-18,Transport,Fuel / commute,147.61
meera@example.com,Meera Iyer,2022-07-20,Food & Groceries,Vegetables and fruit,639.49
meera@example.com,Meera Iyer,2022-07-22,Transport,Fuel / commute,162.17
meera@example.com,Meera Iyer,2022-07-24,Food & Groceries,Supermarket run,2238.07
meera@example.com,Meera Iyer,2022-07-25,Transport,Fuel / commute,118.66
meera@example.com,Meera Iyer,2022-07-27,Entertainment,Movies / dining out,593.07
meera@example.com,Meera Iyer,2022-07-29,Transport,Fuel / commute,150.83
meera@example.com,Meera Iyer,2022-08-01,Rent,Monthly rent,12649.5
meera@example.com,Meera Iyer,2022-08-02,Transport,Fuel / commute,134.15
meera@example.com,Meera Iyer,2022-08-03,Food & Groceries,Supermarket run,2537.31
meera@example.com,Meera Iyer,2022-08-04,Transport,Fuel / commute,145.94
meera@example.com,Meera Iyer,2022-08-06,Food & Groceries,Vegetables and fruit,660.76
meera@example.com,Meera Iyer,2022-08-07,Entertainment,Movies / dining out,500.71
meera@example.com,Meera Iyer,2022-08-08,Utilities,Electricity bill,2000.87
meera@example.com,Meera Iyer,2022-08-08,Transport,Fuel / commute,145.12
meera@example.com,Meera Iyer,2022-08-10,Utilities,Broadband internet,1202.44
meera@example.com,Meera Iyer,2022-08-10,Food & Groceries,Supermarket run,2455.47
meera@example.com,Meera Iyer,2022-08-11,Transport,Fuel / commute,151.9
meera@example.com,Meera Iyer,2022-08-12,Health,Doctor visit,703.96
meera@example.com,Meera Iyer,2022-08-15,Transport,Fuel / commute,131.13
meera@example.com,Meera Iyer,2022-08-16,Entertainment,Movies / dining out,519.08
meera@example.com,Meera Iyer,2022-08-17,Food & Groceries,Supermarket run,2563.22
meera@example.com,Meera Iyer,2022-08-18,Transport,Fuel / commute,153.72
meera@example.com,Meera Iyer,2022-08-20,Food & Groceries,Vegetables and fruit,689.12
meera@example.com,Meera Iyer,2022-08-21,Health,Pharmacy / lab tests,1817.58
meera@example.com,Meera Iyer,2022-08-22,Transport,Fuel / commute,126.24
meera@example.com,Meera Iyer,2022-08-24,Food & Groceries,Supermarket run,2482.36
meera@example.com,Meera Iyer,2022-08-25,Transport,Fuel / commute,131.92
meera@example.com,Meera Iyer,2022-08-27,Entertainment,Movies / dining out,651.96
meera@example.com,Meera Iyer,2022-08-29,Transport,Fuel / commute,132.66
meera@example.com,Meera Iyer,2022-09-01,Rent,Monthly rent,12694.99
meera@example.com,Meera Iyer,2022-09-02,Transport,Fuel / commute,117.2
meera@example.com,Meera Iyer,2022-09-03,Food & Groceries,Supermarket run,2312.33
meera@example.com,Meera Iyer,2022-09-04,Transport,Fuel / commute,149.97
meera@example.com,Meera Iyer,2022-09-06,Food & Groceries,Vegetables and fruit,703.7
meera@example.com,Meera Iyer,2022-09-07,Entertainment,Movies / dining out,653.69
meera@example.com,Meera Iyer,2022-09-08,Utilities,Electricity bill,1787.12
meera@example.com,Meera Iyer,2022-09-08,Transport,Fuel / commute,124.78
meera@example.com,Meera Iyer,2022-09-10,Utilities,Broadband internet,1198.67
meera@example.com,Meera Iyer,2022-09-10,Food & Groceries,Supermarket run,2478.07
meera@example.com,Meera Iyer,2022-09-11,Transport,Fuel / commute,132.06
meera@example.com,Meera Iyer,2022-09-12,Health,Doctor visit,742.44
meera@example.com,Meera Iyer,2022-09-15,Transport,Fuel / commute,178.99
meera@example.com,Meera Iyer,2022-09-16,Entertainment,Movies / dining out,571.4
meera@example.com,Meera Iyer,2022-09-17,Food & Groceries,Supermarket run,2656.81
meera@example.com,Meera Iyer,2022-09-18,Transport,Fuel / commute,137.8
meera@example.com,Meera Iyer,2022-09-20,Food & Groceries,Vegetables and fruit,709.4
meera@example.com,Meera Iyer,2022-09-22,Transport,Fuel / commute,129.5
meera@example.com,Meera Iyer,2022-09-24,Food & Groceries,Supermarket run,2457.39
meera@example.com,Meera Iyer,2022-09-25,Transport,Fuel / commute,161.78
meera@example.com,Meera Iyer,2022-09-27,Entertainment,Movies / dining out,461.95
meera@example.com,Meera Iyer,2022-09-29,Transport,Fuel / commute,125.96
meera@example.com,Meera Iyer,2022-10-01,Rent,Monthly rent,12706.36
meera@example.com,Meera Iyer,2022-10-02,Transport,Fuel / commute,143.94
meera@example.com,Meera Iyer,2022-10-03,Food & Groceries,Supermarket run,3185.59
meera@example.com,Meera Iyer,2022-10-04,Transport,Fuel / commute,135.05
meera@example.com,Meera Iyer,2022-10-05,Rent,Society maintenance,2437.7
meera@example.com,Meera Iyer,2022-10-06,Food & Groceries,Vegetables and fruit,742.19
meera@example.com,Meera Iyer,2022-10-07,Entertainment,Movies / dining out,671.63
meera@example.com,Meera Iyer,2022-10-08,Utilities,Electricity bill,1545.87
meera@example.com,Meera Iyer,2022-10-08,Transport,Fuel / commute,150.51
meera@example.com,Meera Iyer,2022-10-10,Utilities,Broadband internet,1188.52
meera@example.com,Meera Iyer,2022-10-10,Food & Groceries,Supermarket run,2958.64
meera@example.com,Meera Iyer,2022-10-11,Transport,Fuel / commute,165.68
meera@example.com,Meera Iyer,2022-10-12,Health,Doctor visit,757.37
meera@example.com,Meera Iyer,2022-10-15,Transport,Fuel / commute,153.68
meera@example.com,Meera Iyer,2022-10-16,Entertainment,Movies / dining out,597.0
meera@example.com,Meera Iyer,2022-10-17,Food & Groceries,Supermarket run,2987.55
meera@example.com,Meera Iyer,2022-10-18,Transport,Fuel / commute,154.34
meera@example.com,Meera Iyer,2022-10-20,Food & Groceries,Vegetables and fruit,673.22
meera@example.com,Meera Iyer,2022-10-21,Health,Pharmacy / lab tests,1530.23
meera@example.com,Meera Iyer,2022-10-22,Transport,Fuel / commute,152.96
meera@example.com,Meera Iyer,2022-10-24,Food & Groceries,Supermarket run,2977.23
meera@example.com,Meera Iyer,2022-10-25,Transport,Fuel / commute,118.97
meera@example.com,Meera Iyer,2022-10-27,Entertainment,Movies / dining out,645.57
meera@example.com,Meera Iyer,2022-10-29,Transport,Fuel / commute,127.6
meera@example.com,Meera Iyer,2022-11-01,Rent,Monthly rent,12810.71
meera@example.com,Meera Iyer,2022-11-02,Transport,Fuel / commute,148.87
meera@example.com,Meera Iyer,2022-11-03,Food & Groceries,Supermarket run,2892.34
meera@example.com,Meera Iyer,2022-11-04,Transport,Fuel / commute,168.29
meera@example.com,Meera Iyer,2022-11-06,Food & Groceries,Vegetables and fruit,593.61
meera@example.com,Meera Iyer,2022-11-07,Entertainment,Movies / dining out,783.67
meera@example.com,Meera Iyer,2022-11-08,Utilities,Electricity bill,1484.48
meera@example.com,Meera Iyer,2022-11-08,Transport,Fuel / commute,133.19
meera@example.com,Meera Iyer,2022-11-10,Utilities,Broadband internet,1212.28
meera@example.com,Meera Iyer,2022-11-10,Food & Groceries,Supermarket run,2485.66
meera@example.com,Meera Iyer,2022-11-11,Transport,Fuel / commute,132.01
meera@example.com,Meera Iyer,2022-11-15,Transport,Fuel / commute,142.16
meera@example.com,Meera Iyer,2022-11-16,Entertainment,Movies / dining out,813.8
meera@example.com,Meera Iyer,2022-11-17,Food & Groceries,Supermarket run,2699.19
meera@example.com,Meera Iyer,2022-11-18,Transport,Fuel / commute,149.08
meera@example.com,Meera Iyer,2022-11-20,Food & Groceries,Vegetables and fruit,659.94
meera@example.com,Meera Iyer,2022-11-22,Transport,Fuel / commute,140.41
meera@example.com,Meera Iyer,2022-11-24,Food & Groceries,Supermarket run,3023.4
meera@example.com,Meera Iyer,2022-11-25,Transport,Fuel / commute,161.07
meera@example.com,Meera Iyer,2022-11-27,Entertainment,Movies / dining out,735.42
meera@example.com,Meera Iyer,2022-11-29,Transport,Fuel / commute,129.34
meera@example.com,Meera Iyer,2022-12-01,Rent,Monthly rent,12919.84
meera@example.com,Meera Iyer,2022-12-02,Transport,Fuel / commute,133.42
meera@example.com,Meera Iyer,2022-12-03,Food & Groceries,Supermarket run,2427.79
meera@example.com,Meera Iyer,2022-12-04,Transport,Fuel / commute,119.53
meera@example.com,Meera Iyer,2022-12-06,Food & Groceries,Vegetables and fruit,626.86
meera@example.com,Meera Iyer,2022-12-07,Entertainment,Movies / dining out,620.3
meera@example.com,Meera Iyer,2022-12-08,Utilities,Electricity bill,1387.09
meera@example.com,Meera Iyer,2022-12-08,Transport,Fuel / commute,170.96
meera@example.com,Meera Iyer,2022-12-10,Utilities,Broadband internet,1210.79
meera@example.com,Meera Iyer,2022-12-10,Food & Groceries,Supermarket run,2085.2
meera@example.com,Meera Iyer,2022-12-11,Transport,Fuel / commute,148.68
meera@example.com,Meera Iyer,2022-12-12,Health,Doctor visit,778.25
meera@example.com,Meera Iyer,2022-12-15,Food & Groceries,Kirana store top-up,1160.02
meera@example.com,Meera Iyer,2022-12-15,Transport,Fuel / commute,139.65
meera@example.com,Meera Iyer,2022-12-16,Entertainment,Movies / dining out,626.01
meera@example.com,Meera Iyer,2022-12-17,Food & Groceries,Supermarket run,1885.49
meera@example.com,Meera Iyer,2022-12-18,Transport,Fuel / commute,156.58
meera@example.com,Meera Iyer,2022-12-20,Food & Groceries,Vegetables and fruit,658.35
meera@example.com,Meera Iyer,2022-12-22,Transport,Fuel / commute,151.64
meera@example.com,Meera Iyer,2022-12-24,Food & Groceries,Supermarket run,2021.27
meera@example.com,Meera Iyer,2022-12-25,Transport,Fuel / commute,148.28
meera@example.com,Meera Iyer,2022-12-27,Entertainment,Movies / dining out,585.33
meera@example.com,Meera Iyer,2022-12-29,Transport,Fuel / commute,155.33
meera@example.com,Meera Iyer,2023-01-01,Rent,Monthly rent,12884.53
meera@example.com,Meera Iyer,2023-01-02,Transport,Fuel / commute,248.8
meera@example.com,Meera Iyer,2023-01-03,Food & Groceries,Supermarket run,1971.36
meera@example.com,Meera Iyer,2023-01-04,Transport,Fuel / commute,304.01
meera@example.com,Meera Iyer,2023-01-05,Rent,Society maintenance,2457.02
meera@example.com,Meera Iyer,2023-01-06,Food & Groceries,Vegetables and fruit,655.82
meera@example.com,Meera Iyer,2023-01-07,Entertainment,Movies / dining out,660.73
meera@example.com,Meera Iyer,2023-01-08,Utilities,Electricity bill,1279.87
meera@example.com,Meera Iyer,2023-01-08,Transport,Fuel / commute,269.98
meera@example.com,Meera Iyer,2023-01-10,Utilities,Broadband internet,1209.61
meera@example.com,Meera Iyer,2023-01-10,Food & Groceries,Supermarket run,2131.73
meera@example.com,Meera Iyer,2023-01-11,Transport,Fuel / commute,237.8
meera@example.com,Meera Iyer,2023-01-12,Health,Doctor visit,798.07
meera@example.com,Meera Iyer,2023-01-15,Transport,Fuel / commute,257.3
meera@example.com,Meera Iyer,2023-01-16,Entertainment,Movies / dining out,423.8
meera@example.com,Meera Iyer,2023-01-17,Food & Groceries,Supermarket run,1785.66
meera@example.com,Meera Iyer,2023-01-18,Transport,Fuel / commute,239.48
meera@example.com,Meera Iyer,2023-01-20,Food & Groceries,Vegetables and fruit,734.5
meera@example.com,Meera Iyer,2023-01-22,Transport,Fuel / commute,275.9
meera@example.com,Meera Iyer,2023-01-24,Food & Groceries,Supermarket run,1961.91
meera@example.com,Meera Iyer,2023-01-25,Transport,Fuel / commute,210.12
meera@example.com,Meera Iyer,2023-01-27,Entertainment,Movies / dining out,671.01
meera@example.com,Meera Iyer,2023-01-29,Transport,Fuel / commute,225.39
meera@example.com,Meera Iyer,2023-02-01,Rent,Monthly rent,12890.22
meera@example.com,Meera Iyer,2023-02-02,Transport,Fuel / commute,188.71
meera@example.com,Meera Iyer,2023-02-03,Food & Groceries,Supermarket run,2178.93
meera@example.com,Meera Iyer,2023-02-04,Transport,Fuel / commute,241.25
meera@example.com,Meera Iyer,2023-02-06,Food & Groceries,Vegetables and fruit,693.68
meera@example.com,Meera Iyer,2023-02-07,Entertainment,Movies / dining out,510.63
meera@example.com,Meera Iyer,2023-02-08,Utilities,Electricity bill,1312.76
meera@example.com,Meera Iyer,2023-02-08,Transport,Fuel / commute,299.65
meera@example.com,Meera Iyer,2023-02-10,Utilities,Broadband internet,1225.53
meera@example.com,Meera Iyer,2023-02-10,Food & Groceries,Supermarket run,2028.62
meera@example.com,Meera Iyer,2023-02-11,Transport,Fuel / commute,244.37
meera@example.com,Meera Iyer,2023-02-12,Health,Doctor visit,711.33
meera@example.com,Meera Iyer,2023-02-15,Transport,Fuel / commute,295.78
meera@example.com,Meera Iyer,2023-02-16,Entertainment,Movies / dining out,682.37
meera@example.com,Meera Iyer,2023-02-17,Food & Groceries,Supermarket run,1870.59
meera@example.com,Meera Iyer,2023-02-18,Transport,Fuel / commute,270.47
meera@example.com,Meera Iyer,2023-02-20,Food & Groceries,Vegetables and fruit,714.41
meera@example.com,Meera Iyer,2023-02-22,Transport,Fuel / commute,218.28
meera@example.com,Meera Iyer,2023-02-24,Food & Groceries,Supermarket run,1881.55
meera@example.com,Meera Iyer,2023-02-25,Transport,Fuel / commute,242.11
meera@example.com,Meera Iyer,2023-02-27,Entertainment,Movies / dining out,510.11
meera@example.com,Meera Iyer,2023-03-01,Rent,Monthly rent,12900.24
meera@example.com,Meera Iyer,2023-03-02,Transport,Fuel / commute,273.34
meera@example.com,Meera Iyer,2023-03-03,Food & Groceries,Supermarket run,2190.24
meera@example.com,Meera Iyer,2023-03-04,Transport,Fuel / commute,232.73
meera@example.com,Meera Iyer,2023-03-06,Food & Groceries,Vegetables and fruit,635.28
meera@example.com,Meera Iyer,2023-03-07,Entertainment,Movies / dining out,690.21
meera@example.com,Meera Iyer,2023-03-08,Utilities,Electricity bill,1461.01
meera@example.com,Meera Iyer,2023-03-08,Transport,Fuel / commute,168.66
meera@example.com,Meera Iyer,2023-03-10,Utilities,Broadband internet,1208.95
meera@example.com,Meera Iyer,2023-03-10,Food & Groceries,Supermarket run,2154.59
meera@example.com,Meera Iyer,2023-03-11,Transport,Fuel / commute,271.34
meera@example.com,Meera Iyer,2023-03-12,Health,Doctor visit,779.47
meera@example.com,Meera Iyer,2023-03-15,Transport,Fuel / commute,220.44
meera@example.com,Meera Iyer,2023-03-16,Entertainment,Movies / dining out,505.87
meera@example.com,Meera Iyer,2023-03-17,Food & Groceries,Supermarket run,2188.33
meera@example.com,Meera Iyer,2023-03-18,Transport,Fuel / commute,265.85
meera@example.com,Meera Iyer,2023-03-20,Food & Groceries,Vegetables and fruit,632.98
meera@example.com,Meera Iyer,2023-03-22,Transport,Fuel / commute,293.82
meera@example.com,Meera Iyer,2023-03-24,Food & Groceries,Supermarket run,2200.45
meera@example.com,Meera Iyer,2023-03-25,Transport,Fuel / commute,252.25
meera@example.com,Meera Iyer,2023-03-27,Entertainment,Movies / dining out,579.19
meera@example.com,Meera Iyer,2023-03-29,Transport,Fuel / commute,281.82
meera@example.com,Meera Iyer,2023-04-01,Rent,Monthly rent,13093.04
meera@example.com,Meera Iyer,2023-04-02,Transport,Fuel / commute,230.04
meera@example.com,Meera Iyer,2023-04-03,Food & Groceries,Supermarket run,2249.26
meera@example.com,Meera Iyer,2023-04-04,Transport,Fuel / commute,275.03
meera@example.com,Meera Iyer,2023-04-05,Rent,Society maintenance,2331.74
meera@example.com,Meera Iyer,2023-04-06,Food & Groceries,Vegetables and fruit,748.43
meera@example.com,Meera Iyer,2023-04-07,Entertainment,Movies / dining out,548.29
meera@example.com,Meera Iyer,2023-04-08,Utilities,Electricity bill,1484.64
meera@example.com,Meera Iyer,2023-04-08,Transport,Fuel / commute,269.98
meera@example.com,Meera Iyer,2023-04-10,Utilities,Broadband internet,1229.36
meera@example.com,Meera Iyer,2023-04-10,Food & Groceries,Supermarket run,2557.51
meera@example.com,Meera Iyer,2023-04-11,Transport,Fuel / commute,209.81
meera@example.com,Meera Iyer,2023-04-12,Health,Doctor visit,665.81
meera@example.com,Meera Iyer,2023-04-15,Transport,Fuel / commute,218.36
meera@example.com,Meera Iyer,2023-04-16,Entertainment,Movies / dining out,534.72
meera@example.com,Meera Iyer,2023-04-17,Food & Groceries,Supermarket run,2206.81
meera@example.com,Meera Iyer,2023-04-18,Transport,Fuel / commute,175.69
meera@example.com,Meera Iyer,2023-04-20,Food & Groceries,Vegetables and fruit,660.07
meera@example.com,Meera Iyer,2023-04-21,Health,Pharmacy / lab tests,1468.81
meera@example.com,Meera Iyer,2023-04-22,Transport,Fuel / commute,270.6
meera@example.com,Meera Iyer,2023-04-24,Food & Groceries,Supermarket run,2394.42
meera@example.com,Meera Iyer,2023-04-25,Transport,Fuel / commute,244.62
meera@example.com,Meera Iyer,2023-04-27,Entertainment,Movies / dining out,589.87
meera@example.com,Meera Iyer,2023-04-29,Transport,Fuel / commute,247.64
meera@example.com,Meera Iyer,2023-05-01,Rent,Monthly rent,13070.5
meera@example.com,Meera Iyer,2023-05-02,Transport,Fuel / commute,210.52
meera@example.com,Meera Iyer,2023-05-03,Food & Groceries,Supermarket run,2413.12
meera@example.com,Meera Iyer,2023-05-04,Transport,Fuel / commute,235.6
meera@example.com,Meera Iyer,2023-05-06,Food & Groceries,Vegetables and fruit,655.42
meera@example.com,Meera Iyer,2023-05-07,Entertainment,Movies / dining out,551.95
meera@example.com,Meera Iyer,2023-05-08,Utilities,Electricity bill,1761.86
meera@example.com,Meera Iyer,2023-05-08,Transport,Fuel / commute,238.0
meera@example.com,Meera Iyer,2023-05-10,Utilities,Broadband internet,1226.36
meera@example.com,Meera Iyer,2023-05-10,Food & Groceries,Supermarket run,2410.0
meera@example.com,Meera Iyer,2023-05-11,Transport,Fuel / commute,315.41
meera@example.com,Meera Iyer,2023-05-12,Health,Doctor visit,844.9
meera@example.com,Meera Iyer,2023-05-15,Transport,Fuel / commute,213.24
meera@example.com,Meera Iyer,2023-05-16,Entertainment,Movies / dining out,597.11
meera@example.com,Meera Iyer,2023-05-17,Food & Groceries,Supermarket run,2369.63
meera@example.com,Meera Iyer,2023-05-18,Transport,Fuel / commute,266.32
meera@example.com,Meera Iyer,2023-05-20,Food & Groceries,Vegetables and fruit,837.89
meera@example.com,Meera Iyer,2023-05-22,Transport,Fuel / commute,260.93
meera@example.com,Meera Iyer,2023-05-24,Food & Groceries,Supermarket run,2443.42
meera@example.com,Meera Iyer,2023-05-25,Transport,Fuel / commute,263.52
meera@example.com,Meera Iyer,2023-05-27,Entertainment,Movies / dining out,453.0
meera@example.com,Meera Iyer,2023-05-29,Transport,Fuel / commute,290.96
meera@example.com,Meera Iyer,2023-06-01,Rent,Monthly rent,13104.54
meera@example.com,Meera Iyer,2023-06-02,Transport,Fuel / commute,217.71
meera@example.com,Meera Iyer,2023-06-03,Food & Groceries,Supermarket run,2527.12
meera@example.com,Meera Iyer,2023-06-04,Transport,Fuel / commute,248.19
meera@example.com,Meera Iyer,2023-06-06,Food & Groceries,Vegetables and fruit,652.6
meera@example.com,Meera Iyer,2023-06-07,Entertainment,Movies / dining out,592.41
meera@example.com,Meera Iyer,2023-06-08,Utilities,Electricity bill,2059.71
meera@example.com,Meera Iyer,2023-06-08,Transport,Fuel / commute,252.19
meera@example.com,Meera Iyer,2023-06-10,Utilities,Broadband internet,1223.95
meera@example.com,Meera Iyer,2023-06-10,Food & Groceries,Supermarket run,2751.22
meera@example.com,Meera Iyer,2023-06-11,Food & Groceries,Kirana store top-up,1383.31
meera@example.com,Meera Iyer,2023-06-11,Transport,Fuel / commute,285.79
meera@example.com,Meera Iyer,2023-06-12,Health,Doctor visit,812.58
meera@example.com,Meera Iyer,2023-06-15,Transport,Fuel / commute,272.93
meera@example.com,Meera Iyer,2023-06-16,Entertainment,Movies / dining out,494.24
meera@example.com,Meera Iyer,2023-06-17,Food & Groceries,Supermarket run,2630.04
meera@example.com,Meera Iyer,2023-06-18,Transport,Fuel / commute,268.13
meera@example.com,Meera Iyer,2023-06-20,Food & Groceries,Vegetables and fruit,638.36
meera@example.com,Meera Iyer,2023-06-22,Transport,Fuel / commute,241.92
meera@example.com,Meera Iyer,2023-06-24,Food & Groceries,Supermarket run,2913.53
meera@example.com,Meera Iyer,2023-06-25,Transport,Fuel / commute,291.25
meera@example.com,Meera Iyer,2023-06-27,Entertainment,Movies / dining out,540.63
meera@example.com,Meera Iyer,2023-06-29,Transport,Fuel / commute,376.99
meera@example.com,Meera Iyer,2023-07-01,Rent,Monthly rent,13246.09
meera@example.com,Meera Iyer,2023-07-02,Transport,Fuel / commute,269.86
meera@example.com,Meera Iyer,2023-07-03,Food & Groceries,Supermarket run,2377.68
meera@example.com,Meera Iyer,2023-07-04,Transport,Fuel / commute,217.13
meera@example.com,Meera Iyer,2023-07-05,Rent,Society maintenance,2549.27
meera@example.com,Meera Iyer,2023-07-06,Food & Groceries,Vegetables and fruit,677.32
meera@example.com,Meera Iyer,2023-07-07,Entertainment,Movies / dining out,501.78
meera@example.com,Meera Iyer,2023-07-08,Utilities,Electricity bill,2049.56
meera@example.com,Meera Iyer,2023-07-08,Transport,Fuel / commute,234.13
meera@example.com,Meera Iyer,2023-07-10,Utilities,Broadband internet,1225.78
meera@example.com,Meera Iyer,2023-07-10,Food & Groceries,Supermarket run,2525.35
meera@example.com,Meera Iyer,2023-07-11,Transport,Fuel / commute,250.12
meera@example.com,Meera Iyer,2023-07-12,Health,Doctor visit,803.61
meera@example.com,Meera Iyer,2023-07-15,Transport,Fuel / commute,249.03
meera@example.com,Meera Iyer,2023-07-16,Entertainment,Movies / dining out,711.19
meera@example.com,Meera Iyer,2023-07-17,Food & Groceries,Supermarket run,2482.55
meera@example.com,Meera Iyer,2023-07-18,Transport,Fuel / commute,311.2
meera@example.com,Meera Iyer,2023-07-20,Food & Groceries,Vegetables and fruit,689.79
meera@example.com,Meera Iyer,2023-07-21,Health,Pharmacy / lab tests,1629.35
meera@example.com,Meera Iyer,2023-07-22,Transport,Fuel / commute,262.11
meera@example.com,Meera Iyer,2023-07-24,Food & Groceries,Supermarket run,2477.5
meera@example.com,Meera Iyer,2023-07-25,Transport,Fuel / commute,205.63
meera@example.com,Meera Iyer,2023-07-27,Entertainment,Movies / dining out,511.89
meera@example.com,Meera Iyer,2023-07-29,Transport,Fuel / commute,267.8
meera@example.com,Meera Iyer,2023-08-01,Rent,Monthly rent,13168.71
meera@example.com,Meera Iyer,2023-08-02,Transport,Fuel / commute,259.81
meera@example.com,Meera Iyer,2023-08-03,Food & Groceries,Supermarket run,2455.65
meera@example.com,Meera Iyer,2023-08-04,Transport,Fuel / commute,256.92
meera@example.com,Meera Iyer,2023-08-06,Food & Groceries,Vegetables and fruit,711.81
meera@example.com,Meera Iyer,2023-08-07,Entertainment,Movies / dining out,632.59
meera@example.com,Meera Iyer,2023-08-08,Utilities,Electricity bill,2008.07
meera@example.com,Meera Iyer,2023-08-08,Transport,Fuel / commute,263.78
meera@example.com,Meera Iyer,2023-08-10,Utilities,Broadband internet,1243.4
meera@example.com,Meera Iyer,2023-08-10,Food & Groceries,Supermarket run,2599.74
meera@example.com,Meera Iyer,2023-08-11,Transport,Fuel / commute,296.88
meera@example.com,Meera Iyer,2023-08-12,Health,Doctor visit,939.62
meera@example.com,Meera Iyer,2023-08-15,Transport,Fuel / commute,219.61
meera@example.com,Meera Iyer,2023-08-16,Entertainment,Movies / dining out,669.13
meera@example.com,Meera Iyer,2023-08-17,Food & Groceries,Supermarket run,2612.19
meera@example.com,Meera Iyer,2023-08-18,Transport,Fuel / commute,245.32
meera@example.com,Meera Iyer,2023-08-20,Food & Groceries,Vegetables and fruit,695.15
meera@example.com,Meera Iyer,2023-08-22,Transport,Fuel / commute,276.29
meera@example.com,Meera Iyer,2023-08-24,Food & Groceries,Supermarket run,2330.24
meera@example.com,Meera Iyer,2023-08-25,Transport,Fuel / commute,270.59
meera@example.com,Meera Iyer,2023-08-27,Entertainment,Movies / dining out,567.46
meera@example.com,Meera Iyer,2023-08-29,Transport,Fuel / commute,269.93
meera@example.com,Meera Iyer,2023-09-01,Rent,Monthly rent,13159.64
meera@example.com,Meera Iyer,2023-09-02,Transport,Fuel / commute,246.36
meera@example.com,Meera Iyer,2023-09-03,Food & Groceries,Supermarket run,2625.53
meera@example.com,Meera Iyer,2023-09-04,Transport,Fuel / commute,282.45
meera@example.com,Meera Iyer,2023-09-06,Food & Groceries,Vegetables and fruit,620.04
meera@example.com,Meera Iyer,2023-09-07,Entertainment,Movies / dining out,653.01
meera@example.com,Meera Iyer,2023-09-08,Utilities,Electricity bill,1799.91
meera@example.com,Meera Iyer,2023-09-08,Transport,Fuel / commute,217.6
meera@example.com,Meera Iyer,2023-09-10,Utilities,Broadband internet,1228.2
meera@example.com,Meera Iyer,2023-09-10,Food & Groceries,Supermarket run,2245.62
meera@example.com,Meera Iyer,2023-09-11,Transport,Fuel / commute,233.32
meera@example.com,Meera Iyer,2023-09-12,Health,Doctor visit,719.25
meera@example.com,Meera Iyer,2023-09-15,Transport,Fuel / commute,183.11
meera@example.com,Meera Iyer,2023-09-16,Entertainment,Movies / dining out,554.57
meera@example.com,Meera Iyer,2023-09-17,Food & Groceries,Supermarket run,2527.4
meera@example.com,Meera Iyer,2023-09-18,Transport,Fuel / commute,189.37
meera@example.com,Meera Iyer,2023-09-20,Food & Groceries,Vegetables and fruit,713.28
meera@example.com,Meera Iyer,2023-09-21,Health,Pharmacy / lab tests,1600.76
meera@example.com,Meera Iyer,2023-09-22,Transport,Fuel / commute,312.02
meera@example.com,Meera Iyer,2023-09-24,Food & Groceries,Supermarket run,2358.86
meera@example.com,Meera Iyer,2023-09-25,Transport,Fuel / commute,320.81
meera@example.com,Meera Iyer,2023-09-27,Entertainment,Movies / dining out,607.91
meera@example.com,Meera Iyer,2023-09-29,Transport,Fuel / commute,259.5
meera@example.com,Meera Iyer,2023-10-01,Rent,Monthly rent,13278.44
meera@example.com,Meera Iyer,2023-10-02,Transport,Fuel / commute,281.17
meera@example.com,Meera Iyer,2023-10-03,Food & Groceries,Supermarket run,3370.01
meera@example.com,Meera Iyer,2023-10-04,Transport,Fuel / commute,300.58
meera@example.com,Meera Iyer,2023-10-05,Rent,Society maintenance,2522.07
meera@example.com,Meera Iyer,2023-10-06,Food & Groceries,Vegetables and fruit,784.35
meera@example.com,Meera Iyer,2023-10-07,Entertainment,Movies / dining out,832.16
meera@example.com,Meera Iyer,2023-10-08,Utilities,Electricity bill,1663.28
meera@example.com,Meera Iyer,2023-10-08,Transport,Fuel / commute,279.95
meera@example.com,Meera Iyer,2023-10-10,Utilities,Broadband internet,1237.85
meera@example.com,Meera Iyer,2023-10-10,Food & Groceries,Supermarket run,3166.45
meera@example.com,Meera Iyer,2023-10-11,Transport,Fuel / commute,216.44
meera@example.com,Meera Iyer,2023-10-12,Health,Doctor visit,752.86
meera@example.com,Meera Iyer,2023-10-15,Transport,Fuel / commute,319.55
meera@example.com,Meera Iyer,2023-10-16,Entertainment,Movies / dining out,871.87
meera@example.com,Meera Iyer,2023-10-17,Food & Groceries,Supermarket run,2994.89
meera@example.com,Meera Iyer,2023-10-18,Transport,Fuel / commute,290.38
meera@example.com,Meera Iyer,2023-10-20,Food & Groceries,Vegetables and fruit,716.97
meera@example.com,Meera Iyer,2023-10-21,Food & Groceries,Kirana store top-up,1336.76
meera@example.com,Meera Iyer,2023-10-22,Transport,Fuel / commute,241.72
meera@example.com,Meera Iyer,2023-10-24,Food & Groceries,Supermarket run,3438.66
meera@example.com,Meera Iyer,2023-10-25,Transport,Fuel / commute,225.65
meera@example.com,Meera Iyer,2023-10-27,Entertainment,Movies / dining out,746.05
meera@example.com,Meera Iyer,2023-10-29,Transport,Fuel / commute,273.05
meera@example.com,Meera Iyer,2023-11-01,Rent,Monthly rent,13302.39
meera@example.com,Meera Iyer,2023-11-02,Transport,Fuel / commute,240.42
meera@example.com,Meera Iyer,2023-11-03,Food & Groceries,Supermarket run,3105.3
meera@example.com,Meera Iyer,2023-11-04,Transport,Fuel / commute,268.36
meera@example.com,Meera Iyer,2023-11-06,Food & Groceries,Vegetables and fruit,715.31
meera@example.com,Meera Iyer,2023-11-07,Entertainment,Movies / dining out,728.72
meera@example.com,Meera Iyer,2023-11-08,Utilities,Electricity bill,1601.98
meera@example.com,Meera Iyer,2023-11-08,Transport,Fuel / commute,321.15
meera@example.com,Meera Iyer,2023-11-10,Utilities,Broadband internet,1249.12
meera@example.com,Meera Iyer,2023-11-10,Food & Groceries,Supermarket run,3121.56
meera@example.com,Meera Iyer,2023-11-11,Transport,Fuel / commute,295.8
meera@example.com,Meera Iyer,2023-11-12,Health,Doctor visit,861.61
meera@example.com,Meera Iyer,2023-11-15,Transport,Fuel / commute,267.69
meera@example.com,Meera Iyer,2023-11-16,Entertainment,Movies / dining out,756.4
meera@example.com,Meera Iyer,2023-11-17,Food & Groceries,Supermarket run,3136.9
meera@example.com,Meera Iyer,2023-11-18,Transport,Fuel / commute,284.8
meera@example.com,Meera Iyer,2023-11-20,Food & Groceries,Vegetables and fruit,710.04
meera@example.com,Meera Iyer,2023-11-22,Transport,Fuel / commute,231.34
meera@example.com,Meera Iyer,2023-11-24,Food & Groceries,Supermarket run,3057.22
meera@example.com,Meera Iyer,2023-11-25,Transport,Fuel / commute,250.2
meera@example.com,Meera Iyer,2023-11-27,Entertainment,Movies / dining out,1013.2
meera@example.com,Meera Iyer,2023-11-29,Transport,Fuel / commute,287.65
meera@example.com,Meera Iyer,2023-12-01,Rent,Monthly rent,13330.7
meera@example.com,Meera Iyer,2023-12-02,Transport,Fuel / commute,224.84
meera@example.com,Meera Iyer,2023-12-03,Food & Groceries,Supermarket run,2133.02
meera@example.com,Meera Iyer,2023-12-04,Transport,Fuel / commute,282.95
meera@example.com,Meera Iyer,2023-12-06,Food & Groceries,Vegetables and fruit,696.0
meera@example.com,Meera Iyer,2023-12-07,Entertainment,Movies / dining out,550.0
meera@example.com,Meera Iyer,2023-12-08,Utilities,Electricity bill,1413.08
meera@example.com,Meera Iyer,2023-12-08,Transport,Fuel / commute,241.29
meera@example.com,Meera Iyer,2023-12-10,Utilities,Broadband internet,1226.4
meera@example.com,Meera Iyer,2023-12-10,Food & Groceries,Supermarket run,2128.0
meera@example.com,Meera Iyer,2023-12-11,Transport,Fuel / commute,222.26
meera@example.com,Meera Iyer,2023-12-12,Health,Doctor visit,834.55
meera@example.com,Meera Iyer,2023-12-15,Transport,Fuel / commute,253.32
meera@example.com,Meera Iyer,2023-12-16,Entertainment,Movies / dining out,612.83
meera@example.com,Meera Iyer,2023-12-17,Food & Groceries,Supermarket run,2258.19
meera@example.com,Meera Iyer,2023-12-18,Transport,Fuel / commute,302.63
meera@example.com,Meera Iyer,2023-12-20,Food & Groceries,Vegetables and fruit,752.75
meera@example.com,Meera Iyer,2023-12-22,Transport,Fuel / commute,264.72
meera@example.com,Meera Iyer,2023-12-24,Food & Groceries,Supermarket run,2292.69
meera@example.com,Meera Iyer,2023-12-25,Transport,Fuel / commute,305.62
meera@example.com,Meera Iyer,2023-12-27,Entertainment,Movies / dining out,612.21
meera@example.com,Meera Iyer,2023-12-29,Transport,Fuel / commute,235.81
meera@example.com,Meera Iyer,2024-01-01,Rent,Monthly rent,13417.84
meera@example.com,Meera Iyer,2024-01-02,Transport,Fuel / commute,304.19
meera@example.com,Meera Iyer,2024-01-03,Food & Groceries,Supermarket run,2014.98
meera@example.com,Meera Iyer,2024-01-04,Transport,Fuel / commute,303.69
meera@example.com,Meera Iyer,2024-01-05,Rent,Society maintenance,2362.68
meera@example.com,Meera Iyer,2024-01-06,Food & Groceries,Vegetables and fruit,778.94
meera@example.com,Meera Iyer,2024-01-07,Entertainment,Movies / dining out,551.0
meera@example.com,Meera Iyer,2024-01-08,Utilities,Electricity bill,1391.01
meera@example.com,Meera Iyer,2024-01-08,Transport,Fuel / commute,261.65
meera@example.com,Meera Iyer,2024-01-10,Utilities,Broadband internet,1247.82
meera@example.com,Meera Iyer,2024-01-10,Food & Groceries,Supermarket run,2233.97
meera@example.com,Meera Iyer,2024-01-11,Transport,Fuel / commute,213.17
meera@example.com,Meera Iyer,2024-01-12,Health,Doctor visit,850.75
meera@example.com,Meera Iyer,2024-01-15,Transport,Fuel / commute,331.32
meera@example.com,Meera Iyer,2024-01-16,Entertainment,Movies / dining out,621.45
meera@example.com,Meera Iyer,2024-01-17,Food & Groceries,Supermarket run,2097.94
meera@example.com,Meera Iyer,2024-01-18,Transport,Fuel / commute,271.99
meera@example.com,Meera Iyer,2024-01-20,Food & Groceries,Vegetables and fruit,675.65
meera@example.com,Meera Iyer,2024-01-22,Transport,Fuel / commute,249.81
meera@example.com,Meera Iyer,2024-01-24,Food & Groceries,Supermarket run,1993.93
meera@example.com,Meera Iyer,2024-01-25,Transport,Fuel / commute,289.73
meera@example.com,Meera Iyer,2024-01-27,Entertainment,Movies / dining out,513.4
meera@example.com,Meera Iyer,2024-01-29,Transport,Fuel / commute,281.81
meera@example.com,Meera Iyer,2024-02-01,Rent,Monthly rent,13500.31
meera@example.com,Meera Iyer,2024-02-02,Transport,Fuel / commute,296.18
meera@example.com,Meera Iyer,2024-02-03,Food & Groceries,Supermarket run,2179.48
meera@example.com,Meera Iyer,2024-02-04,Transport,Fuel / commute,312.79
meera@example.com,Meera Iyer,2024-02-06,Food & Groceries,Vegetables and fruit,700.22
meera@example.com,Meera Iyer,2024-02-07,Entertainment,Movies / dining out,727.19
meera@example.com,Meera Iyer,2024-02-08,Utilities,Electricity bill,1484.71
meera@example.com,Meera Iyer,2024-02-08,Transport,Fuel / commute,237.28
meera@example.com,Meera Iyer,2024-02-10,Utilities,Broadband internet,1271.8
meera@example.com,Meera Iyer,2024-02-10,Food & Groceries,Supermarket run,2076.9
meera@example.com,Meera Iyer,2024-02-11,Transport,Fuel / commute,252.48
meera@example.com,Meera Iyer,2024-02-12,Health,Doctor visit,802.73
meera@example.com,Meera Iyer,2024-02-15,Transport,Fuel / commute,271.7
meera@example.com,Meera Iyer,2024-02-16,Entertainment,Movies / dining out,568.1
meera@example.com,Meera Iyer,2024-02-17,Food & Groceries,Supermarket run,2218.99
meera@example.com,Meera Iyer,2024-02-18,Transport,Fuel / commute,275.95
meera@example.com,Meera Iyer,2024-02-20,Food & Groceries,Vegetables and fruit,691.09
meera@example.com,Meera Iyer,2024-02-22,Transport,Fuel / commute,244.38
meera@example.com,Meera Iyer,2024-02-24,Food & Groceries,Supermarket run,2225.22
meera@example.com,Meera Iyer,2024-02-25,Transport,Fuel / commute,319.65
meera@example.com,Meera Iyer,2024-02-27,Entertainment,Movies / dining out,594.09
meera@example.com,Meera Iyer,2024-02-29,Transport,Fuel / commute,273.93
meera@example.com,Meera Iyer,2024-03-01,Rent,Monthly rent,13498.01
meera@example.com,Meera Iyer,2024-03-02,Transport,Fuel / commute,279.85
meera@example.com,Meera Iyer,2024-03-03,Food & Groceries,Supermarket run,2150.01
meera@example.com,Meera Iyer,2024-03-04,Transport,Fuel / commute,301.38
meera@example.com,Meera Iyer,2024-03-06,Food & Groceries,Vegetables and fruit,754.38
meera@example.com,Meera Iyer,2024-03-07,Entertainment,Movies / dining out,719.79
meera@example.com,Meera Iyer,2024-03-08,Utilities,Electricity bill,1562.95
meera@example.com,Meera Iyer,2024-03-08,Transport,Fuel / commute,289.48
meera@example.com,Meera Iyer,2024-03-10,Utilities,Broadband internet,1265.21
meera@example.com,Meera Iyer,2024-03-10,Food & Groceries,Supermarket run,2457.78
meera@example.com,Meera Iyer,2024-03-11,Transport,Fuel / commute,302.34
meera@example.com,Meera Iyer,2024-03-12,Health,Doctor visit,804.81
meera@example.com,Meera Iyer,2024-03-15,Transport,Fuel / commute,258.08
meera@example.com,Meera Iyer,2024-03-16,Entertainment,Movies / dining out,616.04
meera@example.com,Meera Iyer,2024-03-17,Food & Groceries,Supermarket run,2146.11
meera@example.com,Meera Iyer,2024-03-18,Transport,Fuel / commute,234.47
meera@example.com,Meera Iyer,2024-03-20,Food & Groceries,Vegetables and fruit,642.67
meera@example.com,Meera Iyer,2024-03-22,Transport,Fuel / commute,327.76
meera@example.com,Meera Iyer,2024-03-23,Food & Groceries,Kirana store top-up,1358.28
meera@example.com,Meera Iyer,2024-03-24,Food & Groceries,Supermarket run,2199.43
meera@example.com,Meera Iyer,2024-03-25,Transport,Fuel / commute,213.63
meera@example.com,Meera Iyer,2024-03-27,Entertainment,Movies / dining out,674.57
meera@example.com,Meera Iyer,2024-03-29,Transport,Fuel / commute,216.77
meera@example.com,Meera Iyer,2024-04-01,Rent,Monthly rent,13518.39
meera@example.com,Meera Iyer,2024-04-02,Transport,Fuel / commute,191.77
meera@example.com,Meera Iyer,2024-04-03,Food & Groceries,Supermarket run,2432.69
meera@example.com,Meera Iyer,2024-04-04,Transport,Fuel / commute,230.98
meera@example.com,Meera Iyer,2024-04-05,Rent,Society maintenance,2444.89
meera@example.com,Meera Iyer,2024-04-06,Food & Groceries,Vegetables and fruit,736.5
meera@example.com,Meera Iyer,2024-04-07,Entertainment,Movies / dining out,488.06
meera@example.com,Meera Iyer,2024-04-08,Utilities,Electricity bill,1510.35
meera@example.com,Meera Iyer,2024-04-08,Transport,Fuel / commute,227.82
meera@example.com,Meera Iyer,2024-04-10,Utilities,Broadband internet,1265.67
meera@example.com,Meera Iyer,2024-04-10,Food & Groceries,Supermarket run,2394.76
meera@example.com,Meera Iyer,2024-04-11,Transport,Fuel / commute,285.55
meera@example.com,Meera Iyer,2024-04-15,Transport,Fuel / commute,176.83
meera@example.com,Meera Iyer,2024-04-16,Entertainment,Movies / dining out,708.43
meera@example.com,Meera Iyer,2024-04-17,Food & Groceries,Supermarket run,2061.25
meera@example.com,Meera Iyer,2024-04-18,Transport,Fuel / commute,248.24
meera@example.com,Meera Iyer,2024-04-20,Food & Groceries,Vegetables and fruit,789.01
meera@example.com,Meera Iyer,2024-04-21,Food & Groceries,Kirana store top-up,1188.69
meera@example.com,Meera Iyer,2024-04-21,Health,Pharmacy / lab tests,1379.1
meera@example.com,Meera Iyer,2024-04-22,Transport,Fuel / commute,307.25
meera@example.com,Meera Iyer,2024-04-24,Food & Groceries,Supermarket run,2396.61
meera@example.com,Meera Iyer,2024-04-25,Transport,Fuel / commute,262.59
meera@example.com,Meera Iyer,2024-04-27,Entertainment,Movies / dining out,611.56
meera@example.com,Meera Iyer,2024-04-29,Transport,Fuel / commute,290.58
meera@example.com,Meera Iyer,2024-05-01,Rent,Monthly rent,13603.4
meera@example.com,Meera Iyer,2024-05-02,Transport,Fuel / commute,244.97
meera@example.com,Meera Iyer,2024-05-03,Food & Groceries,Supermarket run,2264.87
meera@example.com,Meera Iyer,2024-05-04,Transport,Fuel / commute,249.59
meera@example.com,Meera Iyer,2024-05-06,Food & Groceries,Vegetables and fruit,746.0
meera@example.com,Meera Iyer,2024-05-07,Entertainment,Movies / dining out,631.13
meera@example.com,Meera Iyer,2024-05-08,Utilities,Electricity bill,1867.65
meera@example.com,Meera Iyer,2024-05-08,Transport,Fuel / commute,229.25
meera@example.com,Meera Iyer,2024-05-10,Utilities,Broadband internet,1286.51
meera@example.com,Meera Iyer,2024-05-10,Food & Groceries,Supermarket run,2379.83
meera@example.com,Meera Iyer,2024-05-11,Transport,Fuel / commute,246.7
meera@example.com,Meera Iyer,2024-05-12,Health,Doctor visit,885.45
meera@example.com,Meera Iyer,2024-05-15,Transport,Fuel / commute,247.62
meera@example.com,Meera Iyer,2024-05-16,Entertainment,Movies / dining out,564.14
meera@example.com,Meera Iyer,2024-05-17,Food & Groceries,Supermarket run,2641.12
meera@example.com,Meera Iyer,2024-05-18,Transport,Fuel / commute,241.61
meera@example.com,Meera Iyer,2024-05-20,Food & Groceries,Vegetables and fruit,778.6
meera@example.com,Meera Iyer,2024-05-21,Health,Pharmacy / lab tests,1584.96
meera@example.com,Meera Iyer,2024-05-22,Transport,Fuel / commute,239.88
meera@example.com,Meera Iyer,2024-05-24,Food & Groceries,Supermarket run,2116.44
meera@example.com,Meera Iyer,2024-05-25,Transport,Fuel / commute,254.62
meera@example.com,Meera Iyer,2024-05-27,Entertainment,Movies / dining out,563.22
meera@example.com,Meera Iyer,2024-05-29,Transport,Fuel / commute,254.23
meera@example.com,Meera Iyer,2024-06-01,Rent,Monthly rent,13620.71
meera@example.com,Meera Iyer,2024-06-02,Transport,Fuel / commute,254.71
meera@example.com,Meera Iyer,2024-06-03,Food & Groceries,Supermarket run,2651.46
meera@example.com,Meera Iyer,2024-06-04,Transport,Fuel / commute,316.61
meera@example.com,Meera Iyer,2024-06-06,Food & Groceries,Vegetables and fruit,677.7
meera@example.com,Meera Iyer,2024-06-07,Entertainment,Movies / dining out,780.0
meera@example.com,Meera Iyer,2024-06-08,Utilities,Electricity bill,2051.56
meera@example.com,Meera Iyer,2024-06-08,Transport,Fuel / commute,278.85
meera@example.com,Meera Iyer,2024-06-10,Utilities,Broadband internet,1279.97
meera@example.com,Meera Iyer,2024-06-10,Food & Groceries,Supermarket run,2899.3
meera@example.com,Meera Iyer,2024-06-11,Transport,Fuel / commute,236.2
meera@example.com,Meera Iyer,2024-06-12,Health,Doctor visit,782.54
meera@example.com,Meera Iyer,2024-06-13,Food & Groceries,Kirana store top-up,1437.83
meera@example.com,Meera Iyer,2024-06-15,Transport,Fuel / commute,252.14
meera@example.com,Meera Iyer,2024-06-16,Entertainment,Movies / dining out,625.03
meera@example.com,Meera Iyer,2024-06-17,Food & Groceries,Supermarket run,2535.24
meera@example.com,Meera Iyer,2024-06-18,Transport,Fuel / commute,299.88
meera@example.com,Meera Iyer,2024-06-20,Food & Groceries,Vegetables and fruit,783.85
meera@example.com,Meera Iyer,2024-06-21,Health,Pharmacy / lab tests,1566.25
meera@example.com,Meera Iyer,2024-06-22,Transport,Fuel / commute,293.23
meera@example.com,Meera Iyer,2024-06-24,Food & Groceries,Supermarket run,2836.43
meera@example.com,Meera Iyer,2024-06-25,Transport,Fuel / commute,230.47
meera@example.com,Meera Iyer,2024-06-27,Entertainment,Movies / dining out,603.47
meera@example.com,Meera Iyer,2024-06-29,Transport,Fuel / commute,259.58
meera@example.com,Meera Iyer,2024-07-01,Rent,Monthly rent,13617.3
meera@example.com,Meera Iyer,2024-07-02,Transport,Fuel / commute,224.74
meera@example.com,Meera Iyer,2024-07-03,Food & Groceries,Supermarket run,3210.45
meera@example.com,Meera Iyer,2024-07-04,Transport,Fuel / commute,262.8
meera@example.com,Meera Iyer,2024-07-05,Rent,Society maintenance,2392.1
meera@example.com,Meera Iyer,2024-07-06,Food & Groceries,Vegetables and fruit,761.11
meera@example.com,Meera Iyer,2024-07-07,Entertainment,Movies / dining out,497.31
meera@example.com,Meera Iyer,2024-07-08,Utilities,Electricity bill,2122.01
meera@example.com,Meera Iyer,2024-07-08,Transport,Fuel / commute,290.48
meera@example.com,Meera Iyer,2024-07-10,Utilities,Broadband internet,1292.69
meera@example.com,Meera Iyer,2024-07-10,Food & Groceries,Supermarket run,2885.6
meera@example.com,Meera Iyer,2024-07-11,Transport,Fuel / commute,213.59
meera@example.com,Meera Iyer,2024-07-12,Health,Doctor visit,914.89
meera@example.com,Meera Iyer,2024-07-15,Transport,Fuel / commute,241.9
meera@example.com,Meera Iyer,2024-07-16,Entertainment,Movies / dining out,461.36
meera@example.com,Meera Iyer,2024-07-17,Food & Groceries,Supermarket run,2597.6
meera@example.com,Meera Iyer,2024-07-18,Transport,Fuel / commute,283.01
meera@example.com,Meera Iyer,2024-07-20,Food & Groceries,Vegetables and fruit,668.75
meera@example.com,Meera Iyer,2024-07-22,Transport,Fuel / commute,266.13
meera@example.com,Meera Iyer,2024-07-24,Food & Groceries,Supermarket run,2790.4
meera@example.com,Meera Iyer,2024-07-25,Transport,Fuel / commute,309.81
meera@example.com,Meera Iyer,2024-07-27,Entertainment,Movies / dining out,605.55
meera@example.com,Meera Iyer,2024-07-29,Transport,Fuel / commute,219.96
meera@example.com,Meera Iyer,2024-08-01,Rent,Monthly rent,13727.19
meera@example.com,Meera Iyer,2024-08-02,Transport,Fuel / commute,244.57
meera@example.com,Meera Iyer,2024-08-03,Food & Groceries,Supermarket run,2527.58
meera@example.com,Meera Iyer,2024-08-04,Transport,Fuel / commute,250.63
meera@example.com,Meera Iyer,2024-08-06,Food & Groceries,Vegetables and fruit,733.95
meera@example.com,Meera Iyer,2024-08-07,Entertainment,Movies / dining out,622.45
meera@example.com,Meera Iyer,2024-08-08,Utilities,Electricity bill,1980.14
meera@example.com,Meera Iyer,2024-08-08,Transport,Fuel / commute,260.7
meera@example.com,Meera Iyer,2024-08-10,Utilities,Broadband internet,1286.87
meera@example.com,Meera Iyer,2024-08-10,Food & Groceries,Supermarket run,2602.74
meera@example.com,Meera Iyer,2024-08-11,Transport,Fuel / commute,241.15
meera@example.com,Meera Iyer,2024-08-12,Health,Doctor visit,746.42
meera@example.com,Meera Iyer,2024-08-15,Transport,Fuel / commute,265.85
meera@example.com,Meera Iyer,2024-08-16,Entertainment,Movies / dining out,536.36
meera@example.com,Meera Iyer,2024-08-17,Food & Groceries,Supermarket run,2717.1
meera@example.com,Meera Iyer,2024-08-18,Transport,Fuel / commute,256.76
meera@example.com,Meera Iyer,2024-08-20,Food & Groceries,Vegetables and fruit,712.13
meera@example.com,Meera Iyer,2024-08-22,Transport,Fuel / commute,246.14
meera@example.com,Meera Iyer,2024-08-24,Food & Groceries,Supermarket run,2489.45
meera@example.com,Meera Iyer,2024-08-25,Transport,Fuel / commute,316.3
meera@example.com,Meera Iyer,2024-08-27,Entertainment,Movies / dining out,579.68
meera@example.com,Meera Iyer,2024-08-29,Transport,Fuel / commute,278.86
meera@example.com,Meera Iyer,2024-09-01,Rent,Monthly rent,13763.25
meera@example.com,Meera Iyer,2024-09-02,Transport,Fuel / commute,253.2
meera@example.com,Meera Iyer,2024-09-03,Food & Groceries,Supermarket run,2462.03
meera@example.com,Meera Iyer,2024-09-04,Transport,Fuel / commute,235.14
meera@example.com,Meera Iyer,2024-09-06,Food & Groceries,Vegetables and fruit,675.83
meera@example.com,Meera Iyer,2024-09-07,Entertainment,Movies / dining out,529.48
meera@example.com,Meera Iyer,2024-09-08,Utilities,Electricity bill,1840.66
meera@example.com,Meera Iyer,2024-09-08,Transport,Fuel / commute,288.68
meera@example.com,Meera Iyer,2024-09-10,Utilities,Broadband internet,1306.37
meera@example.com,Meera Iyer,2024-09-10,Food & Groceries,Supermarket run,2578.17
meera@example.com,Meera Iyer,2024-09-11,Transport,Fuel / commute,241.41
meera@example.com,Meera Iyer,2024-09-12,Health,Doctor visit,681.72
meera@example.com,Meera Iyer,2024-09-15,Transport,Fuel / commute,237.86
meera@example.com,Meera Iyer,2024-09-16,Entertainment,Movies / dining out,519.49
meera@example.com,Meera Iyer,2024-09-17,Food & Groceries,Supermarket run,2399.99
meera@example.com,Meera Iyer,2024-09-18,Transport,Fuel / commute,253.88
meera@example.com,Meera Iyer,2024-09-20,Food & Groceries,Vegetables and fruit,670.24
meera@example.com,Meera Iyer,2024-09-22,Transport,Fuel / commute,298.19
meera@example.com,Meera Iyer,2024-09-24,Food & Groceries,Supermarket run,2378.61
meera@example.com,Meera Iyer,2024-09-25,Transport,Fuel / commute,273.31
meera@example.com,Meera Iyer,2024-09-27,Entertainment,Movies / dining out,709.85
meera@example.com,Meera Iyer,2024-09-29,Transport,Fuel / commute,263.25
meera@example.com,Meera Iyer,2024-10-01,Rent,Monthly rent,13799.59
meera@example.com,Meera Iyer,2024-10-02,Transport,Fuel / commute,264.73
meera@example.com,Meera Iyer,2024-10-03,Food & Groceries,Supermarket run,3190.54
meera@example.com,Meera Iyer,2024-10-04,Transport,Fuel / commute,251.09
meera@example.com,Meera Iyer,2024-10-05,Rent,Society maintenance,2432.12
meera@example.com,Meera Iyer,2024-10-06,Food & Groceries,Vegetables and fruit,715.42
meera@example.com,Meera Iyer,2024-10-07,Entertainment,Movies / dining out,819.26
meera@example.com,Meera Iyer,2024-10-08,Utilities,Electricity bill,1692.7
meera@example.com,Meera Iyer,2024-10-08,Transport,Fuel / commute,273.62
meera@example.com,Meera Iyer,2024-10-10,Utilities,Broadband internet,1290.96
meera@example.com,Meera Iyer,2024-10-10,Food & Groceries,Supermarket run,3231.31
meera@example.com,Meera Iyer,2024-10-11,Transport,Fuel / commute,223.66
meera@example.com,Meera Iyer,2024-10-12,Health,Doctor visit,869.15
meera@example.com,Meera Iyer,2024-10-15,Transport,Fuel / commute,274.72
meera@example.com,Meera Iyer,2024-10-16,Entertainment,Movies / dining out,895.1
meera@example.com,Meera Iyer,2024-10-17,Food & Groceries,Supermarket run,3396.43
meera@example.com,Meera Iyer,2024-10-18,Transport,Fuel / commute,217.8
meera@example.com,Meera Iyer,2024-10-20,Food & Groceries,Vegetables and fruit,784.22
meera@example.com,Meera Iyer,2024-10-22,Transport,Fuel / commute,234.3
meera@example.com,Meera Iyer,2024-10-24,Food & Groceries,Supermarket run,3431.32
meera@example.com,Meera Iyer,2024-10-25,Transport,Fuel / commute,202.52
meera@example.com,Meera Iyer,2024-10-27,Entertainment,Movies / dining out,1065.49
meera@example.com,Meera Iyer,2024-10-29,Transport,Fuel / commute,261.64
meera@example.com,Meera Iyer,2024-11-01,Rent,Monthly rent,13857.74
meera@example.com,Meera Iyer,2024-11-02,Transport,Fuel / commute,318.58
meera@example.com,Meera Iyer,2024-11-03,Food & Groceries,Supermarket run,3303.27
meera@example.com,Meera Iyer,2024-11-04,Transport,Fuel / commute,309.29
meera@example.com,Meera Iyer,2024-11-06,Food & Groceries,Vegetables and fruit,769.94
meera@example.com,Meera Iyer,2024-11-07,Entertainment,Movies / dining out,880.65
meera@example.com,Meera Iyer,2024-11-08,Utilities,Electricity bill,1570.86
meera@example.com,Meera Iyer,2024-11-08,Transport,Fuel / commute,330.66
meera@example.com,Meera Iyer,2024-11-10,Utilities,Broadband internet,1307.04
meera@example.com,Meera Iyer,2024-11-10,Food & Groceries,Supermarket run,3412.87
meera@example.com,Meera Iyer,2024-11-11,Transport,Fuel / commute,288.02
meera@example.com,Meera Iyer,2024-11-12,Health,Doctor visit,773.36
meera@example.com,Meera Iyer,2024-11-15,Transport,Fuel / commute,275.44
meera@example.com,Meera Iyer,2024-11-16,Entertainment,Movies / dining out,823.74
meera@example.com,Meera Iyer,2024-11-17,Food & Groceries,Supermarket run,3087.31
meera@example.com,Meera Iyer,2024-11-18,Transport,Fuel / commute,223.52
meera@example.com,Meera Iyer,2024-11-20,Food & Groceries,Vegetables and fruit,776.77
meera@example.com,Meera Iyer,2024-11-22,Transport,Fuel / commute,277.99
meera@example.com,Meera Iyer,2024-11-24,Food & Groceries,Supermarket run,2870.71
meera@example.com,Meera Iyer,2024-11-25,Transport,Fuel / commute,250.3
meera@example.com,Meera Iyer,2024-11-27,Entertainment,Movies / dining out,926.99
meera@example.com,Meera Iyer,2024-11-29,Transport,Fuel / commute,274.88
meera@example.com,Meera Iyer,2024-12-01,Rent,Monthly rent,13972.54
meera@example.com,Meera Iyer,2024-12-02,Transport,Fuel / commute,267.84
meera@example.com,Meera Iyer,2024-12-03,Food & Groceries,Supermarket run,2148.15
meera@example.com,Meera Iyer,2024-12-04,Transport,Fuel / commute,286.4
meera@example.com,Meera Iyer,2024-12-06,Food & Groceries,Vegetables and fruit,702.2
meera@example.com,Meera Iyer,2024-12-07,Entertainment,Movies / dining out,603.09
meera@example.com,Meera Iyer,2024-12-08,Utilities,Electricity bill,1444.02
meera@example.com,Meera Iyer,2024-12-08,Transport,Fuel / commute,277.32
meera@example.com,Meera Iyer,2024-12-10,Utilities,Broadband internet,1305.28
meera@example.com,Meera Iyer,2024-12-10,Food & Groceries,Supermarket run,2332.79
meera@example.com,Meera Iyer,2024-12-11,Transport,Fuel / commute,280.38
meera@example.com,Meera Iyer,2024-12-12,Health,Doctor visit,693.91
meera@example.com,Meera Iyer,2024-12-15,Transport,Fuel / commute,262.22
meera@example.com,Meera Iyer,2024-12-16,Food & Groceries,Kirana store top-up,1381.05
meera@example.com,Meera Iyer,2024-12-16,Entertainment,Movies / dining out,667.42
meera@example.com,Meera Iyer,2024-12-17,Food & Groceries,Supermarket run,2197.99
meera@example.com,Meera Iyer,2024-12-18,Transport,Fuel / commute,246.25
meera@example.com,Meera Iyer,2024-12-20,Food & Groceries,Vegetables and fruit,815.89
meera@example.com,Meera Iyer,2024-12-22,Transport,Fuel / commute,258.08
meera@example.com,Meera Iyer,2024-12-24,Food & Groceries,Supermarket run,2433.66
meera@example.com,Meera Iyer,2024-12-25,Transport,Fuel / commute,214.58
meera@example.com,Meera Iyer,2024-12-27,Entertainment,Movies / dining out,681.64
meera@example.com,Meera Iyer,2024-12-29,Transport,Fuel / commute,296.06
meera@example.com,Meera Iyer,2025-01-01,Rent,Monthly rent,13902.13
meera@example.com,Meera Iyer,2025-01-02,Transport,Fuel / commute,263.31
meera@example.com,Meera Iyer,2025-01-03,Food & Groceries,Supermarket run,2240.07
meera@example.com,Meera Iyer,2025-01-04,Transport,Fuel / commute,288.47
meera@example.com,Meera Iyer,2025-01-05,Rent,Society maintenance,2447.95
meera@example.com,Meera Iyer,2025-01-06,Food & Groceries,Vegetables and fruit,630.42
meera@example.com,Meera Iyer,2025-01-07,Entertainment,Movies / dining out,511.65
meera@example.com,Meera Iyer,2025-01-08,Utilities,Electricity bill,1481.0
meera@example.com,Meera Iyer,2025-01-08,Transport,Fuel / commute,270.36
meera@example.com,Meera Iyer,2025-01-10,Utilities,Broadband internet,1314.07
meera@example.com,Meera Iyer,2025-01-10,Food & Groceries,Supermarket run,2222.66
meera@example.com,Meera Iyer,2025-01-11,Transport,Fuel / commute,288.54
meera@example.com,Meera Iyer,2025-01-12,Health,Doctor visit,791.46
meera@example.com,Meera Iyer,2025-01-15,Transport,Fuel / commute,229.4
meera@example.com,Meera Iyer,2025-01-16,Entertainment,Movies / dining out,592.56
meera@example.com,Meera Iyer,2025-01-17,Food & Groceries,Supermarket run,2260.85
meera@example.com,Meera Iyer,2025-01-18,Transport,Fuel / commute,269.36
meera@example.com,Meera Iyer,2025-01-20,Food & Groceries,Vegetables and fruit,731.09
meera@example.com,Meera Iyer,2025-01-22,Transport,Fuel / commute,226.31
meera@example.com,Meera Iyer,2025-01-24,Food & Groceries,Supermarket run,1928.2
meera@example.com,Meera Iyer,2025-01-25,Transport,Fuel / commute,282.23
meera@example.com,Meera Iyer,2025-01-27,Entertainment,Movies / dining out,687.85
meera@example.com,Meera Iyer,2025-01-29,Transport,Fuel / commute,208.92
meera@example.com,Meera Iyer,2025-02-01,Rent,Monthly rent,13846.54
meera@example.com,Meera Iyer,2025-02-02,Transport,Fuel / commute,285.89
meera@example.com,Meera Iyer,2025-02-03,Food & Groceries,Supermarket run,2082.58
meera@example.com,Meera Iyer,2025-02-04,Transport,Fuel / commute,219.79
meera@example.com,Meera Iyer,2025-02-06,Food & Groceries,Vegetables and fruit,700.11
meera@example.com,Meera Iyer,2025-02-07,Entertainment,Movies / dining out,668.48
meera@example.com,Meera Iyer,2025-02-08,Utilities,Electricity bill,1425.56
meera@example.com,Meera Iyer,2025-02-08,Transport,Fuel / commute,251.94
meera@example.com,Meera Iyer,2025-02-10,Utilities,Broadband internet,1293.49
meera@example.com,Meera Iyer,2025-02-10,Food & Groceries,Supermarket run,2400.26
meera@example.com,Meera Iyer,2025-02-11,Transport,Fuel / commute,317.11
meera@example.com,Meera Iyer,2025-02-12,Health,Doctor visit,774.74
meera@example.com,Meera Iyer,2025-02-15,Transport,Fuel / commute,236.58
meera@example.com,Meera Iyer,2025-02-16,Entertainment,Movies / dining out,769.67
meera@example.com,Meera Iyer,2025-02-17,Food & Groceries,Supermarket run,2472.86
meera@example.com,Meera Iyer,2025-02-18,Transport,Fuel / commute,246.21
meera@example.com,Meera Iyer,2025-02-20,Food & Groceries,Vegetables and fruit,724.72
meera@example.com,Meera Iyer,2025-02-22,Transport,Fuel / commute,270.95
meera@example.com,Meera Iyer,2025-02-24,Food & Groceries,Supermarket run,2232.08
meera@example.com,Meera Iyer,2025-02-25,Transport,Fuel / commute,279.72
meera@example.com,Meera Iyer,2025-02-27,Entertainment,Movies / dining out,613.59
meera@example.com,Meera Iyer,2025-03-01,Rent,Monthly rent,13973.89
meera@example.com,Meera Iyer,2025-03-02,Transport,Fuel / commute,201.67
meera@example.com,Meera Iyer,2025-03-03,Food & Groceries,Supermarket run,2271.06
meera@example.com,Meera Iyer,2025-03-04,Transport,Fuel / commute,266.52
meera@example.com,Meera Iyer,2025-03-06,Food & Groceries,Vegetables and fruit,804.2
meera@example.com,Meera Iyer,2025-03-07,Entertainment,Movies / dining out,696.49
meera@example.com,Meera Iyer,2025-03-08,Utilities,Electricity bill,1516.4
meera@example.com,Meera Iyer,2025-03-08,Transport,Fuel / commute,246.66
meera@example.com,Meera Iyer,2025-03-10,Utilities,Broadband internet,1318.14
meera@example.com,Meera Iyer,2025-03-10,Food & Groceries,Supermarket run,2259.48
meera@example.com,Meera Iyer,2025-03-11,Transport,Fuel / commute,267.12
meera@example.com,Meera Iyer,2025-03-12,Health,Doctor visit,710.27
meera@example.com,Meera Iyer,2025-03-15,Transport,Fuel / commute,249.49
meera@example.com,Meera Iyer,2025-03-16,Entertainment,Movies / dining out,693.47
meera@example.com,Meera Iyer,2025-03-17,Food & Groceries,Supermarket run,2450.06
meera@example.com,Meera Iyer,2025-03-18,Transport,Fuel / commute,270.67
meera@example.com,Meera Iyer,2025-03-20,Food & Groceries,Vegetables and fruit,730.07
meera@example.com,Meera Iyer,2025-03-21,Health,Pharmacy / lab tests,1650.05
meera@example.com,Meera Iyer,2025-03-22,Transport,Fuel / commute,237.5
meera@example.com,Meera Iyer,2025-03-24,Food & Groceries,Supermarket run,2480.87
meera@example.com,Meera Iyer,2025-03-25,Transport,Fuel / commute,229.64
meera@example.com,Meera Iyer,2025-03-27,Entertainment,Movies / dining out,684.52
meera@example.com,Meera Iyer,2025-03-29,Transport,Fuel / commute,311.15
meera@example.com,Meera Iyer,2025-04-01,Rent,Monthly rent,13979.85
meera@example.com,Meera Iyer,2025-04-02,Transport,Fuel / commute,277.16
meera@example.com,Meera Iyer,2025-04-03,Food & Groceries,Supermarket run,2129.89
meera@example.com,Meera Iyer,2025-04-04,Transport,Fuel / commute,349.16
meera@example.com,Meera Iyer,2025-04-05,Rent,Society maintenance,2467.08
meera@example.com,Meera Iyer,2025-04-06,Food & Groceries,Vegetables and fruit,697.35
meera@example.com,Meera Iyer,2025-04-07,Entertainment,Movies / dining out,636.95
meera@example.com,Meera Iyer,2025-04-08,Utilities,Electricity bill,1688.28
meera@example.com,Meera Iyer,2025-04-08,Transport,Fuel / commute,296.62
meera@example.com,Meera Iyer,2025-04-10,Utilities,Broadband internet,1311.51
meera@example.com,Meera Iyer,2025-04-10,Food & Groceries,Supermarket run,2517.5
meera@example.com,Meera Iyer,2025-04-11,Transport,Fuel / commute,276.61
meera@example.com,Meera Iyer,2025-04-12,Health,Doctor visit,864.09
meera@example.com,Meera Iyer,2025-04-15,Transport,Fuel / commute,283.88
meera@example.com,Meera Iyer,2025-04-16,Entertainment,Movies / dining out,510.09
meera@example.com,Meera Iyer,2025-04-17,Food & Groceries,Supermarket run,2323.35
meera@example.com,Meera Iyer,2025-04-18,Transport,Fuel / commute,214.97
meera@example.com,Meera Iyer,2025-04-20,Food & Groceries,Vegetables and fruit,683.59
meera@example.com,Meera Iyer,2025-04-21,Health,Pharmacy / lab tests,1714.82
meera@example.com,Meera Iyer,2025-04-22,Transport,Fuel / commute,235.5
meera@example.com,Meera Iyer,2025-04-24,Food & Groceries,Supermarket run,2557.14
meera@example.com,Meera Iyer,2025-04-25,Transport,Fuel / commute,190.15
meera@example.com,Meera Iyer,2025-04-27,Entertainment,Movies / dining out,610.3
meera@example.com,Meera Iyer,2025-04-29,Transport,Fuel / commute,328.66
meera@example.com,Meera Iyer,2025-05-01,Rent,Monthly rent,14193.31
meera@example.com,Meera Iyer,2025-05-02,Transport,Fuel / commute,314.63
meera@example.com,Meera Iyer,2025-05-03,Food & Groceries,Supermarket run,2500.05
meera@example.com,Meera Iyer,2025-05-04,Transport,Fuel / commute,282.25
meera@example.com,Meera Iyer,2025-05-06,Food & Groceries,Vegetables and fruit,757.28
meera@example.com,Meera Iyer,2025-05-07,Entertainment,Movies / dining out,612.58
meera@example.com,Meera Iyer,2025-05-08,Utilities,Electricity bill,1899.39
meera@example.com,Meera Iyer,2025-05-08,Transport,Fuel / commute,269.22
meera@example.com,Meera Iyer,2025-05-10,Utilities,Broadband internet,1325.47
meera@example.com,Meera Iyer,2025-05-10,Food & Groceries,Supermarket run,2770.32
meera@example.com,Meera Iyer,2025-05-11,Transport,Fuel / commute,302.28
meera@example.com,Meera Iyer,2025-05-12,Health,Doctor visit,710.68
meera@example.com,Meera Iyer,2025-05-15,Transport,Fuel / commute,243.36
meera@example.com,Meera Iyer,2025-05-16,Entertainment,Movies / dining out,631.64
meera@example.com,Meera Iyer,2025-05-17,Food & Groceries,Supermarket run,2729.63
meera@example.com,Meera Iyer,2025-05-18,Transport,Fuel / commute,249.46
meera@example.com,Meera Iyer,2025-05-20,Food & Groceries,Vegetables and fruit,806.07
meera@example.com,Meera Iyer,2025-05-21,Health,Pharmacy / lab tests,1572.2
meera@example.com,Meera Iyer,2025-05-22,Transport,Fuel / commute,271.23
meera@example.com,Meera Iyer,2025-05-24,Food & Groceries,Supermarket run,2730.74
meera@example.com,Meera Iyer,2025-05-25,Transport,Fuel / commute,215.93
meera@example.com,Meera Iyer,2025-05-27,Entertainment,Movies / dining out,602.75
meera@example.com,Meera Iyer,2025-05-29,Transport,Fuel / commute,300.09
meera@example.com,Meera Iyer,2025-06-01,Rent,Monthly rent,14114.24
meera@example.com,Meera Iyer,2025-06-02,Transport,Fuel / commute,196.68
meera@example.com,Meera Iyer,2025-06-03,Food & Groceries,Supermarket run,2854.34
meera@example.com,Meera Iyer,2025-06-04,Transport,Fuel / commute,274.8
meera@example.com,Meera Iyer,2025-06-06,Food & Groceries,Vegetables and fruit,743.64
meera@example.com,Meera Iyer,2025-06-07,Entertainment,Movies / dining out,659.37
meera@example.com,Meera Iyer,2025-06-08,Utilities,Electricity bill,2163.67
meera@example.com,Meera Iyer,2025-06-08,Transport,Fuel / commute,271.18
meera@example.com,Meera Iyer,2025-06-10,Utilities,Broadband internet,1330.06
meera@example.com,Meera Iyer,2025-06-10,Food & Groceries,Supermarket run,2655.89
meera@example.com,Meera Iyer,2025-06-11,Transport,Fuel / commute,228.73
meera@example.com,Meera Iyer,2025-06-12,Health,Doctor visit,805.39
meera@example.com,Meera Iyer,2025-06-15,Transport,Fuel / commute,295.86
meera@example.com,Meera Iyer,2025-06-16,Entertainment,Movies / dining out,618.09
meera@example.com,Meera Iyer,2025-06-17,Food & Groceries,Supermarket run,2698.54
meera@example.com,Meera Iyer,2025-06-18,Transport,Fuel / commute,249.99
meera@example.com,Meera Iyer,2025-06-20,Food & Groceries,Vegetables and fruit,816.48
meera@example.com,Meera Iyer,2025-06-22,Transport,Fuel / commute,262.06
meera@example.com,Meera Iyer,2025-06-24,Food & Groceries,Supermarket run,2712.25
meera@example.com,Meera Iyer,2025-06-25,Transport,Fuel / commute,334.53
meera@example.com,Meera Iyer,2025-06-27,Entertainment,Movies / dining out,781.84
meera@example.com,Meera Iyer,2025-06-29,Transport,Fuel / commute,306.98
meera@example.com,Meera Iyer,2025-07-01,Rent,Monthly rent,14108.8
meera@example.com,Meera Iyer,2025-07-02,Transport,Fuel / commute,229.28
meera@example.com,Meera Iyer,2025-07-03,Food & Groceries,Supermarket run,2745.59
meera@example.com,Meera Iyer,2025-07-04,Transport,Fuel / commute,302.53
meera@example.com,Meera Iyer,2025-07-05,Rent,Society maintenance,2399.68
meera@example.com,Meera Iyer,2025-07-06,Food & Groceries,Vegetables and fruit,706.51
meera@example.com,Meera Iyer,2025-07-07,Entertainment,Movies / dining out,643.31
meera@example.com,Meera Iyer,2025-07-08,Utilities,Electricity bill,2250.36
meera@example.com,Meera Iyer,2025-07-08,Transport,Fuel / commute,258.78
meera@example.com,Meera Iyer,2025-07-10,Utilities,Broadband internet,1334.1
meera@example.com,Meera Iyer,2025-07-10,Food & Groceries,Supermarket run,2928.46
meera@example.com,Meera Iyer,2025-07-11,Transport,Fuel / commute,327.07
meera@example.com,Meera Iyer,2025-07-12,Food & Groceries,Kirana store top-up,1320.45
meera@example.com,Meera Iyer,2025-07-12,Health,Doctor visit,879.07
meera@example.com,Meera Iyer,2025-07-15,Transport,Fuel / commute,228.38
meera@example.com,Meera Iyer,2025-07-16,Entertainment,Movies / dining out,572.35
meera@example.com,Meera Iyer,2025-07-17,Food & Groceries,Supermarket run,2811.72
meera@example.com,Meera Iyer,2025-07-18,Transport,Fuel / commute,268.65
meera@example.com,Meera Iyer,2025-07-20,Food & Groceries,Vegetables and fruit,773.51
meera@example.com,Meera Iyer,2025-07-22,Transport,Fuel / commute,251.54
meera@example.com,Meera Iyer,2025-07-24,Food & Groceries,Supermarket run,2692.46
meera@example.com,Meera Iyer,2025-07-25,Transport,Fuel / commute,242.47
meera@example.com,Meera Iyer,2025-07-27,Entertainment,Movies / dining out,493.66
meera@example.com,Meera Iyer,2025-07-29,Transport,Fuel / commute,258.57
meera@example.com,Meera Iyer,2025-08-01,Rent,Monthly rent,14218.47
meera@example.com,Meera Iyer,2025-08-02,Transport,Fuel / commute,314.85
meera@example.com,Meera Iyer,2025-08-03,Food & Groceries,Supermarket run,2937.46
meera@example.com,Meera Iyer,2025-08-04,Transport,Fuel / commute,309.96
meera@example.com,Meera Iyer,2025-08-06,Food & Groceries,Vegetables and fruit,758.02
meera@example.com,Meera Iyer,2025-08-07,Entertainment,Movies / dining out,599.22
meera@example.com,Meera Iyer,2025-08-08,Utilities,Electricity bill,2121.79
meera@example.com,Meera Iyer,2025-08-08,Transport,Fuel / commute,275.45
meera@example.com,Meera Iyer,2025-08-10,Utilities,Broadband internet,1324.85
meera@example.com,Meera Iyer,2025-08-10,Food & Groceries,Supermarket run,2581.91
meera@example.com,Meera Iyer,2025-08-11,Transport,Fuel / commute,309.16
meera@example.com,Meera Iyer,2025-08-12,Health,Doctor visit,710.9
meera@example.com,Meera Iyer,2025-08-15,Transport,Fuel / commute,253.25
meera@example.com,Meera Iyer,2025-08-16,Entertainment,Movies / dining out,681.51
meera@example.com,Meera Iyer,2025-08-17,Food & Groceries,Supermarket run,2597.75
meera@example.com,Meera Iyer,2025-08-18,Transport,Fuel / commute,215.24
meera@example.com,Meera Iyer,2025-08-20,Food & Groceries,Vegetables and fruit,788.47
meera@example.com,Meera Iyer,2025-08-22,Transport,Fuel / commute,253.24
meera@example.com,Meera Iyer,2025-08-24,Food & Groceries,Supermarket run,2639.63
meera@example.com,Meera Iyer,2025-08-25,Transport,Fuel / commute,248.78
meera@example.com,Meera Iyer,2025-08-27,Entertainment,Movies / dining out,764.88
meera@example.com,Meera Iyer,2025-08-29,Transport,Fuel / commute,254.54
meera@example.com,Meera Iyer,2025-09-01,Rent,Monthly rent,14294.14
meera@example.com,Meera Iyer,2025-09-02,Transport,Fuel / commute,286.12
meera@example.com,Meera Iyer,2025-09-03,Food & Groceries,Supermarket run,2753.75
meera@example.com,Meera Iyer,2025-09-04,Transport,Fuel / commute,237.07
meera@example.com,Meera Iyer,2025-09-06,Food & Groceries,Vegetables and fruit,631.47
meera@example.com,Meera Iyer,2025-09-07,Entertainment,Movies / dining out,594.39
meera@example.com,Meera Iyer,2025-09-08,Utilities,Electricity bill,2009.76
meera@example.com,Meera Iyer,2025-09-08,Transport,Fuel / commute,310.92
meera@example.com,Meera Iyer,2025-09-10,Utilities,Broadband internet,1333.32
meera@example.com,Meera Iyer,2025-09-10,Food & Groceries,Supermarket run,2754.52
meera@example.com,Meera Iyer,2025-09-11,Transport,Fuel / commute,281.29
meera@example.com,Meera Iyer,2025-09-15,Transport,Fuel / commute,320.98
meera@example.com,Meera Iyer,2025-09-16,Entertainment,Movies / dining out,526.1
meera@example.com,Meera Iyer,2025-09-17,Food & Groceries,Supermarket run,2543.53
meera@example.com,Meera Iyer,2025-09-18,Transport,Fuel / commute,288.53
meera@example.com,Meera Iyer,2025-09-20,Food & Groceries,Vegetables and fruit,757.6
meera@example.com,Meera Iyer,2025-09-22,Transport,Fuel / commute,240.89
meera@example.com,Meera Iyer,2025-09-24,Food & Groceries,Supermarket run,2422.57
meera@example.com,Meera Iyer,2025-09-25,Transport,Fuel / commute,291.43
meera@example.com,Meera Iyer,2025-09-27,Entertainment,Movies / dining out,643.85
meera@example.com,Meera Iyer,2025-09-29,Transport,Fuel / commute,298.46
meera@example.com,Meera Iyer,2025-10-01,Rent,Monthly rent,14327.37
meera@example.com,Meera Iyer,2025-10-02,Transport,Fuel / commute,268.65
meera@example.com,Meera Iyer,2025-10-03,Food & Groceries,Supermarket run,3405.51
meera@example.com,Meera Iyer,2025-10-04,Transport,Fuel / commute,219.38
meera@example.com,Meera Iyer,2025-10-05,Rent,Society maintenance,2284.15
meera@example.com,Meera Iyer,2025-10-06,Food & Groceries,Vegetables and fruit,781.34
meera@example.com,Meera Iyer,2025-10-07,Entertainment,Movies / dining out,801.39
meera@example.com,Meera Iyer,2025-10-08,Utilities,Electricity bill,1760.68
meera@example.com,Meera Iyer,2025-10-08,Transport,Fuel / commute,321.6
meera@example.com,Meera Iyer,2025-10-10,Utilities,Broadband internet,1338.73
meera@example.com,Meera Iyer,2025-10-10,Food & Groceries,Supermarket run,3603.46
meera@example.com,Meera Iyer,2025-10-11,Transport,Fuel / commute,266.36
meera@example.com,Meera Iyer,2025-10-12,Health,Doctor visit,787.89
meera@example.com,Meera Iyer,2025-10-15,Transport,Fuel / commute,293.88
meera@example.com,Meera Iyer,2025-10-16,Entertainment,Movies / dining out,848.34
meera@example.com,Meera Iyer,2025-10-17,Food & Groceries,Supermarket run,3625.8
meera@example.com,Meera Iyer,2025-10-18,Transport,Fuel / commute,299.63
meera@example.com,Meera Iyer,2025-10-20,Food & Groceries,Vegetables and fruit,748.97
meera@example.com,Meera Iyer,2025-10-22,Transport,Fuel / commute,235.66
meera@example.com,Meera Iyer,2025-10-24,Food & Groceries,Supermarket run,3713.23
meera@example.com,Meera Iyer,2025-10-25,Transport,Fuel / commute,246.36
meera@example.com,Meera Iyer,2025-10-27,Entertainment,Movies / dining out,973.69
meera@example.com,Meera Iyer,2025-10-29,Transport,Fuel / commute,328.49
meera@example.com,Meera Iyer,2025-11-01,Rent,Monthly rent,14284.6
meera@example.com,Meera Iyer,2025-11-02,Transport,Fuel / commute,302.9
meera@example.com,Meera Iyer,2025-11-03,Food & Groceries,Supermarket run,3372.43
meera@example.com,Meera Iyer,2025-11-04,Transport,Fuel / commute,339.23
meera@example.com,Meera Iyer,2025-11-06,Food & Groceries,Vegetables and fruit,790.04
meera@example.com,Meera Iyer,2025-11-07,Entertainment,Movies / dining out,857.03
meera@example.com,Meera Iyer,2025-11-08,Utilities,Electricity bill,1652.92
meera@example.com,Meera Iyer,2025-11-08,Transport,Fuel / commute,256.63
meera@example.com,Meera Iyer,2025-11-10,Utilities,Broadband internet,1340.7
meera@example.com,Meera Iyer,2025-11-10,Food & Groceries,Supermarket run,3527.43
meera@example.com,Meera Iyer,2025-11-11,Transport,Fuel / commute,245.89
meera@example.com,Meera Iyer,2025-11-12,Health,Doctor visit,728.43
meera@example.com,Meera Iyer,2025-11-15,Transport,Fuel / commute,243.93
meera@example.com,Meera Iyer,2025-11-16,Entertainment,Movies / dining out,882.64
meera@example.com,Meera Iyer,2025-11-17,Food & Groceries,Supermarket run,3227.75
meera@example.com,Meera Iyer,2025-11-18,Transport,Fuel / commute,311.04
meera@example.com,Meera Iyer,2025-11-20,Food & Groceries,Vegetables and fruit,764.9
meera@example.com,Meera Iyer,2025-11-21,Health,Pharmacy / lab tests,1740.4
meera@example.com,Meera Iyer,2025-11-22,Transport,Fuel / commute,315.54
meera@example.com,Meera Iyer,2025-11-24,Food & Groceries,Supermarket run,3425.87
meera@example.com,Meera Iyer,2025-11-25,Transport,Fuel / commute,259.97
meera@example.com,Meera Iyer,2025-11-27,Entertainment,Movies / dining out,809.69
meera@example.com,Meera Iyer,2025-11-29,Transport,Fuel / commute,206.65
meera@example.com,Meera Iyer,2025-12-01,Rent,Monthly rent,14296.55
meera@example.com,Meera Iyer,2025-12-02,Transport,Fuel / commute,281.7
meera@example.com,Meera Iyer,2025-12-03,Food & Groceries,Supermarket run,2062.96
meera@example.com,Meera Iyer,2025-12-04,Transport,Fuel / commute,304.21
meera@example.com,Meera Iyer,2025-12-06,Food & Groceries,Vegetables and fruit,871.99
meera@example.com,Meera Iyer,2025-12-07,Entertainment,Movies / dining out,728.67
meera@example.com,Meera Iyer,2025-12-08,Utilities,Electricity bill,1552.16
meera@example.com,Meera Iyer,2025-12-08,Transport,Fuel / commute,221.29
meera@example.com,Meera Iyer,2025-12-10,Utilities,Broadband internet,1361.0
meera@example.com,Meera Iyer,2025-12-10,Food & Groceries,Supermarket run,2426.81
meera@example.com,Meera Iyer,2025-12-11,Transport,Fuel / commute,281.1
meera@example.com,Meera Iyer,2025-12-12,Health,Doctor visit,706.28
meera@example.com,Meera Iyer,2025-12-15,Transport,Fuel / commute,280.84
meera@example.com,Meera Iyer,2025-12-16,Entertainment,Movies / dining out,643.89
meera@example.com,Meera Iyer,2025-12-17,Food & Groceries,Supermarket run,1938.48
meera@example.com,Meera Iyer,2025-12-18,Transport,Fuel / commute,340.98
meera@example.com,Meera Iyer,2025-12-20,Food & Groceries,Vegetables and fruit,740.11
meera@example.com,Meera Iyer,2025-12-22,Transport,Fuel / commute,237.37
meera@example.com,Meera Iyer,2025-12-24,Food & Groceries,Supermarket run,2231.63
meera@example.com,Meera Iyer,2025-12-25,Transport,Fuel / commute,265.93
meera@example.com,Meera Iyer,2025-12-27,Entertainment,Movies / dining out,599.05
meera@example.com,Meera Iyer,2025-12-29,Transport,Fuel / commute,247.65
meera@example.com,Meera Iyer,2026-01-01,Rent,Monthly rent,14333.35
meera@example.com,Meera Iyer,2026-01-02,Transport,Fuel / commute,331.7
meera@example.com,Meera Iyer,2026-01-03,Food & Groceries,Supermarket run,2195.52
meera@example.com,Meera Iyer,2026-01-04,Transport,Fuel / commute,303.47
meera@example.com,Meera Iyer,2026-01-05,Rent,Society maintenance,2394.13
meera@example.com,Meera Iyer,2026-01-06,Food & Groceries,Vegetables and fruit,690.51
meera@example.com,Meera Iyer,2026-01-07,Entertainment,Movies / dining out,635.74
meera@example.com,Meera Iyer,2026-01-08,Utilities,Electricity bill,1566.54
meera@example.com,Meera Iyer,2026-01-08,Transport,Fuel / commute,248.71
meera@example.com,Meera Iyer,2026-01-10,Utilities,Broadband internet,1338.65
meera@example.com,Meera Iyer,2026-01-10,Food & Groceries,Supermarket run,2174.81
meera@example.com,Meera Iyer,2026-01-11,Transport,Fuel / commute,270.55
meera@example.com,Meera Iyer,2026-01-12,Health,Doctor visit,746.52
meera@example.com,Meera Iyer,2026-01-15,Transport,Fuel / commute,271.62
meera@example.com,Meera Iyer,2026-01-16,Entertainment,Movies / dining out,654.58
meera@example.com,Meera Iyer,2026-01-17,Food & Groceries,Supermarket run,2456.79
meera@example.com,Meera Iyer,2026-01-18,Transport,Fuel / commute,261.47
meera@example.com,Meera Iyer,2026-01-20,Food & Groceries,Vegetables and fruit,733.56
meera@example.com,Meera Iyer,2026-01-22,Transport,Fuel / commute,222.15
meera@example.com,Meera Iyer,2026-01-24,Food & Groceries,Supermarket run,2302.05
meera@example.com,Meera Iyer,2026-01-25,Transport,Fuel / commute,256.78
meera@example.com,Meera Iyer,2026-01-27,Entertainment,Movies / dining out,815.06
meera@example.com,Meera Iyer,2026-01-29,Transport,Fuel / commute,326.11
meera@example.com,Meera Iyer,2026-02-01,Rent,Monthly rent,14309.57
meera@example.com,Meera Iyer,2026-02-02,Transport,Fuel / commute,345.68
meera@example.com,Meera Iyer,2026-02-03,Food & Groceries,Supermarket run,2503.41
meera@example.com,Meera Iyer,2026-02-04,Transport,Fuel / commute,257.04
meera@example.com,Meera Iyer,2026-02-06,Food & Groceries,Vegetables and fruit,702.88
meera@example.com,Meera Iyer,2026-02-07,Entertainment,Movies / dining out,647.76
meera@example.com,Meera Iyer,2026-02-08,Utilities,Electricity bill,1521.94
meera@example.com,Meera Iyer,2026-02-08,Transport,Fuel / commute,201.09
meera@example.com,Meera Iyer,2026-02-10,Utilities,Broadband internet,1346.55
meera@example.com,Meera Iyer,2026-02-10,Food & Groceries,Supermarket run,2497.9
meera@example.com,Meera Iyer,2026-02-11,Transport,Fuel / commute,314.98
meera@example.com,Meera Iyer,2026-02-12,Health,Doctor visit,642.1
meera@example.com,Meera Iyer,2026-02-15,Transport,Fuel / commute,330.8
meera@example.com,Meera Iyer,2026-02-16,Entertainment,Movies / dining out,693.76
meera@example.com,Meera Iyer,2026-02-17,Food & Groceries,Supermarket run,2397.43
meera@example.com,Meera Iyer,2026-02-18,Transport,Fuel / commute,336.14
meera@example.com,Meera Iyer,2026-02-20,Food & Groceries,Vegetables and fruit,724.31
meera@example.com,Meera Iyer,2026-02-22,Transport,Fuel / commute,315.26
meera@example.com,Meera Iyer,2026-02-24,Food & Groceries,Supermarket run,2248.21
meera@example.com,Meera Iyer,2026-02-25,Transport,Fuel / commute,320.74
meera@example.com,Meera Iyer,2026-02-27,Entertainment,Movies / dining out,635.12
meera@example.com,Meera Iyer,2026-03-01,Rent,Monthly rent,14413.02
meera@example.com,Meera Iyer,2026-03-02,Transport,Fuel / commute,295.65
meera@example.com,Meera Iyer,2026-03-03,Food & Groceries,Supermarket run,2551.03
meera@example.com,Meera Iyer,2026-03-04,Transport,Fuel / commute,244.87
meera@example.com,Meera Iyer,2026-03-06,Food & Groceries,Vegetables and fruit,813.58
meera@example.com,Meera Iyer,2026-03-07,Entertainment,Movies / dining out,730.37
meera@example.com,Meera Iyer,2026-03-08,Utilities,Electricity bill,1555.53
meera@example.com,Meera Iyer,2026-03-08,Transport,Fuel / commute,279.03
meera@example.com,Meera Iyer,2026-03-10,Utilities,Broadband internet,1362.74
meera@example.com,Meera Iyer,2026-03-10,Food & Groceries,Supermarket run,2575.94
meera@example.com,Meera Iyer,2026-03-11,Transport,Fuel / commute,383.36
meera@example.com,Meera Iyer,2026-03-15,Transport,Fuel / commute,291.38
meera@example.com,Meera Iyer,2026-03-16,Entertainment,Movies / dining out,674.33
meera@example.com,Meera Iyer,2026-03-17,Food & Groceries,Supermarket run,2644.32
meera@example.com,Meera Iyer,2026-03-18,Transport,Fuel / commute,252.0
meera@example.com,Meera Iyer,2026-03-20,Food & Groceries,Vegetables and fruit,677.54
meera@example.com,Meera Iyer,2026-03-21,Health,Pharmacy / lab tests,1997.02
meera@example.com,Meera Iyer,2026-03-22,Transport,Fuel / commute,294.9
meera@example.com,Meera Iyer,2026-03-24,Food & Groceries,Supermarket run,2408.57
meera@example.com,Meera Iyer,2026-03-25,Transport,Fuel / commute,263.7
meera@example.com,Meera Iyer,2026-03-27,Entertainment,Movies / dining out,617.04
meera@example.com,Meera Iyer,2026-03-29,Transport,Fuel / commute,248.73
meera@example.com,Meera Iyer,2026-04-01,Rent,Monthly rent,14546.69
meera@example.com,Meera Iyer,2026-04-02,Transport,Fuel / commute,264.76
meera@example.com,Meera Iyer,2026-04-03,Food & Groceries,Supermarket run,2333.58
meera@example.com,Meera Iyer,2026-04-04,Transport,Fuel / commute,295.39
meera@example.com,Meera Iyer,2026-04-05,Rent,Society maintenance,2623.49
meera@example.com,Meera Iyer,2026-04-06,Food & Groceries,Vegetables and fruit,713.08
meera@example.com,Meera Iyer,2026-04-07,Entertainment,Movies / dining out,578.05
meera@example.com,Meera Iyer,2026-04-08,Utilities,Electricity bill,1704.74
meera@example.com,Meera Iyer,2026-04-08,Transport,Fuel / commute,227.69
meera@example.com,Meera Iyer,2026-04-10,Utilities,Broadband internet,1359.31
meera@example.com,Meera Iyer,2026-04-10,Food & Groceries,Supermarket run,2559.79
meera@example.com,Meera Iyer,2026-04-11,Transport,Fuel / commute,286.41
meera@example.com,Meera Iyer,2026-04-12,Health,Doctor visit,967.05
meera@example.com,Meera Iyer,2026-04-15,Transport,Fuel / commute,241.25
meera@example.com,Meera Iyer,2026-04-16,Entertainment,Movies / dining out,740.16
meera@example.com,Meera Iyer,2026-04-17,Food & Groceries,Supermarket run,2329.48
meera@example.com,Meera Iyer,2026-04-18,Transport,Fuel / commute,267.56
meera@example.com,Meera Iyer,2026-04-20,Food & Groceries,Vegetables and fruit,835.06
meera@example.com,Meera Iyer,2026-04-22,Transport,Fuel / commute,356.78
meera@example.com,Meera Iyer,2026-04-24,Food & Groceries,Supermarket run,2473.26
meera@example.com,Meera Iyer,2026-04-25,Transport,Fuel / commute,313.5
meera@example.com,Meera Iyer,2026-04-27,Entertainment,Movies / dining out,529.93
meera@example.com,Meera Iyer,2026-04-29,Transport,Fuel / commute,277.62
meera@example.com,Meera Iyer,2026-05-01,Rent,Monthly rent,14453.76
meera@example.com,Meera Iyer,2026-05-02,Transport,Fuel / commute,236.11
meera@example.com,Meera Iyer,2026-05-03,Food & Groceries,Supermarket run,2655.16
meera@example.com,Meera Iyer,2026-05-04,Transport,Fuel / commute,284.9
meera@example.com,Meera Iyer,2026-05-06,Food & Groceries,Vegetables and fruit,780.14
meera@example.com,Meera Iyer,2026-05-07,Entertainment,Movies / dining out,741.29
meera@example.com,Meera Iyer,2026-05-08,Utilities,Electricity bill,1943.03
meera@example.com,Meera Iyer,2026-05-08,Transport,Fuel / commute,272.77
meera@example.com,Meera Iyer,2026-05-10,Utilities,Broadband internet,1366.41
meera@example.com,Meera Iyer,2026-05-10,Food & Groceries,Supermarket run,2614.86
meera@example.com,Meera Iyer,2026-05-11,Transport,Fuel / commute,267.13
meera@example.com,Meera Iyer,2026-05-12,Health,Doctor visit,746.05
meera@example.com,Meera Iyer,2026-05-15,Transport,Fuel / commute,209.59
meera@example.com,Meera Iyer,2026-05-16,Entertainment,Movies / dining out,692.79
meera@example.com,Meera Iyer,2026-05-17,Food & Groceries,Supermarket run,2542.69
meera@example.com,Meera Iyer,2026-05-18,Transport,Fuel / commute,305.95
meera@example.com,Meera Iyer,2026-05-20,Food & Groceries,Vegetables and fruit,752.69
meera@example.com,Meera Iyer,2026-05-22,Transport,Fuel / commute,240.94
meera@example.com,Meera Iyer,2026-05-24,Food & Groceries,Supermarket run,2408.64
meera@example.com,Meera Iyer,2026-05-25,Transport,Fuel / commute,284.92
meera@example.com,Meera Iyer,2026-05-27,Entertainment,Movies / dining out,739.56
meera@example.com,Meera Iyer,2026-05-29,Transport,Fuel / commute,255.35
meera@example.com,Meera Iyer,2026-06-01,Rent,Monthly rent,14728.13
meera@example.com,Meera Iyer,2026-06-02,Transport,Fuel / commute,286.39
meera@example.com,Meera Iyer,2026-06-03,Food & Groceries,Supermarket run,2866.29
meera@example.com,Meera Iyer,2026-06-04,Transport,Fuel / commute,261.19
meera@example.com,Meera Iyer,2026-06-06,Food & Groceries,Vegetables and fruit,752.55
meera@example.com,Meera Iyer,2026-06-07,Entertainment,Movies / dining out,636.78
meera@example.com,Meera Iyer,2026-06-08,Utilities,Electricity bill,2088.57
meera@example.com,Meera Iyer,2026-06-08,Transport,Fuel / commute,308.24
meera@example.com,Meera Iyer,2026-06-10,Utilities,Broadband internet,1363.33
meera@example.com,Meera Iyer,2026-06-10,Food & Groceries,Supermarket run,3129.89
meera@example.com,Meera Iyer,2026-06-11,Transport,Fuel / commute,228.93
meera@example.com,Meera Iyer,2026-06-12,Health,Doctor visit,843.84
meera@example.com,Meera Iyer,2026-06-15,Transport,Fuel / commute,313.88
meera@example.com,Meera Iyer,2026-06-16,Entertainment,Movies / dining out,674.94
meera@example.com,Meera Iyer,2026-06-17,Food & Groceries,Supermarket run,2863.81
meera@example.com,Meera Iyer,2026-06-18,Transport,Fuel / commute,284.93
meera@example.com,Meera Iyer,2026-06-20,Food & Groceries,Vegetables and fruit,741.84
meera@example.com,Meera Iyer,2026-06-22,Transport,Fuel / commute,276.29
meera@example.com,Meera Iyer,2026-06-24,Food & Groceries,Supermarket run,2948.69
meera@example.com,Meera Iyer,2026-06-25,Transport,Fuel / commute,227.68
meera@example.com,Meera Iyer,2026-06-27,Entertainment,Movies / dining out,584.19
meera@example.com,Meera Iyer,2026-06-29,Transport,Fuel / commute,250.25
meera@example.com,Meera Iyer,2026-07-01,Rent,Monthly rent,14655.64
meera@example.com,Meera Iyer,2026-07-02,Transport,Fuel / commute,303.31
meera@example.com,Meera Iyer,2026-07-03,Food & Groceries,Supermarket run,2736.31
meera@example.com,Meera Iyer,2026-07-04,Transport,Fuel / commute,255.54
meera@example.com,Meera Iyer,2026-07-05,Rent,Society maintenance,2218.21
meera@example.com,Meera Iyer,2026-07-06,Food & Groceries,Vegetables and fruit,723.69
meera@example.com,Meera Iyer,2026-07-07,Entertainment,Movies / dining out,510.41
meera@example.com,Meera Iyer,2026-07-08,Utilities,Electricity bill,2305.24
meera@example.com,Meera Iyer,2026-07-08,Transport,Fuel / commute,336.61
meera@example.com,Meera Iyer,2026-07-10,Utilities,Broadband internet,1372.76
meera@example.com,Meera Iyer,2026-07-10,Food & Groceries,Supermarket run,2689.46
meera@example.com,Meera Iyer,2026-07-11,Transport,Fuel / commute,238.16
meera@example.com,Meera Iyer,2026-07-12,Health,Doctor visit,812.82
meera@example.com,Meera Iyer,2026-07-15,Transport,Fuel / commute,293.47
meera@example.com,Meera Iyer,2026-07-16,Entertainment,Movies / dining out,681.34
meera@example.com,Meera Iyer,2026-07-17,Food & Groceries,Supermarket run,3061.09
meera@example.com,Meera Iyer,2026-07-18,Transport,Fuel / commute,301.06
meera@example.com,Meera Iyer,2026-07-19,Food & Groceries,Kirana store top-up,1596.61
meera@example.com,Meera Iyer,2026-07-20,Food & Groceries,Vegetables and fruit,783.12
meera@example.com,Meera Iyer,2026-07-22,Transport,Fuel / commute,254.34
meera@example.com,Meera Iyer,2026-07-24,Food & Groceries,Supermarket run,2547.27
meera@example.com,Meera Iyer,2026-07-25,Transport,Fuel / commute,308.22
meera@example.com,Meera Iyer,2026-07-27,Entertainment,Movies / dining out,622.61
meera@example.com,Meera Iyer,2026-07-29,Transport,Fuel / commute,266.87
meera@example.com,Meera Iyer,2026-08-01,Rent,Monthly rent,14692.5
meera@example.com,Meera Iyer,2026-08-02,Transport,Fuel / commute,264.85
meera@example.com,Meera Iyer,2026-08-03,Food & Groceries,Supermarket run,2848.42
meera@example.com,Meera Iyer,2026-08-04,Transport,Fuel / commute,310.18
meera@example.com,Meera Iyer,2026-08-06,Food & Groceries,Vegetables and fruit,892.54
meera@example.com,Meera Iyer,2026-08-07,Entertainment,Movies / dining out,758.2
meera@example.com,Meera Iyer,2026-08-08,Utilities,Electricity bill,2233.99
meera@example.com,Meera Iyer,2026-08-08,Transport,Fuel / commute,295.76
meera@example.com,Meera Iyer,2026-08-10,Utilities,Broadband internet,1385.07
meera@example.com,Meera Iyer,2026-08-10,Food & Groceries,Supermarket run,2724.21
meera@example.com,Meera Iyer,2026-08-11,Transport,Fuel / commute,330.05
meera@example.com,Meera Iyer,2026-08-12,Health,Doctor visit,805.48
meera@example.com,Meera Iyer,2026-08-15,Transport,Fuel / commute,267.28
meera@example.com,Meera Iyer,2026-08-16,Entertainment,Movies / dining out,656.1
meera@example.com,Meera Iyer,2026-08-17,Food & Groceries,Supermarket run,2930.22
meera@example.com,Meera Iyer,2026-08-18,Transport,Fuel / commute,291.69
meera@example.com,Meera Iyer,2026-08-20,Food & Groceries,Vegetables and fruit,826.96
meera@example.com,Meera Iyer,2026-08-21,Health,Pharmacy / lab tests,1718.96
meera@example.com,Meera Iyer,2026-08-22,Transport,Fuel / commute,281.84
meera@example.com,Meera Iyer,2026-08-24,Food & Groceries,Supermarket run,2858.57
meera@example.com,Meera Iyer,2026-08-25,Transport,Fuel / commute,287.23
meera@example.com,Meera Iyer,2026-08-27,Entertainment,Movies / dining out,624.42
meera@example.com,Meera Iyer,2026-08-29,Transport,Fuel / commute,254.93
rahul@example.com,Rahul Kumar,2016-01-01,Rent,Monthly rent,6843.57
rahul@example.com,Rahul Kumar,2016-01-02,Transport,Fuel / commute,73.49
rahul@example.com,Rahul Kumar,2016-01-03,Food & Groceries,Supermarket run,1078.09
rahul@example.com,Rahul Kumar,2016-01-04,Transport,Fuel / commute,89.63
rahul@example.com,Rahul Kumar,2016-01-05,Rent,Society maintenance,1786.83
rahul@example.com,Rahul Kumar,2016-01-06,Food & Groceries,Vegetables and fruit,346.45
rahul@example.com,Rahul Kumar,2016-01-07,Entertainment,Movies / dining out,291.28
rahul@example.com,Rahul Kumar,2016-01-08,Utilities,Electricity bill,753.95
rahul@example.com,Rahul Kumar,2016-01-08,Transport,Fuel / commute,68.1
rahul@example.com,Rahul Kumar,2016-01-10,Utilities,Broadband internet,639.74
rahul@example.com,Rahul Kumar,2016-01-10,Food & Groceries,Supermarket run,1099.84
rahul@example.com,Rahul Kumar,2016-01-11,Transport,Fuel / commute,84.83
rahul@example.com,Rahul Kumar,2016-01-12,Health,Doctor visit,595.54
rahul@example.com,Rahul Kumar,2016-01-15,Transport,Fuel / commute,60.65
rahul@example.com,Rahul Kumar,2016-01-16,Entertainment,Movies / dining out,287.13
rahul@example.com,Rahul Kumar,2016-01-17,Food & Groceries,Supermarket run,967.05
rahul@example.com,Rahul Kumar,2016-01-18,Transport,Fuel / commute,72.95
rahul@example.com,Rahul Kumar,2016-01-20,Food & Groceries,Vegetables and fruit,341.6
rahul@example.com,Rahul Kumar,2016-01-22,Transport,Fuel / commute,77.48
rahul@example.com,Rahul Kumar,2016-01-24,Food & Groceries,Supermarket run,1039.38
rahul@example.com,Rahul Kumar,2016-01-25,Transport,Fuel / commute,81.35
rahul@example.com,Rahul Kumar,2016-01-27,Entertainment,Movies / dining out,335.3
rahul@example.com,Rahul Kumar,2016-01-29,Transport,Fuel / commute,82.49
rahul@example.com,Rahul Kumar,2016-02-01,Rent,Monthly rent,6872.51
rahul@example.com,Rahul Kumar,2016-02-02,Transport,Fuel / commute,70.73
rahul@example.com,Rahul Kumar,2016-02-03,Food & Groceries,Supermarket run,1105.66
rahul@example.com,Rahul Kumar,2016-02-04,Transport,Fuel / commute,75.05
rahul@example.com,Rahul Kumar,2016-02-06,Food & Groceries,Vegetables and fruit,338.1
rahul@example.com,Rahul Kumar,2016-02-07,Entertainment,Movies / dining out,310.14
rahul@example.com,Rahul Kumar,2016-02-08,Utilities,Electricity bill,824.1
rahul@example.com,Rahul Kumar,2016-02-08,Transport,Fuel / commute,86.11
rahul@example.com,Rahul Kumar,2016-02-10,Utilities,Broadband internet,665.39
rahul@example.com,Rahul Kumar,2016-02-10,Food & Groceries,Supermarket run,1014.78
rahul@example.com,Rahul Kumar,2016-02-11,Transport,Fuel / commute,77.78
rahul@example.com,Rahul Kumar,2016-02-12,Health,Doctor visit,639.2
rahul@example.com,Rahul Kumar,2016-02-15,Transport,Fuel / commute,74.89
rahul@example.com,Rahul Kumar,2016-02-16,Entertainment,Movies / dining out,341.38
rahul@example.com,Rahul Kumar,2016-02-17,Food & Groceries,Supermarket run,940.83
rahul@example.com,Rahul Kumar,2016-02-18,Transport,Fuel / commute,66.85
rahul@example.com,Rahul Kumar,2016-02-20,Food & Groceries,Vegetables and fruit,349.6
rahul@example.com,Rahul Kumar,2016-02-22,Transport,Fuel / commute,61.0
rahul@example.com,Rahul Kumar,2016-02-24,Food & Groceries,Supermarket run,1096.16
rahul@example.com,Rahul Kumar,2016-02-25,Transport,Fuel / commute,71.89
rahul@example.com,Rahul Kumar,2016-02-27,Entertainment,Movies / dining out,287.07
rahul@example.com,Rahul Kumar,2016-02-29,Transport,Fuel / commute,75.85
rahul@example.com,Rahul Kumar,2016-03-01,Rent,Monthly rent,6872.61
rahul@example.com,Rahul Kumar,2016-03-02,Transport,Fuel / commute,70.66
rahul@example.com,Rahul Kumar,2016-03-03,Food & Groceries,Supermarket run,1074.2
rahul@example.com,Rahul Kumar,2016-03-04,Transport,Fuel / commute,56.92
rahul@example.com,Rahul Kumar,2016-03-06,Food & Groceries,Vegetables and fruit,372.41
rahul@example.com,Rahul Kumar,2016-03-07,Entertainment,Movies / dining out,259.35
rahul@example.com,Rahul Kumar,2016-03-08,Utilities,Electricity bill,876.1
rahul@example.com,Rahul Kumar,2016-03-08,Transport,Fuel / commute,75.19
rahul@example.com,Rahul Kumar,2016-03-10,Utilities,Broadband internet,659.97
rahul@example.com,Rahul Kumar,2016-03-10,Food & Groceries,Supermarket run,1112.63
rahul@example.com,Rahul Kumar,2016-03-11,Transport,Fuel / commute,66.91
rahul@example.com,Rahul Kumar,2016-03-12,Health,Doctor visit,655.39
rahul@example.com,Rahul Kumar,2016-03-15,Transport,Fuel / commute,71.81
rahul@example.com,Rahul Kumar,2016-03-16,Entertainment,Movies / dining out,266.37
rahul@example.com,Rahul Kumar,2016-03-17,Food & Groceries,Supermarket run,1032.75
rahul@example.com,Rahul Kumar,2016-03-18,Transport,Fuel / commute,68.62
rahul@example.com,Rahul Kumar,2016-03-20,Food & Groceries,Vegetables and fruit,398.28
rahul@example.com,Rahul Kumar,2016-03-22,Transport,Fuel / commute,75.82
rahul@example.com,Rahul Kumar,2016-03-24,Food & Groceries,Supermarket run,1092.03
rahul@example.com,Rahul Kumar,2016-03-25,Food & Groceries,Kirana store top-up,598.68
rahul@example.com,Rahul Kumar,2016-03-25,Transport,Fuel / commute,60.51
rahul@example.com,Rahul Kumar,2016-03-27,Entertainment,Movies / dining out,374.35
rahul@example.com,Rahul Kumar,2016-03-29,Transport,Fuel / commute,63.18
rahul@example.com,Rahul Kumar,2016-04-01,Rent,Monthly rent,6876.97
rahul@example.com,Rahul Kumar,2016-04-02,Transport,Fuel / commute,83.78
rahul@example.com,Rahul Kumar,2016-04-03,Food & Groceries,Supermarket run,1121.74
rahul@example.com,Rahul Kumar,2016-04-04,Transport,Fuel / commute,62.5
rahul@example.com,Rahul Kumar,2016-04-05,Rent,Society maintenance,1767.99
rahul@example.com,Rahul Kumar,2016-04-06,Food & Groceries,Vegetables and fruit,386.78
rahul@example.com,Rahul Kumar,2016-04-07,Entertainment,Movies / dining out,263.12
rahul@example.com,Rahul Kumar,2016-04-08,Utilities,Electricity bill,786.57
rahul@example.com,Rahul Kumar,2016-04-08,Transport,Fuel / commute,76.41
rahul@example.com,Rahul Kumar,2016-04-10,Utilities,Broadband internet,655.75
rahul@example.com,Rahul Kumar,2016-04-10,Food & Groceries,Supermarket run,1263.74
rahul@example.com,Rahul Kumar,2016-04-11,Transport,Fuel / commute,66.19
rahul@example.com,Rahul Kumar,2016-04-12,Health,Doctor visit,561.47
rahul@example.com,Rahul Kumar,2016-04-15,Transport,Fuel / commute,72.24
rahul@example.com,Rahul Kumar,2016-04-16,Entertainment,Movies / dining out,283.29
rahul@example.com,Rahul Kumar,2016-04-17,Food & Groceries,Supermarket run,1193.27
rahul@example.com,Rahul Kumar,2016-04-18,Transport,Fuel / commute,90.99
rahul@example.com,Rahul Kumar,2016-04-20,Food & Groceries,Vegetables and fruit,418.0
rahul@example.com,Rahul Kumar,2016-04-22,Transport,Fuel / commute,82.92
rahul@example.com,Rahul Kumar,2016-04-24,Food & Groceries,Supermarket run,1291.91
rahul@example.com,Rahul Kumar,2016-04-25,Transport,Fuel / commute,70.57
rahul@example.com,Rahul Kumar,2016-04-27,Entertainment,Movies / dining out,319.64
rahul@example.com,Rahul Kumar,2016-04-29,Transport,Fuel / commute,67.66
rahul@example.com,Rahul Kumar,2016-05-01,Rent,Monthly rent,6963.88
rahul@example.com,Rahul Kumar,2016-05-02,Transport,Fuel / commute,89.69
rahul@example.com,Rahul Kumar,2016-05-03,Food & Groceries,Supermarket run,1170.79
rahul@example.com,Rahul Kumar,2016-05-04,Transport,Fuel / commute,76.73
rahul@example.com,Rahul Kumar,2016-05-06,Food & Groceries,Vegetables and fruit,358.13
rahul@example.com,Rahul Kumar,2016-05-07,Entertainment,Movies / dining out,373.38
rahul@example.com,Rahul Kumar,2016-05-08,Utilities,Electricity bill,830.86
rahul@example.com,Rahul Kumar,2016-05-08,Transport,Fuel / commute,89.93
rahul@example.com,Rahul Kumar,2016-05-10,Utilities,Broadband internet,640.33
rahul@example.com,Rahul Kumar,2016-05-10,Food & Groceries,Supermarket run,1105.14
rahul@example.com,Rahul Kumar,2016-05-11,Transport,Fuel / commute,78.22
rahul@example.com,Rahul Kumar,2016-05-12,Health,Doctor visit,596.0
rahul@example.com,Rahul Kumar,2016-05-15,Transport,Fuel / commute,69.59
rahul@example.com,Rahul Kumar,2016-05-16,Entertainment,Movies / dining out,258.14
rahul@example.com,Rahul Kumar,2016-05-17,Food & Groceries,Supermarket run,1232.78
rahul@example.com,Rahul Kumar,2016-05-18,Food & Groceries,Kirana store top-up,722.48
rahul@example.com,Rahul Kumar,2016-05-18,Transport,Fuel / commute,71.85
rahul@example.com,Rahul Kumar,2016-05-20,Food & Groceries,Vegetables and fruit,372.28
rahul@example.com,Rahul Kumar,2016-05-22,Transport,Fuel / commute,63.62
rahul@example.com,Rahul Kumar,2016-05-24,Food & Groceries,Supermarket run,1342.86
rahul@example.com,Rahul Kumar,2016-05-25,Transport,Fuel / commute,69.12
rahul@example.com,Rahul Kumar,2016-05-27,Entertainment,Movies / dining out,324.06
rahul@example.com,Rahul Kumar,2016-05-29,Transport,Fuel / commute,74.04
rahul@example.com,Rahul Kumar,2016-06-01,Rent,Monthly rent,6861.43
rahul@example.com,Rahul Kumar,2016-06-02,Transport,Fuel / commute,72.64
rahul@example.com,Rahul Kumar,2016-06-03,Food & Groceries,Supermarket run,1225.83
rahul@example.com,Rahul Kumar,2016-06-04,Transport,Fuel / commute,100.28
rahul@example.com,Rahul Kumar,2016-06-06,Food & Groceries,Vegetables and fruit,323.85
rahul@example.com,Rahul Kumar,2016-06-07,Entertainment,Movies / dining out,323.7
rahul@example.com,Rahul Kumar,2016-06-08,Utilities,Electricity bill,1020.08
rahul@example.com,Rahul Kumar,2016-06-08,Transport,Fuel / commute,81.77
rahul@example.com,Rahul Kumar,2016-06-10,Utilities,Broadband internet,637.66
rahul@example.com,Rahul Kumar,2016-06-10,Food & Groceries,Supermarket run,1456.83
rahul@example.com,Rahul Kumar,2016-06-11,Transport,Fuel / commute,72.49
rahul@example.com,Rahul Kumar,2016-06-12,Health,Doctor visit,595.43
rahul@example.com,Rahul Kumar,2016-06-15,Transport,Fuel / commute,82.05
rahul@example.com,Rahul Kumar,2016-06-16,Entertainment,Movies / dining out,335.77
rahul@example.com,Rahul Kumar,2016-06-17,Food & Groceries,Supermarket run,1418.96
rahul@example.com,Rahul Kumar,2016-06-18,Transport,Fuel / commute,63.15
rahul@example.com,Rahul Kumar,2016-06-20,Food & Groceries,Vegetables and fruit,280.8
rahul@example.com,Rahul Kumar,2016-06-22,Transport,Fuel / commute,74.94
rahul@example.com,Rahul Kumar,2016-06-24,Food & Groceries,Supermarket run,1288.5
rahul@example.com,Rahul Kumar,2016-06-25,Transport,Fuel / commute,78.64
rahul@example.com,Rahul Kumar,2016-06-27,Entertainment,Movies / dining out,285.16
rahul@example.com,Rahul Kumar,2016-06-29,Transport,Fuel / commute,76.91
rahul@example.com,Rahul Kumar,2016-07-01,Rent,Monthly rent,7083.46
rahul@example.com,Rahul Kumar,2016-07-02,Transport,Fuel / commute,74.08
rahul@example.com,Rahul Kumar,2016-07-03,Food & Groceries,Supermarket run,1509.54
rahul@example.com,Rahul Kumar,2016-07-04,Transport,Fuel / commute,73.18
rahul@example.com,Rahul Kumar,2016-07-05,Rent,Society maintenance,1618.81
rahul@example.com,Rahul Kumar,2016-07-06,Food & Groceries,Vegetables and fruit,320.86
rahul@example.com,Rahul Kumar,2016-07-07,Entertainment,Movies / dining out,332.48
rahul@example.com,Rahul Kumar,2016-07-08,Utilities,Electricity bill,1048.53
rahul@example.com,Rahul Kumar,2016-07-08,Transport,Fuel / commute,85.66
rahul@example.com,Rahul Kumar,2016-07-10,Utilities,Broadband internet,658.34
rahul@example.com,Rahul Kumar,2016-07-10,Food & Groceries,Supermarket run,1275.53
rahul@example.com,Rahul Kumar,2016-07-11,Transport,Fuel / commute,80.32
rahul@example.com,Rahul Kumar,2016-07-12,Health,Doctor visit,531.48
rahul@example.com,Rahul Kumar,2016-07-15,Transport,Fuel / commute,61.43
rahul@example.com,Rahul Kumar,2016-07-16,Entertainment,Movies / dining out,340.79
rahul@example.com,Rahul Kumar,2016-07-17,Food & Groceries,Supermarket run,1397.05
rahul@example.com,Rahul Kumar,2016-07-18,Transport,Fuel / commute,82.88
rahul@example.com,Rahul Kumar,2016-07-20,Food & Groceries,Vegetables and fruit,331.83
rahul@example.com,Rahul Kumar,2016-07-22,Transport,Fuel / commute,72.64
rahul@example.com,Rahul Kumar,2016-07-24,Food & Groceries,Supermarket run,1526.9
rahul@example.com,Rahul Kumar,2016-07-25,Transport,Fuel / commute,89.99
rahul@example.com,Rahul Kumar,2016-07-27,Entertainment,Movies / dining out,329.0
rahul@example.com,Rahul Kumar,2016-07-29,Transport,Fuel / commute,72.17
rahul@example.com,Rahul Kumar,2016-08-01,Rent,Monthly rent,7035.21
rahul@example.com,Rahul Kumar,2016-08-02,Transport,Fuel / commute,92.49
rahul@example.com,Rahul Kumar,2016-08-03,Food & Groceries,Supermarket run,1434.8
rahul@example.com,Rahul Kumar,2016-08-04,Transport,Fuel / commute,74.08
rahul@example.com,Rahul Kumar,2016-08-06,Food & Groceries,Vegetables and fruit,358.41
rahul@example.com,Rahul Kumar,2016-08-07,Entertainment,Movies / dining out,277.32
rahul@example.com,Rahul Kumar,2016-08-08,Utilities,Electricity bill,1084.01
rahul@example.com,Rahul Kumar,2016-08-08,Transport,Fuel / commute,74.4
rahul@example.com,Rahul Kumar,2016-08-10,Utilities,Broadband internet,658.0
rahul@example.com,Rahul Kumar,2016-08-10,Food & Groceries,Supermarket run,1419.07
rahul@example.com,Rahul Kumar,2016-08-11,Transport,Fuel / commute,81.35
rahul@example.com,Rahul Kumar,2016-08-12,Health,Doctor visit,456.05
rahul@example.com,Rahul Kumar,2016-08-15,Transport,Fuel / commute,76.08
rahul@example.com,Rahul Kumar,2016-08-16,Entertainment,Movies / dining out,279.14
rahul@example.com,Rahul Kumar,2016-08-17,Food & Groceries,Supermarket run,1470.49
rahul@example.com,Rahul Kumar,2016-08-18,Transport,Fuel / commute,87.35
rahul@example.com,Rahul Kumar,2016-08-20,Food & Groceries,Vegetables and fruit,357.11
rahul@example.com,Rahul Kumar,2016-08-22,Transport,Fuel / commute,57.21
rahul@example.com,Rahul Kumar,2016-08-23,Food & Groceries,Kirana store top-up,712.37
rahul@example.com,Rahul Kumar,2016-08-24,Food & Groceries,Supermarket run,1324.99
rahul@example.com,Rahul Kumar,2016-08-25,Transport,Fuel / commute,70.62
rahul@example.com,Rahul Kumar,2016-08-27,Entertainment,Movies / dining out,306.01
rahul@example.com,Rahul Kumar,2016-08-29,Transport,Fuel / commute,71.03
rahul@example.com,Rahul Kumar,2016-09-01,Rent,Monthly rent,7048.98
rahul@example.com,Rahul Kumar,2016-09-02,Transport,Fuel / commute,80.65
rahul@example.com,Rahul Kumar,2016-09-03,Food & Groceries,Supermarket run,1457.55
rahul@example.com,Rahul Kumar,2016-09-04,Transport,Fuel / commute,68.4
rahul@example.com,Rahul Kumar,2016-09-06,Food & Groceries,Vegetables and fruit,413.26
rahul@example.com,Rahul Kumar,2016-09-07,Entertainment,Movies / dining out,316.61
rahul@example.com,Rahul Kumar,2016-09-08,Utilities,Electricity bill,946.9
rahul@example.com,Rahul Kumar,2016-09-08,Transport,Fuel / commute,82.49
rahul@example.com,Rahul Kumar,2016-09-10,Utilities,Broadband internet,651.97
rahul@example.com,Rahul Kumar,2016-09-10,Food & Groceries,Supermarket run,1461.29
rahul@example.com,Rahul Kumar,2016-09-11,Transport,Fuel / commute,79.31
rahul@example.com,Rahul Kumar,2016-09-12,Health,Doctor visit,560.51
rahul@example.com,Rahul Kumar,2016-09-15,Transport,Fuel / commute,66.43
rahul@example.com,Rahul Kumar,2016-09-16,Entertainment,Movies / dining out,307.28
rahul@example.com,Rahul Kumar,2016-09-17,Food & Groceries,Supermarket run,1431.92
rahul@example.com,Rahul Kumar,2016-09-18,Transport,Fuel / commute,78.25
rahul@example.com,Rahul Kumar,2016-09-20,Food & Groceries,Vegetables and fruit,373.32
rahul@example.com,Rahul Kumar,2016-09-21,Health,Pharmacy / lab tests,1229.85
rahul@example.com,Rahul Kumar,2016-09-22,Transport,Fuel / commute,77.98
rahul@example.com,Rahul Kumar,2016-09-24,Food & Groceries,Supermarket run,1344.22
rahul@example.com,Rahul Kumar,2016-09-25,Transport,Fuel / commute,95.72
rahul@example.com,Rahul Kumar,2016-09-27,Entertainment,Movies / dining out,274.04
rahul@example.com,Rahul Kumar,2016-09-29,Transport,Fuel / commute,87.18
rahul@example.com,Rahul Kumar,2016-10-01,Rent,Monthly rent,6978.55
rahul@example.com,Rahul Kumar,2016-10-02,Transport,Fuel / commute,78.64
rahul@example.com,Rahul Kumar,2016-10-03,Food & Groceries,Supermarket run,1692.3
rahul@example.com,Rahul Kumar,2016-10-04,Transport,Fuel / commute,81.72
rahul@example.com,Rahul Kumar,2016-10-05,Rent,Society maintenance,1839.99
rahul@example.com,Rahul Kumar,2016-10-06,Food & Groceries,Vegetables and fruit,334.36
rahul@example.com,Rahul Kumar,2016-10-07,Entertainment,Movies / dining out,425.59
rahul@example.com,Rahul Kumar,2016-10-08,Utilities,Electricity bill,818.22
rahul@example.com,Rahul Kumar,2016-10-08,Transport,Fuel / commute,69.51
rahul@example.com,Rahul Kumar,2016-10-10,Utilities,Broadband internet,653.55
rahul@example.com,Rahul Kumar,2016-10-10,Food & Groceries,Supermarket run,1706.81
rahul@example.com,Rahul Kumar,2016-10-11,Transport,Fuel / commute,85.95
rahul@example.com,Rahul Kumar,2016-10-12,Health,Doctor visit,555.37
rahul@example.com,Rahul Kumar,2016-10-15,Transport,Fuel / commute,79.68
rahul@example.com,Rahul Kumar,2016-10-16,Entertainment,Movies / dining out,438.58
rahul@example.com,Rahul Kumar,2016-10-17,Food & Groceries,Supermarket run,1627.59
rahul@example.com,Rahul Kumar,2016-10-18,Transport,Fuel / commute,61.12
rahul@example.com,Rahul Kumar,2016-10-20,Food & Groceries,Vegetables and fruit,362.39
rahul@example.com,Rahul Kumar,2016-10-22,Food & Groceries,Kirana store top-up,626.97
rahul@example.com,Rahul Kumar,2016-10-22,Transport,Fuel / commute,60.49
rahul@example.com,Rahul Kumar,2016-10-24,Food & Groceries,Supermarket run,1782.93
rahul@example.com,Rahul Kumar,2016-10-25,Transport,Fuel / commute,78.96
rahul@example.com,Rahul Kumar,2016-10-27,Entertainment,Movies / dining out,475.58
rahul@example.com,Rahul Kumar,2016-10-29,Transport,Fuel / commute,76.98
rahul@example.com,Rahul Kumar,2016-11-01,Rent,Monthly rent,7019.83
rahul@example.com,Rahul Kumar,2016-11-02,Transport,Fuel / commute,94.83
rahul@example.com,Rahul Kumar,2016-11-03,Food & Groceries,Supermarket run,1493.0
rahul@example.com,Rahul Kumar,2016-11-04,Transport,Fuel / commute,80.67
rahul@example.com,Rahul Kumar,2016-11-06,Food & Groceries,Vegetables and fruit,443.7
rahul@example.com,Rahul Kumar,2016-11-07,Entertainment,Movies / dining out,414.31
rahul@example.com,Rahul Kumar,2016-11-08,Utilities,Electricity bill,812.07
rahul@example.com,Rahul Kumar,2016-11-08,Transport,Fuel / commute,69.87
rahul@example.com,Rahul Kumar,2016-11-10,Utilities,Broadband internet,671.78
rahul@example.com,Rahul Kumar,2016-11-10,Food & Groceries,Supermarket run,1536.36
rahul@example.com,Rahul Kumar,2016-11-11,Transport,Fuel / commute,78.37
rahul@example.com,Rahul Kumar,2016-11-12,Health,Doctor visit,561.55
rahul@example.com,Rahul Kumar,2016-11-13,Food & Groceries,Kirana store top-up,696.09
rahul@example.com,Rahul Kumar,2016-11-15,Transport,Fuel / commute,79.08
rahul@example.com,Rahul Kumar,2016-11-16,Entertainment,Movies / dining out,423.4
rahul@example.com,Rahul Kumar,2016-11-17,Food & Groceries,Supermarket run,1736.91
rahul@example.com,Rahul Kumar,2016-11-18,Transport,Fuel / commute,66.41
rahul@example.com,Rahul Kumar,2016-11-20,Food & Groceries,Vegetables and fruit,376.14
rahul@example.com,Rahul Kumar,2016-11-22,Transport,Fuel / commute,76.98
rahul@example.com,Rahul Kumar,2016-11-24,Food & Groceries,Supermarket run,1558.32
rahul@example.com,Rahul Kumar,2016-11-25,Transport,Fuel / commute,72.35
rahul@example.com,Rahul Kumar,2016-11-27,Entertainment,Movies / dining out,440.35
rahul@example.com,Rahul Kumar,2016-11-29,Transport,Fuel / commute,88.23
rahul@example.com,Rahul Kumar,2016-12-01,Rent,Monthly rent,7088.86
rahul@example.com,Rahul Kumar,2016-12-02,Transport,Fuel / commute,83.95
rahul@example.com,Rahul Kumar,2016-12-03,Food & Groceries,Supermarket run,1143.56
rahul@example.com,Rahul Kumar,2016-12-04,Transport,Fuel / commute,67.88
rahul@example.com,Rahul Kumar,2016-12-06,Food & Groceries,Vegetables and fruit,394.22
rahul@example.com,Rahul Kumar,2016-12-07,Entertainment,Movies / dining out,336.07
rahul@example.com,Rahul Kumar,2016-12-08,Utilities,Electricity bill,807.81
rahul@example.com,Rahul Kumar,2016-12-08,Transport,Fuel / commute,77.81
rahul@example.com,Rahul Kumar,2016-12-10,Utilities,Broadband internet,676.43
rahul@example.com,Rahul Kumar,2016-12-10,Food & Groceries,Supermarket run,1084.62
rahul@example.com,Rahul Kumar,2016-12-11,Transport,Fuel / commute,80.81
rahul@example.com,Rahul Kumar,2016-12-12,Health,Doctor visit,565.3
rahul@example.com,Rahul Kumar,2016-12-15,Transport,Fuel / commute,103.17
rahul@example.com,Rahul Kumar,2016-12-16,Entertainment,Movies / dining out,313.16
rahul@example.com,Rahul Kumar,2016-12-17,Food & Groceries,Supermarket run,1078.01
rahul@example.com,Rahul Kumar,2016-12-18,Transport,Fuel / commute,66.58
rahul@example.com,Rahul Kumar,2016-12-20,Food & Groceries,Vegetables and fruit,348.94
rahul@example.com,Rahul Kumar,2016-12-22,Transport,Fuel / commute,93.85
rahul@example.com,Rahul Kumar,2016-12-24,Food & Groceries,Supermarket run,1099.94
rahul@example.com,Rahul Kumar,2016-12-25,Transport,Fuel / commute,81.2
rahul@example.com,Rahul Kumar,2016-12-27,Entertainment,Movies / dining out,374.72
rahul@example.com,Rahul Kumar,2016-12-29,Transport,Fuel / commute,83.7
rahul@example.com,Rahul Kumar,2017-01-01,Rent,Monthly rent,7122.49
rahul@example.com,Rahul Kumar,2017-01-02,Transport,Fuel / commute,96.63
rahul@example.com,Rahul Kumar,2017-01-03,Food & Groceries,Supermarket run,1105.87
rahul@example.com,Rahul Kumar,2017-01-04,Transport,Fuel / commute,57.81
rahul@example.com,Rahul Kumar,2017-01-05,Rent,Society maintenance,1728.43
rahul@example.com,Rahul Kumar,2017-01-06,Food & Groceries,Vegetables and fruit,376.74
rahul@example.com,Rahul Kumar,2017-01-07,Entertainment,Movies / dining out,327.49
rahul@example.com,Rahul Kumar,2017-01-08,Utilities,Electricity bill,724.59
rahul@example.com,Rahul Kumar,2017-01-08,Transport,Fuel / commute,60.86
rahul@example.com,Rahul Kumar,2017-01-10,Utilities,Broadband internet,684.77
rahul@example.com,Rahul Kumar,2017-01-10,Food & Groceries,Supermarket run,1203.27
rahul@example.com,Rahul Kumar,2017-01-11,Transport,Fuel / commute,74.88
rahul@example.com,Rahul Kumar,2017-01-12,Health,Doctor visit,606.15
rahul@example.com,Rahul Kumar,2017-01-15,Transport,Fuel / commute,80.24
rahul@example.com,Rahul Kumar,2017-01-16,Entertainment,Movies / dining out,357.43
rahul@example.com,Rahul Kumar,2017-01-17,Food & Groceries,Supermarket run,1121.06
rahul@example.com,Rahul Kumar,2017-01-18,Transport,Fuel / commute,86.74
rahul@example.com,Rahul Kumar,2017-01-20,Food & Groceries,Vegetables and fruit,379.56
rahul@example.com,Rahul Kumar,2017-01-22,Transport,Fuel / commute,84.65
rahul@example.com,Rahul Kumar,2017-01-24,Food & Groceries,Supermarket run,1119.42
rahul@example.com,Rahul Kumar,2017-01-25,Transport,Fuel / commute,76.41
rahul@example.com,Rahul Kumar,2017-01-27,Entertainment,Movies / dining out,330.9
rahul@example.com,Rahul Kumar,2017-01-29,Transport,Fuel / commute,89.9
rahul@example.com,Rahul Kumar,2017-02-01,Rent,Monthly rent,7195.58
rahul@example.com,Rahul Kumar,2017-02-02,Transport,Fuel / commute,85.91
rahul@example.com,Rahul Kumar,2017-02-03,Food & Groceries,Supermarket run,1190.21
rahul@example.com,Rahul Kumar,2017-02-04,Transport,Fuel / commute,75.14
rahul@example.com,Rahul Kumar,2017-02-06,Food & Groceries,Vegetables and fruit,363.48
rahul@example.com,Rahul Kumar,2017-02-07,Entertainment,Movies / dining out,381.71
rahul@example.com,Rahul Kumar,2017-02-08,Utilities,Electricity bill,827.73
rahul@example.com,Rahul Kumar,2017-02-08,Transport,Fuel / commute,69.61
rahul@example.com,Rahul Kumar,2017-02-10,Utilities,Broadband internet,679.88
rahul@example.com,Rahul Kumar,2017-02-10,Food & Groceries,Supermarket run,1075.38
rahul@example.com,Rahul Kumar,2017-02-11,Transport,Fuel / commute,69.01
rahul@example.com,Rahul Kumar,2017-02-12,Health,Doctor visit,587.69
rahul@example.com,Rahul Kumar,2017-02-15,Transport,Fuel / commute,81.28
rahul@example.com,Rahul Kumar,2017-02-16,Entertainment,Movies / dining out,371.09
rahul@example.com,Rahul Kumar,2017-02-17,Food & Groceries,Supermarket run,1172.57
rahul@example.com,Rahul Kumar,2017-02-18,Transport,Fuel / commute,83.6
rahul@example.com,Rahul Kumar,2017-02-20,Food & Groceries,Vegetables and fruit,398.12
rahul@example.com,Rahul Kumar,2017-02-22,Transport,Fuel / commute,72.8
rahul@example.com,Rahul Kumar,2017-02-24,Food & Groceries,Supermarket run,1186.53
rahul@example.com,Rahul Kumar,2017-02-25,Transport,Fuel / commute,80.7
rahul@example.com,Rahul Kumar,2017-02-27,Entertainment,Movies / dining out,283.12
rahul@example.com,Rahul Kumar,2017-03-01,Rent,Monthly rent,7211.02
rahul@example.com,Rahul Kumar,2017-03-02,Transport,Fuel / commute,66.39
rahul@example.com,Rahul Kumar,2017-03-03,Food & Groceries,Supermarket run,1144.43
rahul@example.com,Rahul Kumar,2017-03-04,Transport,Fuel / commute,92.33
rahul@example.com,Rahul Kumar,2017-03-06,Food & Groceries,Vegetables and fruit,376.47
rahul@example.com,Rahul Kumar,2017-03-07,Entertainment,Movies / dining out,318.35
rahul@example.com,Rahul Kumar,2017-03-08,Utilities,Electricity bill,731.38
rahul@example.com,Rahul Kumar,2017-03-08,Transport,Fuel / commute,73.42
rahul@example.com,Rahul Kumar,2017-03-10,Utilities,Broadband internet,685.91
rahul@example.com,Rahul Kumar,2017-03-10,Food & Groceries,Supermarket run,1221.66
rahul@example.com,Rahul Kumar,2017-03-11,Transport,Fuel / commute,75.35
rahul@example.com,Rahul Kumar,2017-03-12,Health,Doctor visit,488.82
rahul@example.com,Rahul Kumar,2017-03-15,Transport,Fuel / commute,80.57
rahul@example.com,Rahul Kumar,2017-03-16,Entertainment,Movies / dining out,351.93
rahul@example.com,Rahul Kumar,2017-03-17,Food & Groceries,Supermarket run,1233.21
rahul@example.com,Rahul Kumar,2017-03-18,Transport,Fuel / commute,65.64
rahul@example.com,Rahul Kumar,2017-03-20,Food & Groceries,Vegetables and fruit,394.19
rahul@example.com,Rahul Kumar,2017-03-22,Transport,Fuel / commute,83.01
rahul@example.com,Rahul Kumar,2017-03-24,Food & Groceries,Supermarket run,1324.16
rahul@example.com,Rahul Kumar,2017-03-25,Transport,Fuel / commute,90.17
rahul@example.com,Rahul Kumar,2017-03-27,Entertainment,Movies / dining out,250.33
rahul@example.com,Rahul Kumar,2017-03-29,Transport,Fuel / commute,83.63
rahul@example.com,Rahul Kumar,2017-04-01,Rent,Monthly rent,7188.51
rahul@example.com,Rahul Kumar,2017-04-02,Transport,Fuel / commute,86.13
rahul@example.com,Rahul Kumar,2017-04-03,Food & Groceries,Supermarket run,1233.89
rahul@example.com,Rahul Kumar,2017-04-04,Transport,Fuel / commute,77.05
rahul@example.com,Rahul Kumar,2017-04-05,Rent,Society maintenance,1901.9
rahul@example.com,Rahul Kumar,2017-04-06,Food & Groceries,Vegetables and fruit,404.34
rahul@example.com,Rahul Kumar,2017-04-07,Entertainment,Movies / dining out,316.06
rahul@example.com,Rahul Kumar,2017-04-08,Utilities,Electricity bill,849.01
rahul@example.com,Rahul Kumar,2017-04-08,Transport,Fuel / commute,102.84
rahul@example.com,Rahul Kumar,2017-04-10,Utilities,Broadband internet,680.71
rahul@example.com,Rahul Kumar,2017-04-10,Food & Groceries,Supermarket run,1227.1
rahul@example.com,Rahul Kumar,2017-04-11,Transport,Fuel / commute,65.87
rahul@example.com,Rahul Kumar,2017-04-12,Health,Doctor visit,603.51
rahul@example.com,Rahul Kumar,2017-04-15,Transport,Fuel / commute,93.41
rahul@example.com,Rahul Kumar,2017-04-16,Entertainment,Movies / dining out,316.37
rahul@example.com,Rahul Kumar,2017-04-17,Food & Groceries,Supermarket run,1324.38
rahul@example.com,Rahul Kumar,2017-04-18,Transport,Fuel / commute,94.45
rahul@example.com,Rahul Kumar,2017-04-20,Food & Groceries,Vegetables and fruit,384.03
rahul@example.com,Rahul Kumar,2017-04-21,Health,Pharmacy / lab tests,1203.36
rahul@example.com,Rahul Kumar,2017-04-22,Transport,Fuel / commute,72.83
rahul@example.com,Rahul Kumar,2017-04-24,Food & Groceries,Supermarket run,1290.91
rahul@example.com,Rahul Kumar,2017-04-25,Transport,Fuel / commute,102.83
rahul@example.com,Rahul Kumar,2017-04-27,Entertainment,Movies / dining out,339.73
rahul@example.com,Rahul Kumar,2017-04-29,Transport,Fuel / commute,90.82
rahul@example.com,Rahul Kumar,2017-05-01,Rent,Monthly rent,7288.47
rahul@example.com,Rahul Kumar,2017-05-02,Transport,Fuel / commute,75.94
rahul@example.com,Rahul Kumar,2017-05-03,Food & Groceries,Supermarket run,1324.53
rahul@example.com,Rahul Kumar,2017-05-04,Transport,Fuel / commute,75.37
rahul@example.com,Rahul Kumar,2017-05-06,Food & Groceries,Vegetables and fruit,407.9
rahul@example.com,Rahul Kumar,2017-05-07,Entertainment,Movies / dining out,328.54
rahul@example.com,Rahul Kumar,2017-05-08,Utilities,Electricity bill,948.75
rahul@example.com,Rahul Kumar,2017-05-08,Transport,Fuel / commute,94.43
rahul@example.com,Rahul Kumar,2017-05-10,Utilities,Broadband internet,676.65
rahul@example.com,Rahul Kumar,2017-05-10,Food & Groceries,Supermarket run,1263.61
rahul@example.com,Rahul Kumar,2017-05-11,Transport,Fuel / commute,84.7
rahul@example.com,Rahul Kumar,2017-05-12,Health,Doctor visit,565.93
rahul@example.com,Rahul Kumar,2017-05-15,Transport,Fuel / commute,79.4
rahul@example.com,Rahul Kumar,2017-05-16,Entertainment,Movies / dining out,347.32
rahul@example.com,Rahul Kumar,2017-05-17,Food & Groceries,Supermarket run,1379.45
rahul@example.com,Rahul Kumar,2017-05-18,Transport,Fuel / commute,86.35
rahul@example.com,Rahul Kumar,2017-05-20,Food & Groceries,Vegetables and fruit,349.44
rahul@example.com,Rahul Kumar,2017-05-22,Transport,Fuel / commute,60.87
rahul@example.com,Rahul Kumar,2017-05-24,Food & Groceries,Supermarket run,1259.86
rahul@example.com,Rahul Kumar,2017-05-25,Transport,Fuel / commute,81.05
rahul@example.com,Rahul Kumar,2017-05-27,Entertainment,Movies / dining out,360.91
rahul@example.com,Rahul Kumar,2017-05-29,Transport,Fuel / commute,101.0
rahul@example.com,Rahul Kumar,2017-06-01,Rent,Monthly rent,7209.49
rahul@example.com,Rahul Kumar,2017-06-02,Transport,Fuel / commute,91.07
rahul@example.com,Rahul Kumar,2017-06-03,Food & Groceries,Supermarket run,1404.73
rahul@example.com,Rahul Kumar,2017-06-04,Transport,Fuel / commute,72.14
rahul@example.com,Rahul Kumar,2017-06-06,Food & Groceries,Vegetables and fruit,337.29
rahul@example.com,Rahul Kumar,2017-06-07,Entertainment,Movies / dining out,336.63
rahul@example.com,Rahul Kumar,2017-06-08,Utilities,Electricity bill,1108.9
rahul@example.com,Rahul Kumar,2017-06-08,Transport,Fuel / commute,77.34
rahul@example.com,Rahul Kumar,2017-06-10,Utilities,Broadband internet,697.62
rahul@example.com,Rahul Kumar,2017-06-10,Food & Groceries,Supermarket run,1464.55
rahul@example.com,Rahul Kumar,2017-06-11,Transport,Fuel / commute,68.2
rahul@example.com,Rahul Kumar,2017-06-12,Health,Doctor visit,574.37
rahul@example.com,Rahul Kumar,2017-06-15,Transport,Fuel / commute,67.97
rahul@example.com,Rahul Kumar,2017-06-16,Entertainment,Movies / dining out,389.22
rahul@example.com,Rahul Kumar,2017-06-17,Food & Groceries,Supermarket run,1357.94
rahul@example.com,Rahul Kumar,2017-06-18,Transport,Fuel / commute,80.11
rahul@example.com,Rahul Kumar,2017-06-20,Food & Groceries,Vegetables and fruit,314.86
rahul@example.com,Rahul Kumar,2017-06-22,Transport,Fuel / commute,74.65
rahul@example.com,Rahul Kumar,2017-06-24,Food & Groceries,Supermarket run,1407.6
rahul@example.com,Rahul Kumar,2017-06-25,Transport,Fuel / commute,85.52
rahul@example.com,Rahul Kumar,2017-06-27,Entertainment,Movies / dining out,285.33
rahul@example.com,Rahul Kumar,2017-06-29,Transport,Fuel / commute,86.26
rahul@example.com,Rahul Kumar,2017-07-01,Rent,Monthly rent,7350.9
rahul@example.com,Rahul Kumar,2017-07-02,Transport,Fuel / commute,75.0
rahul@example.com,Rahul Kumar,2017-07-03,Food & Groceries,Supermarket run,1309.94
rahul@example.com,Rahul Kumar,2017-07-04,Transport,Fuel / commute,79.39
rahul@example.com,Rahul Kumar,2017-07-05,Rent,Society maintenance,1793.83
rahul@example.com,Rahul Kumar,2017-07-06,Food & Groceries,Vegetables and fruit,338.88
rahul@example.com,Rahul Kumar,2017-07-07,Entertainment,Movies / dining out,363.05
rahul@example.com,Rahul Kumar,2017-07-08,Utilities,Electricity bill,1112.8
rahul@example.com,Rahul Kumar,2017-07-08,Transport,Fuel / commute,67.36
rahul@example.com,Rahul Kumar,2017-07-10,Utilities,Broadband internet,690.26
rahul@example.com,Rahul Kumar,2017-07-10,Food & Groceries,Supermarket run,1460.61
rahul@example.com,Rahul Kumar,2017-07-11,Transport,Fuel / commute,72.05
rahul@example.com,Rahul Kumar,2017-07-12,Health,Doctor visit,571.11
rahul@example.com,Rahul Kumar,2017-07-15,Transport,Fuel / commute,76.85
rahul@example.com,Rahul Kumar,2017-07-16,Entertainment,Movies / dining out,307.53
rahul@example.com,Rahul Kumar,2017-07-17,Food & Groceries,Supermarket run,1487.98
rahul@example.com,Rahul Kumar,2017-07-18,Food & Groceries,Kirana store top-up,717.06
rahul@example.com,Rahul Kumar,2017-07-18,Transport,Fuel / commute,94.27
rahul@example.com,Rahul Kumar,2017-07-20,Food & Groceries,Vegetables and fruit,419.94
rahul@example.com,Rahul Kumar,2017-07-21,Health,Pharmacy / lab tests,1183.03
rahul@example.com,Rahul Kumar,2017-07-22,Transport,Fuel / commute,75.85
rahul@example.com,Rahul Kumar,2017-07-24,Food & Groceries,Supermarket run,1429.09
rahul@example.com,Rahul Kumar,2017-07-25,Transport,Fuel / commute,88.47
rahul@example.com,Rahul Kumar,2017-07-27,Entertainment,Movies / dining out,266.61
rahul@example.com,Rahul Kumar,2017-07-29,Transport,Fuel / commute,76.85
rahul@example.com,Rahul Kumar,2017-08-01,Rent,Monthly rent,7384.92
rahul@example.com,Rahul Kumar,2017-08-02,Transport,Fuel / commute,73.41
rahul@example.com,Rahul Kumar,2017-08-03,Food & Groceries,Supermarket run,1384.96
rahul@example.com,Rahul Kumar,2017-08-04,Transport,Fuel / commute,110.31
rahul@example.com,Rahul Kumar,2017-08-06,Food & Groceries,Vegetables and fruit,352.74
rahul@example.com,Rahul Kumar,2017-08-07,Entertainment,Movies / dining out,285.58
rahul@example.com,Rahul Kumar,2017-08-08,Utilities,Electricity bill,1061.55
rahul@example.com,Rahul Kumar,2017-08-08,Transport,Fuel / commute,78.03
rahul@example.com,Rahul Kumar,2017-08-10,Utilities,Broadband internet,687.63
rahul@example.com,Rahul Kumar,2017-08-10,Food & Groceries,Supermarket run,1348.07
rahul@example.com,Rahul Kumar,2017-08-11,Transport,Fuel / commute,83.21
rahul@example.com,Rahul Kumar,2017-08-12,Health,Doctor visit,569.44
rahul@example.com,Rahul Kumar,2017-08-15,Transport,Fuel / commute,69.67
rahul@example.com,Rahul Kumar,2017-08-16,Entertainment,Movies / dining out,387.9
rahul@example.com,Rahul Kumar,2017-08-17,Food & Groceries,Supermarket run,1348.53
rahul@example.com,Rahul Kumar,2017-08-18,Transport,Fuel / commute,99.39
rahul@example.com,Rahul Kumar,2017-08-20,Food & Groceries,Vegetables and fruit,417.11
rahul@example.com,Rahul Kumar,2017-08-22,Transport,Fuel / commute,93.58
rahul@example.com,Rahul Kumar,2017-08-24,Food & Groceries,Supermarket run,1426.91
rahul@example.com,Rahul Kumar,2017-08-25,Transport,Fuel / commute,85.44
rahul@example.com,Rahul Kumar,2017-08-27,Entertainment,Movies / dining out,362.04
rahul@example.com,Rahul Kumar,2017-08-29,Transport,Fuel / commute,69.16
rahul@example.com,Rahul Kumar,2017-09-01,Rent,Monthly rent,7413.63
rahul@example.com,Rahul Kumar,2017-09-02,Transport,Fuel / commute,81.16
rahul@example.com,Rahul Kumar,2017-09-03,Food & Groceries,Supermarket run,1448.23
rahul@example.com,Rahul Kumar,2017-09-04,Transport,Fuel / commute,93.22
rahul@example.com,Rahul Kumar,2017-09-06,Food & Groceries,Vegetables and fruit,413.5
rahul@example.com,Rahul Kumar,2017-09-07,Entertainment,Movies / dining out,323.05
rahul@example.com,Rahul Kumar,2017-09-08,Utilities,Electricity bill,969.6
rahul@example.com,Rahul Kumar,2017-09-08,Transport,Fuel / commute,86.75
rahul@example.com,Rahul Kumar,2017-09-10,Utilities,Broadband internet,693.65
rahul@example.com,Rahul Kumar,2017-09-10,Food & Groceries,Supermarket run,1339.34
rahul@example.com,Rahul Kumar,2017-09-11,Transport,Fuel / commute,68.95
rahul@example.com,Rahul Kumar,2017-09-12,Health,Doctor visit,567.04
rahul@example.com,Rahul Kumar,2017-09-15,Transport,Fuel / commute,89.36
rahul@example.com,Rahul Kumar,2017-09-16,Entertainment,Movies / dining out,358.34
rahul@example.com,Rahul Kumar,2017-09-17,Food & Groceries,Supermarket run,1412.29
rahul@example.com,Rahul Kumar,2017-09-18,Transport,Fuel / commute,72.06
rahul@example.com,Rahul Kumar,2017-09-20,Food & Groceries,Vegetables and fruit,407.32
rahul@example.com,Rahul Kumar,2017-09-20,Food & Groceries,Kirana store top-up,649.33
rahul@example.com,Rahul Kumar,2017-09-22,Transport,Fuel / commute,96.88
rahul@example.com,Rahul Kumar,2017-09-24,Food & Groceries,Supermarket run,1367.94
rahul@example.com,Rahul Kumar,2017-09-25,Transport,Fuel / commute,93.02
rahul@example.com,Rahul Kumar,2017-09-27,Entertainment,Movies / dining out,316.62
rahul@example.com,Rahul Kumar,2017-09-29,Transport,Fuel / commute,85.72
rahul@example.com,Rahul Kumar,2017-10-01,Rent,Monthly rent,7384.5
rahul@example.com,Rahul Kumar,2017-10-02,Transport,Fuel / commute,74.49
rahul@example.com,Rahul Kumar,2017-10-03,Food & Groceries,Supermarket run,1796.55
rahul@example.com,Rahul Kumar,2017-10-04,Transport,Fuel / commute,103.16
rahul@example.com,Rahul Kumar,2017-10-05,Rent,Society maintenance,1678.73
rahul@example.com,Rahul Kumar,2017-10-06,Food & Groceries,Vegetables and fruit,337.19
rahul@example.com,Rahul Kumar,2017-10-07,Entertainment,Movies / dining out,433.75
rahul@example.com,Rahul Kumar,2017-10-08,Utilities,Electricity bill,872.26
rahul@example.com,Rahul Kumar,2017-10-08,Transport,Fuel / commute,83.75
rahul@example.com,Rahul Kumar,2017-10-10,Utilities,Broadband internet,689.41
rahul@example.com,Rahul Kumar,2017-10-10,Food & Groceries,Supermarket run,1654.78
rahul@example.com,Rahul Kumar,2017-10-11,Transport,Fuel / commute,85.63
rahul@example.com,Rahul Kumar,2017-10-12,Health,Doctor visit,506.12
rahul@example.com,Rahul Kumar,2017-10-15,Transport,Fuel / commute,65.45
rahul@example.com,Rahul Kumar,2017-10-16,Entertainment,Movies / dining out,417.59
rahul@example.com,Rahul Kumar,2017-10-17,Food & Groceries,Supermarket run,1552.69
rahul@example.com,Rahul Kumar,2017-10-18,Transport,Fuel / commute,76.65
rahul@example.com,Rahul Kumar,2017-10-20,Food & Groceries,Vegetables and fruit,370.31
rahul@example.com,Rahul Kumar,2017-10-20,Food & Groceries,Kirana store top-up,636.8
rahul@example.com,Rahul Kumar,2017-10-22,Transport,Fuel / commute,85.33
rahul@example.com,Rahul Kumar,2017-10-24,Food & Groceries,Supermarket run,1745.69
rahul@example.com,Rahul Kumar,2017-10-25,Transport,Fuel / commute,72.96
rahul@example.com,Rahul Kumar,2017-10-27,Entertainment,Movies / dining out,458.04
rahul@example.com,Rahul Kumar,2017-10-29,Transport,Fuel / commute,92.25
rahul@example.com,Rahul Kumar,2017-11-01,Rent,Monthly rent,7449.3
rahul@example.com,Rahul Kumar,2017-11-02,Transport,Fuel / commute,73.56
rahul@example.com,Rahul Kumar,2017-11-03,Food & Groceries,Supermarket run,1754.66
rahul@example.com,Rahul Kumar,2017-11-04,Transport,Fuel / commute,86.48
rahul@example.com,Rahul Kumar,2017-11-06,Food & Groceries,Vegetables and fruit,381.0
rahul@example.com,Rahul Kumar,2017-11-07,Entertainment,Movies / dining out,456.56
rahul@example.com,Rahul Kumar,2017-11-08,Utilities,Electricity bill,895.69
rahul@example.com,Rahul Kumar,2017-11-08,Transport,Fuel / commute,92.77
rahul@example.com,Rahul Kumar,2017-11-10,Utilities,Broadband internet,698.53
rahul@example.com,Rahul Kumar,2017-11-10,Food & Groceries,Supermarket run,1647.67
rahul@example.com,Rahul Kumar,2017-11-11,Transport,Fuel / commute,90.14
rahul@example.com,Rahul Kumar,2017-11-12,Health,Doctor visit,582.31
rahul@example.com,Rahul Kumar,2017-11-15,Transport,Fuel / commute,102.73
rahul@example.com,Rahul Kumar,2017-11-16,Entertainment,Movies / dining out,390.25
rahul@example.com,Rahul Kumar,2017-11-17,Food & Groceries,Supermarket run,1699.39
rahul@example.com,Rahul Kumar,2017-11-18,Transport,Fuel / commute,75.87
rahul@example.com,Rahul Kumar,2017-11-20,Food & Groceries,Vegetables and fruit,427.18
rahul@example.com,Rahul Kumar,2017-11-22,Transport,Fuel / commute,69.7
rahul@example.com,Rahul Kumar,2017-11-24,Food & Groceries,Supermarket run,1762.49
rahul@example.com,Rahul Kumar,2017-11-25,Transport,Fuel / commute,73.56
rahul@example.com,Rahul Kumar,2017-11-27,Entertainment,Movies / dining out,492.54
rahul@example.com,Rahul Kumar,2017-11-29,Transport,Fuel / commute,90.14
rahul@example.com,Rahul Kumar,2017-12-01,Rent,Monthly rent,7542.43
rahul@example.com,Rahul Kumar,2017-12-02,Transport,Fuel / commute,94.62
rahul@example.com,Rahul Kumar,2017-12-03,Food & Groceries,Supermarket run,1137.07
rahul@example.com,Rahul Kumar,2017-12-04,Transport,Fuel / commute,84.85
rahul@example.com,Rahul Kumar,2017-12-06,Food & Groceries,Vegetables and fruit,467.39
rahul@example.com,Rahul Kumar,2017-12-07,Entertainment,Movies / dining out,386.15
rahul@example.com,Rahul Kumar,2017-12-08,Utilities,Electricity bill,825.93
rahul@example.com,Rahul Kumar,2017-12-08,Transport,Fuel / commute,107.39
rahul@example.com,Rahul Kumar,2017-12-10,Utilities,Broadband internet,705.71
rahul@example.com,Rahul Kumar,2017-12-10,Food & Groceries,Supermarket run,1199.94
rahul@example.com,Rahul Kumar,2017-12-11,Transport,Fuel / commute,80.06
rahul@example.com,Rahul Kumar,2017-12-12,Health,Doctor visit,574.3
rahul@example.com,Rahul Kumar,2017-12-15,Food & Groceries,Kirana store top-up,736.06
rahul@example.com,Rahul Kumar,2017-12-15,Transport,Fuel / commute,87.13
rahul@example.com,Rahul Kumar,2017-12-16,Entertainment,Movies / dining out,331.64
rahul@example.com,Rahul Kumar,2017-12-17,Food & Groceries,Supermarket run,1193.08
rahul@example.com,Rahul Kumar,2017-12-18,Transport,Fuel / commute,75.83
rahul@example.com,Rahul Kumar,2017-12-20,Food & Groceries,Vegetables and fruit,380.61
rahul@example.com,Rahul Kumar,2017-12-22,Transport,Fuel / commute,80.33
rahul@example.com,Rahul Kumar,2017-12-24,Food & Groceries,Supermarket run,1208.94
rahul@example.com,Rahul Kumar,2017-12-25,Transport,Fuel / commute,86.37
rahul@example.com,Rahul Kumar,2017-12-27,Entertainment,Movies / dining out,322.09
rahul@example.com,Rahul Kumar,2017-12-29,Transport,Fuel / commute,92.38
rahul@example.com,Rahul Kumar,2018-01-01,Rent,Monthly rent,7573.92
rahul@example.com,Rahul Kumar,2018-01-02,Transport,Fuel / commute,85.14
rahul@example.com,Rahul Kumar,2018-01-03,Food & Groceries,Supermarket run,1113.11
rahul@example.com,Rahul Kumar,2018-01-04,Transport,Fuel / commute,76.44
rahul@example.com,Rahul Kumar,2018-01-05,Rent,Society maintenance,1877.55
rahul@example.com,Rahul Kumar,2018-01-06,Food & Groceries,Vegetables and fruit,378.16
rahul@example.com,Rahul Kumar,2018-01-07,Entertainment,Movies / dining out,356.44
rahul@example.com,Rahul Kumar,2018-01-08,Utilities,Electricity bill,862.34
rahul@example.com,Rahul Kumar,2018-01-08,Transport,Fuel / commute,85.08
rahul@example.com,Rahul Kumar,2018-01-10,Utilities,Broadband internet,722.46
rahul@example.com,Rahul Kumar,2018-01-10,Food & Groceries,Supermarket run,1175.13
rahul@example.com,Rahul Kumar,2018-01-11,Transport,Fuel / commute,76.18
rahul@example.com,Rahul Kumar,2018-01-12,Health,Doctor visit,572.42
rahul@example.com,Rahul Kumar,2018-01-15,Transport,Fuel / commute,73.1
rahul@example.com,Rahul Kumar,2018-01-16,Entertainment,Movies / dining out,293.28
rahul@example.com,Rahul Kumar,2018-01-17,Food & Groceries,Supermarket run,1174.95
rahul@example.com,Rahul Kumar,2018-01-18,Transport,Fuel / commute,86.58
rahul@example.com,Rahul Kumar,2018-01-20,Food & Groceries,Vegetables and fruit,351.48
rahul@example.com,Rahul Kumar,2018-01-22,Transport,Fuel / commute,85.73
rahul@example.com,Rahul Kumar,2018-01-24,Food & Groceries,Supermarket run,1167.24
rahul@example.com,Rahul Kumar,2018-01-25,Transport,Fuel / commute,90.06
rahul@example.com,Rahul Kumar,2018-01-27,Entertainment,Movies / dining out,284.82
rahul@example.com,Rahul Kumar,2018-01-29,Transport,Fuel / commute,106.3
rahul@example.com,Rahul Kumar,2018-02-01,Rent,Monthly rent,7540.49
rahul@example.com,Rahul Kumar,2018-02-02,Transport,Fuel / commute,87.2
rahul@example.com,Rahul Kumar,2018-02-03,Food & Groceries,Supermarket run,1163.66
rahul@example.com,Rahul Kumar,2018-02-04,Transport,Fuel / commute,92.93
rahul@example.com,Rahul Kumar,2018-02-06,Food & Groceries,Vegetables and fruit,400.93
rahul@example.com,Rahul Kumar,2018-02-07,Entertainment,Movies / dining out,327.23
rahul@example.com,Rahul Kumar,2018-02-08,Utilities,Electricity bill,757.63
rahul@example.com,Rahul Kumar,2018-02-08,Transport,Fuel / commute,87.38
rahul@example.com,Rahul Kumar,2018-02-10,Utilities,Broadband internet,689.01
rahul@example.com,Rahul Kumar,2018-02-10,Food & Groceries,Supermarket run,1221.3
rahul@example.com,Rahul Kumar,2018-02-11,Transport,Fuel / commute,98.44
rahul@example.com,Rahul Kumar,2018-02-12,Health,Doctor visit,660.1
rahul@example.com,Rahul Kumar,2018-02-15,Transport,Fuel / commute,85.12
rahul@example.com,Rahul Kumar,2018-02-16,Entertainment,Movies / dining out,355.22
rahul@example.com,Rahul Kumar,2018-02-17,Food & Groceries,Supermarket run,1159.47
rahul@example.com,Rahul Kumar,2018-02-18,Transport,Fuel / commute,89.58
rahul@example.com,Rahul Kumar,2018-02-20,Food & Groceries,Vegetables and fruit,441.86
rahul@example.com,Rahul Kumar,2018-02-22,Transport,Fuel / commute,88.27
rahul@example.com,Rahul Kumar,2018-02-24,Food & Groceries,Supermarket run,1333.57
rahul@example.com,Rahul Kumar,2018-02-25,Transport,Fuel / commute,81.63
rahul@example.com,Rahul Kumar,2018-02-27,Entertainment,Movies / dining out,389.25
rahul@example.com,Rahul Kumar,2018-03-01,Rent,Monthly rent,7651.75
rahul@example.com,Rahul Kumar,2018-03-02,Transport,Fuel / commute,83.02
rahul@example.com,Rahul Kumar,2018-03-03,Food & Groceries,Supermarket run,1306.43
rahul@example.com,Rahul Kumar,2018-03-04,Transport,Fuel / commute,78.33
rahul@example.com,Rahul Kumar,2018-03-06,Food & Groceries,Vegetables and fruit,364.81
rahul@example.com,Rahul Kumar,2018-03-07,Entertainment,Movies / dining out,325.12
rahul@example.com,Rahul Kumar,2018-03-08,Utilities,Electricity bill,828.28
rahul@example.com,Rahul Kumar,2018-03-08,Transport,Fuel / commute,90.89
rahul@example.com,Rahul Kumar,2018-03-10,Utilities,Broadband internet,698.3
rahul@example.com,Rahul Kumar,2018-03-10,Food & Groceries,Supermarket run,1128.51
rahul@example.com,Rahul Kumar,2018-03-11,Transport,Fuel / commute,80.35
rahul@example.com,Rahul Kumar,2018-03-12,Health,Doctor visit,573.02
rahul@example.com,Rahul Kumar,2018-03-15,Transport,Fuel / commute,94.88
rahul@example.com,Rahul Kumar,2018-03-16,Entertainment,Movies / dining out,242.91
rahul@example.com,Rahul Kumar,2018-03-17,Food & Groceries,Supermarket run,1276.56
rahul@example.com,Rahul Kumar,2018-03-18,Transport,Fuel / commute,87.76
rahul@example.com,Rahul Kumar,2018-03-20,Food & Groceries,Vegetables and fruit,387.9
rahul@example.com,Rahul Kumar,2018-03-22,Transport,Fuel / commute,77.79
rahul@example.com,Rahul Kumar,2018-03-24,Food & Groceries,Supermarket run,1186.6
rahul@example.com,Rahul Kumar,2018-03-25,Transport,Fuel / commute,76.07
rahul@example.com,Rahul Kumar,2018-03-27,Entertainment,Movies / dining out,317.74
rahul@example.com,Rahul Kumar,2018-03-29,Transport,Fuel / commute,68.11
rahul@example.com,Rahul Kumar,2018-04-01,Rent,Monthly rent,7636.79
rahul@example.com,Rahul Kumar,2018-04-02,Transport,Fuel / commute,99.33
rahul@example.com,Rahul Kumar,2018-04-03,Food & Groceries,Supermarket run,1265.08
rahul@example.com,Rahul Kumar,2018-04-04,Transport,Fuel / commute,85.21
rahul@example.com,Rahul Kumar,2018-04-05,Rent,Society maintenance,1851.46
rahul@example.com,Rahul Kumar,2018-04-06,Food & Groceries,Vegetables and fruit,400.05
rahul@example.com,Rahul Kumar,2018-04-07,Entertainment,Movies / dining out,318.51
rahul@example.com,Rahul Kumar,2018-04-08,Utilities,Electricity bill,894.97
rahul@example.com,Rahul Kumar,2018-04-08,Transport,Fuel / commute,93.57
rahul@example.com,Rahul Kumar,2018-04-10,Utilities,Broadband internet,731.4
rahul@example.com,Rahul Kumar,2018-04-10,Food & Groceries,Supermarket run,1353.13
rahul@example.com,Rahul Kumar,2018-04-11,Transport,Fuel / commute,78.06
rahul@example.com,Rahul Kumar,2018-04-12,Health,Doctor visit,461.77
rahul@example.com,Rahul Kumar,2018-04-15,Transport,Fuel / commute,93.07
rahul@example.com,Rahul Kumar,2018-04-16,Entertainment,Movies / dining out,391.33
rahul@example.com,Rahul Kumar,2018-04-17,Food & Groceries,Supermarket run,1332.84
rahul@example.com,Rahul Kumar,2018-04-18,Transport,Fuel / commute,77.44
rahul@example.com,Rahul Kumar,2018-04-19,Food & Groceries,Kirana store top-up,778.62
rahul@example.com,Rahul Kumar,2018-04-20,Food & Groceries,Vegetables and fruit,407.2
rahul@example.com,Rahul Kumar,2018-04-22,Transport,Fuel / commute,96.39
rahul@example.com,Rahul Kumar,2018-04-24,Food & Groceries,Supermarket run,1327.67
rahul@example.com,Rahul Kumar,2018-04-25,Transport,Fuel / commute,107.84
rahul@example.com,Rahul Kumar,2018-04-27,Entertainment,Movies / dining out,363.56
rahul@example.com,Rahul Kumar,2018-04-29,Transport,Fuel / commute,83.99
rahul@example.com,Rahul Kumar,2018-05-01,Rent,Monthly rent,7566.32
rahul@example.com,Rahul Kumar,2018-05-02,Transport,Fuel / commute,75.68
rahul@example.com,Rahul Kumar,2018-05-03,Food & Groceries,Supermarket run,1475.99
rahul@example.com,Rahul Kumar,2018-05-04,Transport,Fuel / commute,98.58
rahul@example.com,Rahul Kumar,2018-05-06,Food & Groceries,Vegetables and fruit,417.72
rahul@example.com,Rahul Kumar,2018-05-07,Entertainment,Movies / dining out,355.01
rahul@example.com,Rahul Kumar,2018-05-08,Utilities,Electricity bill,1052.7
rahul@example.com,Rahul Kumar,2018-05-08,Transport,Fuel / commute,99.67
rahul@example.com,Rahul Kumar,2018-05-10,Utilities,Broadband internet,737.92
rahul@example.com,Rahul Kumar,2018-05-10,Food & Groceries,Supermarket run,1547.07
rahul@example.com,Rahul Kumar,2018-05-11,Transport,Fuel / commute,75.4
rahul@example.com,Rahul Kumar,2018-05-12,Health,Doctor visit,563.71
rahul@example.com,Rahul Kumar,2018-05-15,Transport,Fuel / commute,95.52
rahul@example.com,Rahul Kumar,2018-05-16,Entertainment,Movies / dining out,367.94
rahul@example.com,Rahul Kumar,2018-05-17,Food & Groceries,Supermarket run,1437.01
rahul@example.com,Rahul Kumar,2018-05-18,Transport,Fuel / commute,84.68
rahul@example.com,Rahul Kumar,2018-05-20,Food & Groceries,Vegetables and fruit,378.9
rahul@example.com,Rahul Kumar,2018-05-21,Health,Pharmacy / lab tests,1369.22
rahul@example.com,Rahul Kumar,2018-05-22,Transport,Fuel / commute,89.07
rahul@example.com,Rahul Kumar,2018-05-24,Food & Groceries,Supermarket run,1415.17
rahul@example.com,Rahul Kumar,2018-05-25,Transport,Fuel / commute,90.3
rahul@example.com,Rahul Kumar,2018-05-27,Entertainment,Movies / dining out,308.08
rahul@example.com,Rahul Kumar,2018-05-29,Transport,Fuel / commute,95.79
rahul@example.com,Rahul Kumar,2018-06-01,Rent,Monthly rent,7678.4
rahul@example.com,Rahul Kumar,2018-06-02,Transport,Fuel / commute,85.71
rahul@example.com,Rahul Kumar,2018-06-03,Food & Groceries,Supermarket run,1426.33
rahul@example.com,Rahul Kumar,2018-06-04,Transport,Fuel / commute,79.16
rahul@example.com,Rahul Kumar,2018-06-06,Food & Groceries,Vegetables and fruit,410.85
rahul@example.com,Rahul Kumar,2018-06-07,Entertainment,Movies / dining out,270.54
rahul@example.com,Rahul Kumar,2018-06-08,Utilities,Electricity bill,1168.86
rahul@example.com,Rahul Kumar,2018-06-08,Transport,Fuel / commute,93.04
rahul@example.com,Rahul Kumar,2018-06-10,Utilities,Broadband internet,714.55
rahul@example.com,Rahul Kumar,2018-06-10,Food & Groceries,Supermarket run,1457.84
rahul@example.com,Rahul Kumar,2018-06-11,Transport,Fuel / commute,100.72
rahul@example.com,Rahul Kumar,2018-06-12,Health,Doctor visit,582.79
rahul@example.com,Rahul Kumar,2018-06-15,Transport,Fuel / commute,81.13
rahul@example.com,Rahul Kumar,2018-06-16,Entertainment,Movies / dining out,362.4
rahul@example.com,Rahul Kumar,2018-06-17,Food & Groceries,Supermarket run,1361.23
rahul@example.com,Rahul Kumar,2018-06-18,Transport,Fuel / commute,90.92
rahul@example.com,Rahul Kumar,2018-06-20,Food & Groceries,Vegetables and fruit,393.97
rahul@example.com,Rahul Kumar,2018-06-20,Food & Groceries,Kirana store top-up,703.89
rahul@example.com,Rahul Kumar,2018-06-22,Transport,Fuel / commute,83.45
rahul@example.com,Rahul Kumar,2018-06-24,Food & Groceries,Supermarket run,1451.12
rahul@example.com,Rahul Kumar,2018-06-25,Transport,Fuel / commute,89.69
rahul@example.com,Rahul Kumar,2018-06-27,Entertainment,Movies / dining out,394.52
rahul@example.com,Rahul Kumar,2018-06-29,Transport,Fuel / commute,102.06
rahul@example.com,Rahul Kumar,2018-07-01,Rent,Monthly rent,7737.57
rahul@example.com,Rahul Kumar,2018-07-02,Transport,Fuel / commute,69.52
rahul@example.com,Rahul Kumar,2018-07-03,Food & Groceries,Supermarket run,1619.72
rahul@example.com,Rahul Kumar,2018-07-04,Transport,Fuel / commute,80.74
rahul@example.com,Rahul Kumar,2018-07-05,Rent,Society maintenance,1712.76
rahul@example.com,Rahul Kumar,2018-07-06,Food & Groceries,Vegetables and fruit,433.12
rahul@example.com,Rahul Kumar,2018-07-07,Entertainment,Movies / dining out,368.92
rahul@example.com,Rahul Kumar,2018-07-08,Utilities,Electricity bill,1124.11
rahul@example.com,Rahul Kumar,2018-07-08,Transport,Fuel / commute,95.46
rahul@example.com,Rahul Kumar,2018-07-10,Utilities,Broadband internet,726.4
rahul@example.com,Rahul Kumar,2018-07-10,Food & Groceries,Supermarket run,1411.93
rahul@example.com,Rahul Kumar,2018-07-11,Transport,Fuel / commute,80.65
rahul@example.com,Rahul Kumar,2018-07-12,Health,Doctor visit,603.35
rahul@example.com,Rahul Kumar,2018-07-15,Transport,Fuel / commute,79.08
rahul@example.com,Rahul Kumar,2018-07-16,Entertainment,Movies / dining out,334.92
rahul@example.com,Rahul Kumar,2018-07-17,Food & Groceries,Supermarket run,1579.54
rahul@example.com,Rahul Kumar,2018-07-18,Transport,Fuel / commute,67.41
rahul@example.com,Rahul Kumar,2018-07-20,Food & Groceries,Vegetables and fruit,437.1
rahul@example.com,Rahul Kumar,2018-07-20,Food & Groceries,Kirana store top-up,675.95
rahul@example.com,Rahul Kumar,2018-07-22,Transport,Fuel / commute,104.4
rahul@example.com,Rahul Kumar,2018-07-24,Food & Groceries,Supermarket run,1551.5
rahul@example.com,Rahul Kumar,2018-07-25,Transport,Fuel / commute,94.81
rahul@example.com,Rahul Kumar,2018-07-27,Entertainment,Movies / dining out,338.26
rahul@example.com,Rahul Kumar,2018-07-29,Transport,Fuel / commute,94.23
rahul@example.com,Rahul Kumar,2018-08-01,Rent,Monthly rent,7803.4
rahul@example.com,Rahul Kumar,2018-08-02,Transport,Fuel / commute,84.99
rahul@example.com,Rahul Kumar,2018-08-03,Food & Groceries,Supermarket run,1450.73
rahul@example.com,Rahul Kumar,2018-08-04,Transport,Fuel / commute,101.47
rahul@example.com,Rahul Kumar,2018-08-06,Food & Groceries,Vegetables and fruit,436.02
rahul@example.com,Rahul Kumar,2018-08-07,Entertainment,Movies / dining out,285.36
rahul@example.com,Rahul Kumar,2018-08-08,Utilities,Electricity bill,1205.12
rahul@example.com,Rahul Kumar,2018-08-08,Transport,Fuel / commute,100.82
rahul@example.com,Rahul Kumar,2018-08-10,Utilities,Broadband internet,734.22
rahul@example.com,Rahul Kumar,2018-08-10,Food & Groceries,Supermarket run,1416.21
rahul@example.com,Rahul Kumar,2018-08-11,Transport,Fuel / commute,89.13
rahul@example.com,Rahul Kumar,2018-08-12,Health,Doctor visit,520.14
rahul@example.com,Rahul Kumar,2018-08-15,Transport,Fuel / commute,78.06
rahul@example.com,Rahul Kumar,2018-08-16,Entertainment,Movies / dining out,372.72
rahul@example.com,Rahul Kumar,2018-08-17,Food & Groceries,Supermarket run,1459.51
rahul@example.com,Rahul Kumar,2018-08-18,Transport,Fuel / commute,102.97
rahul@example.com,Rahul Kumar,2018-08-20,Food & Groceries,Vegetables and fruit,442.25
rahul@example.com,Rahul Kumar,2018-08-22,Transport,Fuel / commute,85.97
rahul@example.com,Rahul Kumar,2018-08-24,Food & Groceries,Supermarket run,1454.69
rahul@example.com,Rahul Kumar,2018-08-25,Transport,Fuel / commute,87.91
rahul@example.com,Rahul Kumar,2018-08-27,Entertainment,Movies / dining out,313.84
rahul@example.com,Rahul Kumar,2018-08-29,Transport,Fuel / commute,83.07
rahul@example.com,Rahul Kumar,2018-09-01,Rent,Monthly rent,7822.68
rahul@example.com,Rahul Kumar,2018-09-02,Transport,Fuel / commute,104.08
rahul@example.com,Rahul Kumar,2018-09-03,Food & Groceries,Supermarket run,1395.72
rahul@example.com,Rahul Kumar,2018-09-04,Transport,Fuel / commute,100.14
rahul@example.com,Rahul Kumar,2018-09-06,Food & Groceries,Vegetables and fruit,398.62
rahul@example.com,Rahul Kumar,2018-09-07,Entertainment,Movies / dining out,298.96
rahul@example.com,Rahul Kumar,2018-09-08,Utilities,Electricity bill,1135.23
rahul@example.com,Rahul Kumar,2018-09-08,Transport,Fuel / commute,87.2
rahul@example.com,Rahul Kumar,2018-09-10,Utilities,Broadband internet,739.7
rahul@example.com,Rahul Kumar,2018-09-10,Food & Groceries,Supermarket run,1221.66
rahul@example.com,Rahul Kumar,2018-09-11,Transport,Fuel / commute,83.88
rahul@example.com,Rahul Kumar,2018-09-12,Health,Doctor visit,612.38
rahul@example.com,Rahul Kumar,2018-09-15,Transport,Fuel / commute,85.57
rahul@example.com,Rahul Kumar,2018-09-16,Entertainment,Movies / dining out,379.28
rahul@example.com,Rahul Kumar,2018-09-17,Food & Groceries,Supermarket run,1306.97
rahul@example.com,Rahul Kumar,2018-09-18,Transport,Fuel / commute,89.31
rahul@example.com,Rahul Kumar,2018-09-20,Food & Groceries,Vegetables and fruit,387.11
rahul@example.com,Rahul Kumar,2018-09-22,Transport,Fuel / commute,103.64
rahul@example.com,Rahul Kumar,2018-09-24,Food & Groceries,Supermarket run,1586.67
rahul@example.com,Rahul Kumar,2018-09-25,Transport,Fuel / commute,91.35
rahul@example.com,Rahul Kumar,2018-09-27,Entertainment,Movies / dining out,335.48
rahul@example.com,Rahul Kumar,2018-09-29,Transport,Fuel / commute,94.52
rahul@example.com,Rahul Kumar,2018-10-01,Rent,Monthly rent,7884.86
rahul@example.com,Rahul Kumar,2018-10-02,Transport,Fuel / commute,93.28
rahul@example.com,Rahul Kumar,2018-10-03,Food & Groceries,Supermarket run,1876.01
rahul@example.com,Rahul Kumar,2018-10-04,Transport,Fuel / commute,74.41
rahul@example.com,Rahul Kumar,2018-10-05,Rent,Society maintenance,1808.23
rahul@example.com,Rahul Kumar,2018-10-06,Food & Groceries,Vegetables and fruit,422.49
rahul@example.com,Rahul Kumar,2018-10-07,Entertainment,Movies / dining out,464.61
rahul@example.com,Rahul Kumar,2018-10-08,Utilities,Electricity bill,919.24
rahul@example.com,Rahul Kumar,2018-10-08,Transport,Fuel / commute,91.03
rahul@example.com,Rahul Kumar,2018-10-10,Utilities,Broadband internet,732.76
rahul@example.com,Rahul Kumar,2018-10-10,Food & Groceries,Supermarket run,1957.27
rahul@example.com,Rahul Kumar,2018-10-11,Transport,Fuel / commute,98.72
rahul@example.com,Rahul Kumar,2018-10-12,Health,Doctor visit,616.43
rahul@example.com,Rahul Kumar,2018-10-15,Transport,Fuel / commute,92.39
rahul@example.com,Rahul Kumar,2018-10-16,Entertainment,Movies / dining out,421.02
rahul@example.com,Rahul Kumar,2018-10-17,Food & Groceries,Supermarket run,1721.76
rahul@example.com,Rahul Kumar,2018-10-18,Transport,Fuel / commute,88.74
rahul@example.com,Rahul Kumar,2018-10-20,Food & Groceries,Vegetables and fruit,410.16
rahul@example.com,Rahul Kumar,2018-10-22,Transport,Fuel / commute,86.28
rahul@example.com,Rahul Kumar,2018-10-24,Food & Groceries,Supermarket run,1779.94
rahul@example.com,Rahul Kumar,2018-10-25,Transport,Fuel / commute,78.54
rahul@example.com,Rahul Kumar,2018-10-27,Entertainment,Movies / dining out,443.5
rahul@example.com,Rahul Kumar,2018-10-29,Transport,Fuel / commute,86.53
rahul@example.com,Rahul Kumar,2018-11-01,Rent,Monthly rent,7901.17
rahul@example.com,Rahul Kumar,2018-11-02,Transport,Fuel / commute,91.14
rahul@example.com,Rahul Kumar,2018-11-03,Food & Groceries,Supermarket run,1801.33
rahul@example.com,Rahul Kumar,2018-11-04,Transport,Fuel / commute,89.58
rahul@example.com,Rahul Kumar,2018-11-06,Food & Groceries,Vegetables and fruit,387.71
rahul@example.com,Rahul Kumar,2018-11-07,Entertainment,Movies / dining out,511.15
rahul@example.com,Rahul Kumar,2018-11-08,Utilities,Electricity bill,951.88
rahul@example.com,Rahul Kumar,2018-11-08,Transport,Fuel / commute,94.86
rahul@example.com,Rahul Kumar,2018-11-10,Utilities,Broadband internet,743.23
rahul@example.com,Rahul Kumar,2018-11-10,Food & Groceries,Supermarket run,1850.36
rahul@example.com,Rahul Kumar,2018-11-11,Transport,Fuel / commute,93.37
rahul@example.com,Rahul Kumar,2018-11-12,Health,Doctor visit,576.56
rahul@example.com,Rahul Kumar,2018-11-15,Transport,Fuel / commute,90.18
rahul@example.com,Rahul Kumar,2018-11-16,Entertainment,Movies / dining out,435.16
rahul@example.com,Rahul Kumar,2018-11-17,Food & Groceries,Supermarket run,1699.96
rahul@example.com,Rahul Kumar,2018-11-18,Transport,Fuel / commute,93.48
rahul@example.com,Rahul Kumar,2018-11-20,Food & Groceries,Vegetables and fruit,373.61
rahul@example.com,Rahul Kumar,2018-11-22,Transport,Fuel / commute,87.18
rahul@example.com,Rahul Kumar,2018-11-24,Food & Groceries,Supermarket run,1754.52
rahul@example.com,Rahul Kumar,2018-11-25,Transport,Fuel / commute,91.97
rahul@example.com,Rahul Kumar,2018-11-27,Entertainment,Movies / dining out,476.13
rahul@example.com,Rahul Kumar,2018-11-29,Transport,Fuel / commute,79.99
rahul@example.com,Rahul Kumar,2018-12-01,Rent,Monthly rent,7850.09
rahul@example.com,Rahul Kumar,2018-12-02,Transport,Fuel / commute,98.75
rahul@example.com,Rahul Kumar,2018-12-03,Food & Groceries,Supermarket run,1230.54
rahul@example.com,Rahul Kumar,2018-12-04,Transport,Fuel / commute,82.18
rahul@example.com,Rahul Kumar,2018-12-06,Food & Groceries,Vegetables and fruit,432.69
rahul@example.com,Rahul Kumar,2018-12-07,Entertainment,Movies / dining out,446.22
rahul@example.com,Rahul Kumar,2018-12-08,Utilities,Electricity bill,808.55
rahul@example.com,Rahul Kumar,2018-12-08,Transport,Fuel / commute,88.4
rahul@example.com,Rahul Kumar,2018-12-10,Utilities,Broadband internet,749.18
rahul@example.com,Rahul Kumar,2018-12-10,Food & Groceries,Supermarket run,1336.65
rahul@example.com,Rahul Kumar,2018-12-11,Transport,Fuel / commute,87.32
rahul@example.com,Rahul Kumar,2018-12-12,Health,Doctor visit,614.13
rahul@example.com,Rahul Kumar,2018-12-15,Transport,Fuel / commute,95.4
rahul@example.com,Rahul Kumar,2018-12-16,Entertainment,Movies / dining out,394.18
rahul@example.com,Rahul Kumar,2018-12-17,Food & Groceries,Supermarket run,1285.84
rahul@example.com,Rahul Kumar,2018-12-18,Transport,Fuel / commute,77.15
rahul@example.com,Rahul Kumar,2018-12-20,Food & Groceries,Vegetables and fruit,427.38
rahul@example.com,Rahul Kumar,2018-12-22,Transport,Fuel / commute,98.71
rahul@example.com,Rahul Kumar,2018-12-24,Food & Groceries,Supermarket run,1227.79
rahul@example.com,Rahul Kumar,2018-12-25,Transport,Fuel / commute,92.89
rahul@example.com,Rahul Kumar,2018-12-27,Entertainment,Movies / dining out,412.14
rahul@example.com,Rahul Kumar,2018-12-29,Transport,Fuel / commute,74.07
rahul@example.com,Rahul Kumar,2019-01-01,Rent,Monthly rent,7890.74
rahul@example.com,Rahul Kumar,2019-01-02,Transport,Fuel / commute,94.14
rahul@example.com,Rahul Kumar,2019-01-03,Food & Groceries,Supermarket run,1188.3
rahul@example.com,Rahul Kumar,2019-01-04,Transport,Fuel / commute,110.16
rahul@example.com,Rahul Kumar,2019-01-05,Rent,Society maintenance,1793.28
rahul@example.com,Rahul Kumar,2019-01-06,Food & Groceries,Vegetables and fruit,403.55
rahul@example.com,Rahul Kumar,2019-01-07,Entertainment,Movies / dining out,331.79
rahul@example.com,Rahul Kumar,2019-01-08,Utilities,Electricity bill,811.9
rahul@example.com,Rahul Kumar,2019-01-08,Transport,Fuel / commute,98.27
rahul@example.com,Rahul Kumar,2019-01-10,Utilities,Broadband internet,747.18
rahul@example.com,Rahul Kumar,2019-01-10,Food & Groceries,Supermarket run,1277.21
rahul@example.com,Rahul Kumar,2019-01-11,Transport,Fuel / commute,98.65
rahul@example.com,Rahul Kumar,2019-01-12,Health,Doctor visit,540.11
rahul@example.com,Rahul Kumar,2019-01-15,Transport,Fuel / commute,121.04
rahul@example.com,Rahul Kumar,2019-01-16,Entertainment,Movies / dining out,380.7
rahul@example.com,Rahul Kumar,2019-01-17,Food & Groceries,Supermarket run,1264.05
rahul@example.com,Rahul Kumar,2019-01-18,Transport,Fuel / commute,93.78
rahul@example.com,Rahul Kumar,2019-01-20,Food & Groceries,Vegetables and fruit,423.39
rahul@example.com,Rahul Kumar,2019-01-22,Transport,Fuel / commute,93.45
rahul@example.com,Rahul Kumar,2019-01-24,Food & Groceries,Supermarket run,1226.87
rahul@example.com,Rahul Kumar,2019-01-25,Transport,Fuel / commute,95.77
rahul@example.com,Rahul Kumar,2019-01-27,Entertainment,Movies / dining out,345.86
rahul@example.com,Rahul Kumar,2019-01-29,Transport,Fuel / commute,77.62
rahul@example.com,Rahul Kumar,2019-02-01,Rent,Monthly rent,7948.44
rahul@example.com,Rahul Kumar,2019-02-02,Transport,Fuel / commute,77.23
rahul@example.com,Rahul Kumar,2019-02-03,Food & Groceries,Supermarket run,1247.3
rahul@example.com,Rahul Kumar,2019-02-04,Transport,Fuel / commute,70.29
rahul@example.com,Rahul Kumar,2019-02-06,Food & Groceries,Vegetables and fruit,367.89
rahul@example.com,Rahul Kumar,2019-02-07,Entertainment,Movies / dining out,371.59
rahul@example.com,Rahul Kumar,2019-02-08,Utilities,Electricity bill,934.99
rahul@example.com,Rahul Kumar,2019-02-08,Transport,Fuel / commute,80.19
rahul@example.com,Rahul Kumar,2019-02-10,Utilities,Broadband internet,740.28
rahul@example.com,Rahul Kumar,2019-02-10,Food & Groceries,Supermarket run,1284.85
rahul@example.com,Rahul Kumar,2019-02-11,Transport,Fuel / commute,77.51
rahul@example.com,Rahul Kumar,2019-02-12,Health,Doctor visit,537.85
rahul@example.com,Rahul Kumar,2019-02-15,Transport,Fuel / commute,94.86
rahul@example.com,Rahul Kumar,2019-02-16,Entertainment,Movies / dining out,389.72
rahul@example.com,Rahul Kumar,2019-02-17,Food & Groceries,Supermarket run,1251.06
rahul@example.com,Rahul Kumar,2019-02-18,Transport,Fuel / commute,95.05
rahul@example.com,Rahul Kumar,2019-02-20,Food & Groceries,Vegetables and fruit,402.78
rahul@example.com,Rahul Kumar,2019-02-22,Transport,Fuel / commute,79.04
rahul@example.com,Rahul Kumar,2019-02-24,Food & Groceries,Supermarket run,1215.19
rahul@example.com,Rahul Kumar,2019-02-25,Transport,Fuel / commute,85.89
rahul@example.com,Rahul Kumar,2019-02-27,Entertainment,Movies / dining out,324.27
rahul@example.com,Rahul Kumar,2019-03-01,Rent,Monthly rent,8033.85
rahul@example.com,Rahul Kumar,2019-03-02,Transport,Fuel / commute,86.62
rahul@example.com,Rahul Kumar,2019-03-03,Food & Groceries,Supermarket run,1290.03
rahul@example.com,Rahul Kumar,2019-03-04,Transport,Fuel / commute,101.15
rahul@example.com,Rahul Kumar,2019-03-06,Food & Groceries,Vegetables and fruit,442.16
rahul@example.com,Rahul Kumar,2019-03-07,Entertainment,Movies / dining out,367.33
rahul@example.com,Rahul Kumar,2019-03-08,Utilities,Electricity bill,917.5
rahul@example.com,Rahul Kumar,2019-03-08,Transport,Fuel / commute,89.19
rahul@example.com,Rahul Kumar,2019-03-10,Utilities,Broadband internet,736.14
rahul@example.com,Rahul Kumar,2019-03-10,Food & Groceries,Supermarket run,1400.3
rahul@example.com,Rahul Kumar,2019-03-11,Transport,Fuel / commute,83.67
rahul@example.com,Rahul Kumar,2019-03-12,Health,Doctor visit,592.83
rahul@example.com,Rahul Kumar,2019-03-15,Transport,Fuel / commute,98.49
rahul@example.com,Rahul Kumar,2019-03-16,Entertainment,Movies / dining out,359.81
rahul@example.com,Rahul Kumar,2019-03-17,Food & Groceries,Supermarket run,1357.32
rahul@example.com,Rahul Kumar,2019-03-18,Transport,Fuel / commute,99.41
rahul@example.com,Rahul Kumar,2019-03-20,Food & Groceries,Vegetables and fruit,349.47
rahul@example.com,Rahul Kumar,2019-03-22,Transport,Fuel / commute,102.99
rahul@example.com,Rahul Kumar,2019-03-24,Food & Groceries,Supermarket run,1210.73
rahul@example.com,Rahul Kumar,2019-03-25,Transport,Fuel / commute,98.33
rahul@example.com,Rahul Kumar,2019-03-27,Entertainment,Movies / dining out,345.85
rahul@example.com,Rahul Kumar,2019-03-29,Transport,Fuel / commute,100.54
rahul@example.com,Rahul Kumar,2019-04-01,Rent,Monthly rent,7982.82
rahul@example.com,Rahul Kumar,2019-04-02,Transport,Fuel / commute,97.03
rahul@example.com,Rahul Kumar,2019-04-03,Food & Groceries,Supermarket run,1460.31
rahul@example.com,Rahul Kumar,2019-04-04,Transport,Fuel / commute,76.58
rahul@example.com,Rahul Kumar,2019-04-05,Rent,Society maintenance,1809.17
rahul@example.com,Rahul Kumar,2019-04-06,Food & Groceries,Vegetables and fruit,469.94
rahul@example.com,Rahul Kumar,2019-04-07,Entertainment,Movies / dining out,371.92
rahul@example.com,Rahul Kumar,2019-04-08,Utilities,Electricity bill,981.8
rahul@example.com,Rahul Kumar,2019-04-08,Transport,Fuel / commute,94.6
rahul@example.com,Rahul Kumar,2019-04-10,Utilities,Broadband internet,744.77
rahul@example.com,Rahul Kumar,2019-04-10,Food & Groceries,Supermarket run,1409.54
rahul@example.com,Rahul Kumar,2019-04-11,Transport,Fuel / commute,98.46
rahul@example.com,Rahul Kumar,2019-04-12,Health,Doctor visit,474.97
rahul@example.com,Rahul Kumar,2019-04-15,Transport,Fuel / commute,97.12
rahul@example.com,Rahul Kumar,2019-04-16,Entertainment,Movies / dining out,365.33
rahul@example.com,Rahul Kumar,2019-04-17,Food & Groceries,Supermarket run,1294.51
rahul@example.com,Rahul Kumar,2019-04-18,Transport,Fuel / commute,97.75
rahul@example.com,Rahul Kumar,2019-04-20,Food & Groceries,Vegetables and fruit,479.94
rahul@example.com,Rahul Kumar,2019-04-22,Transport,Fuel / commute,93.23
rahul@example.com,Rahul Kumar,2019-04-24,Food & Groceries,Supermarket run,1385.75
rahul@example.com,Rahul Kumar,2019-04-25,Transport,Fuel / commute,88.56
rahul@example.com,Rahul Kumar,2019-04-27,Entertainment,Movies / dining out,381.26
rahul@example.com,Rahul Kumar,2019-04-29,Transport,Fuel / commute,82.82
rahul@example.com,Rahul Kumar,2019-05-01,Rent,Monthly rent,8095.15
rahul@example.com,Rahul Kumar,2019-05-02,Transport,Fuel / commute,93.42
rahul@example.com,Rahul Kumar,2019-05-03,Food & Groceries,Supermarket run,1494.19
rahul@example.com,Rahul Kumar,2019-05-04,Transport,Fuel / commute,87.17
rahul@example.com,Rahul Kumar,2019-05-06,Food & Groceries,Vegetables and fruit,449.24
rahul@example.com,Rahul Kumar,2019-05-07,Entertainment,Movies / dining out,290.62
rahul@example.com,Rahul Kumar,2019-05-08,Utilities,Electricity bill,1058.94
rahul@example.com,Rahul Kumar,2019-05-08,Transport,Fuel / commute,110.29
rahul@example.com,Rahul Kumar,2019-05-10,Utilities,Broadband internet,765.2
rahul@example.com,Rahul Kumar,2019-05-10,Food & Groceries,Supermarket run,1617.34
rahul@example.com,Rahul Kumar,2019-05-11,Transport,Fuel / commute,79.92
rahul@example.com,Rahul Kumar,2019-05-12,Health,Doctor visit,552.44
rahul@example.com,Rahul Kumar,2019-05-15,Transport,Fuel / commute,89.73
rahul@example.com,Rahul Kumar,2019-05-16,Entertainment,Movies / dining out,359.13
rahul@example.com,Rahul Kumar,2019-05-17,Food & Groceries,Supermarket run,1512.52
rahul@example.com,Rahul Kumar,2019-05-18,Transport,Fuel / commute,89.84
rahul@example.com,Rahul Kumar,2019-05-20,Food & Groceries,Vegetables and fruit,445.98
rahul@example.com,Rahul Kumar,2019-05-22,Transport,Fuel / commute,94.01
rahul@example.com,Rahul Kumar,2019-05-24,Food & Groceries,Supermarket run,1565.83
rahul@example.com,Rahul Kumar,2019-05-25,Transport,Fuel / commute,85.06
rahul@example.com,Rahul Kumar,2019-05-27,Entertainment,Movies / dining out,311.34
rahul@example.com,Rahul Kumar,2019-05-29,Transport,Fuel / commute,93.07
rahul@example.com,Rahul Kumar,2019-06-01,Rent,Monthly rent,8032.29
rahul@example.com,Rahul Kumar,2019-06-02,Transport,Fuel / commute,86.06
rahul@example.com,Rahul Kumar,2019-06-03,Food & Groceries,Supermarket run,1497.0
rahul@example.com,Rahul Kumar,2019-06-04,Transport,Fuel / commute,72.02
rahul@example.com,Rahul Kumar,2019-06-06,Food & Groceries,Vegetables and fruit,368.14
rahul@example.com,Rahul Kumar,2019-06-07,Entertainment,Movies / dining out,338.62
rahul@example.com,Rahul Kumar,2019-06-08,Utilities,Electricity bill,1176.73
rahul@example.com,Rahul Kumar,2019-06-08,Transport,Fuel / commute,99.74
rahul@example.com,Rahul Kumar,2019-06-10,Utilities,Broadband internet,769.49
rahul@example.com,Rahul Kumar,2019-06-10,Food & Groceries,Supermarket run,1515.61
rahul@example.com,Rahul Kumar,2019-06-11,Transport,Fuel / commute,82.17
rahul@example.com,Rahul Kumar,2019-06-12,Health,Doctor visit,549.81
rahul@example.com,Rahul Kumar,2019-06-15,Transport,Fuel / commute,104.06
rahul@example.com,Rahul Kumar,2019-06-16,Entertainment,Movies / dining out,351.5
rahul@example.com,Rahul Kumar,2019-06-17,Food & Groceries,Supermarket run,1411.4
rahul@example.com,Rahul Kumar,2019-06-17,Food & Groceries,Kirana store top-up,970.32
rahul@example.com,Rahul Kumar,2019-06-18,Transport,Fuel / commute,86.98
rahul@example.com,Rahul Kumar,2019-06-20,Food & Groceries,Vegetables and fruit,447.97
rahul@example.com,Rahul Kumar,2019-06-22,Transport,Fuel / commute,83.2
rahul@example.com,Rahul Kumar,2019-06-24,Food & Groceries,Supermarket run,1489.07
rahul@example.com,Rahul Kumar,2019-06-25,Transport,Fuel / commute,88.1
rahul@example.com,Rahul Kumar,2019-06-27,Entertainment,Movies / dining out,305.13
rahul@example.com,Rahul Kumar,2019-06-29,Transport,Fuel / commute,98.21
rahul@example.com,Rahul Kumar,2019-07-01,Rent,Monthly rent,8127.91
rahul@example.com,Rahul Kumar,2019-07-02,Transport,Fuel / commute,96.63
rahul@example.com,Rahul Kumar,2019-07-03,Food & Groceries,Supermarket run,1501.1
rahul@example.com,Rahul Kumar,2019-07-04,Transport,Fuel / commute,88.87
rahul@example.com,Rahul Kumar,2019-07-05,Rent,Society maintenance,1787.72
rahul@example.com,Rahul Kumar,2019-07-06,Food & Groceries,Vegetables and fruit,477.05
rahul@example.com,Rahul Kumar,2019-07-07,Entertainment,Movies / dining out,260.21
rahul@example.com,Rahul Kumar,2019-07-08,Utilities,Electricity bill,1274.17
rahul@example.com,Rahul Kumar,2019-07-08,Transport,Fuel / commute,86.91
rahul@example.com,Rahul Kumar,2019-07-10,Utilities,Broadband internet,751.01
rahul@example.com,Rahul Kumar,2019-07-10,Food & Groceries,Supermarket run,1798.56
rahul@example.com,Rahul Kumar,2019-07-11,Transport,Fuel / commute,88.53
rahul@example.com,Rahul Kumar,2019-07-15,Transport,Fuel / commute,75.37
rahul@example.com,Rahul Kumar,2019-07-16,Entertainment,Movies / dining out,357.38
rahul@example.com,Rahul Kumar,2019-07-17,Food & Groceries,Supermarket run,1576.61
rahul@example.com,Rahul Kumar,2019-07-18,Transport,Fuel / commute,89.41
rahul@example.com,Rahul Kumar,2019-07-20,Food & Groceries,Vegetables and fruit,437.69
rahul@example.com,Rahul Kumar,2019-07-22,Transport,Fuel / commute,93.57
rahul@example.com,Rahul Kumar,2019-07-24,Food & Groceries,Supermarket run,1519.53
rahul@example.com,Rahul Kumar,2019-07-25,Transport,Fuel / commute,110.43
rahul@example.com,Rahul Kumar,2019-07-27,Entertainment,Movies / dining out,480.28
rahul@example.com,Rahul Kumar,2019-07-29,Transport,Fuel / commute,91.3
rahul@example.com,Rahul Kumar,2019-08-01,Rent,Monthly rent,8103.59
rahul@example.com,Rahul Kumar,2019-08-02,Transport,Fuel / commute,90.84
rahul@example.com,Rahul Kumar,2019-08-03,Food & Groceries,Supermarket run,1603.6
rahul@example.com,Rahul Kumar,2019-08-04,Transport,Fuel / commute,100.38
rahul@example.com,Rahul Kumar,2019-08-06,Food & Groceries,Vegetables and fruit,391.79
rahul@example.com,Rahul Kumar,2019-08-07,Entertainment,Movies / dining out,371.91
rahul@example.com,Rahul Kumar,2019-08-08,Utilities,Electricity bill,1216.01
rahul@example.com,Rahul Kumar,2019-08-08,Transport,Fuel / commute,99.31
rahul@example.com,Rahul Kumar,2019-08-10,Utilities,Broadband internet,757.67
rahul@example.com,Rahul Kumar,2019-08-10,Food & Groceries,Supermarket run,1620.1
rahul@example.com,Rahul Kumar,2019-08-11,Transport,Fuel / commute,75.23
rahul@example.com,Rahul Kumar,2019-08-12,Health,Doctor visit,609.24
rahul@example.com,Rahul Kumar,2019-08-15,Transport,Fuel / commute,75.09
rahul@example.com,Rahul Kumar,2019-08-16,Entertainment,Movies / dining out,415.06
rahul@example.com,Rahul Kumar,2019-08-17,Food & Groceries,Supermarket run,1613.26
rahul@example.com,Rahul Kumar,2019-08-18,Transport,Fuel / commute,82.48
rahul@example.com,Rahul Kumar,2019-08-20,Food & Groceries,Vegetables and fruit,452.55
rahul@example.com,Rahul Kumar,2019-08-21,Health,Pharmacy / lab tests,1247.58
rahul@example.com,Rahul Kumar,2019-08-22,Transport,Fuel / commute,79.21
rahul@example.com,Rahul Kumar,2019-08-24,Food & Groceries,Supermarket run,1552.56
rahul@example.com,Rahul Kumar,2019-08-25,Transport,Fuel / commute,98.93
rahul@example.com,Rahul Kumar,2019-08-27,Entertainment,Movies / dining out,383.28
rahul@example.com,Rahul Kumar,2019-08-29,Transport,Fuel / commute,94.53
rahul@example.com,Rahul Kumar,2019-09-01,Rent,Monthly rent,8131.02
rahul@example.com,Rahul Kumar,2019-09-02,Transport,Fuel / commute,92.92
rahul@example.com,Rahul Kumar,2019-09-03,Food & Groceries,Supermarket run,1454.0
rahul@example.com,Rahul Kumar,2019-09-04,Transport,Fuel / commute,89.81
rahul@example.com,Rahul Kumar,2019-09-06,Food & Groceries,Vegetables and fruit,454.98
rahul@example.com,Rahul Kumar,2019-09-07,Entertainment,Movies / dining out,325.41
rahul@example.com,Rahul Kumar,2019-09-08,Utilities,Electricity bill,1111.22
rahul@example.com,Rahul Kumar,2019-09-08,Transport,Fuel / commute,107.53
rahul@example.com,Rahul Kumar,2019-09-10,Utilities,Broadband internet,769.52
rahul@example.com,Rahul Kumar,2019-09-10,Food & Groceries,Supermarket run,1638.11
rahul@example.com,Rahul Kumar,2019-09-11,Transport,Fuel / commute,101.62
rahul@example.com,Rahul Kumar,2019-09-12,Health,Doctor visit,490.9
rahul@example.com,Rahul Kumar,2019-09-15,Transport,Fuel / commute,87.54
rahul@example.com,Rahul Kumar,2019-09-16,Entertainment,Movies / dining out,322.03
rahul@example.com,Rahul Kumar,2019-09-17,Food & Groceries,Supermarket run,1564.19
rahul@example.com,Rahul Kumar,2019-09-18,Transport,Fuel / commute,91.1
rahul@example.com,Rahul Kumar,2019-09-20,Food & Groceries,Vegetables and fruit,490.72
rahul@example.com,Rahul Kumar,2019-09-22,Transport,Fuel / commute,93.18
rahul@example.com,Rahul Kumar,2019-09-24,Food & Groceries,Supermarket run,1554.53
rahul@example.com,Rahul Kumar,2019-09-25,Transport,Fuel / commute,95.0
rahul@example.com,Rahul Kumar,2019-09-27,Entertainment,Movies / dining out,336.05
rahul@example.com,Rahul Kumar,2019-09-29,Transport,Fuel / commute,76.23
rahul@example.com,Rahul Kumar,2019-10-01,Rent,Monthly rent,8204.52
rahul@example.com,Rahul Kumar,2019-10-02,Transport,Fuel / commute,64.87
rahul@example.com,Rahul Kumar,2019-10-03,Food & Groceries,Supermarket run,2029.19
rahul@example.com,Rahul Kumar,2019-10-04,Transport,Fuel / commute,105.39
rahul@example.com,Rahul Kumar,2019-10-05,Rent,Society maintenance,1858.13
rahul@example.com,Rahul Kumar,2019-10-06,Food & Groceries,Vegetables and fruit,420.72
rahul@example.com,Rahul Kumar,2019-10-07,Entertainment,Movies / dining out,560.24
rahul@example.com,Rahul Kumar,2019-10-08,Utilities,Electricity bill,1024.18
rahul@example.com,Rahul Kumar,2019-10-08,Transport,Fuel / commute,107.5
rahul@example.com,Rahul Kumar,2019-10-10,Utilities,Broadband internet,766.88
rahul@example.com,Rahul Kumar,2019-10-10,Food & Groceries,Supermarket run,1982.79
rahul@example.com,Rahul Kumar,2019-10-11,Transport,Fuel / commute,91.72
rahul@example.com,Rahul Kumar,2019-10-12,Health,Doctor visit,532.73
rahul@example.com,Rahul Kumar,2019-10-15,Transport,Fuel / commute,97.52
rahul@example.com,Rahul Kumar,2019-10-16,Entertainment,Movies / dining out,551.23
rahul@example.com,Rahul Kumar,2019-10-17,Food & Groceries,Supermarket run,1871.03
rahul@example.com,Rahul Kumar,2019-10-18,Transport,Fuel / commute,97.52
rahul@example.com,Rahul Kumar,2019-10-20,Food & Groceries,Vegetables and fruit,459.77
rahul@example.com,Rahul Kumar,2019-10-22,Transport,Fuel / commute,84.34
rahul@example.com,Rahul Kumar,2019-10-24,Food & Groceries,Supermarket run,2180.56
rahul@example.com,Rahul Kumar,2019-10-25,Transport,Fuel / commute,97.39
rahul@example.com,Rahul Kumar,2019-10-27,Entertainment,Movies / dining out,451.67
rahul@example.com,Rahul Kumar,2019-10-29,Transport,Fuel / commute,82.52
rahul@example.com,Rahul Kumar,2019-11-01,Rent,Monthly rent,8227.58
rahul@example.com,Rahul Kumar,2019-11-02,Transport,Fuel / commute,82.45
rahul@example.com,Rahul Kumar,2019-11-03,Food & Groceries,Supermarket run,2089.72
rahul@example.com,Rahul Kumar,2019-11-04,Transport,Fuel / commute,94.85
rahul@example.com,Rahul Kumar,2019-11-06,Food & Groceries,Vegetables and fruit,399.64
rahul@example.com,Rahul Kumar,2019-11-07,Entertainment,Movies / dining out,480.06
rahul@example.com,Rahul Kumar,2019-11-08,Utilities,Electricity bill,893.5
rahul@example.com,Rahul Kumar,2019-11-08,Transport,Fuel / commute,73.69
rahul@example.com,Rahul Kumar,2019-11-10,Utilities,Broadband internet,765.69
rahul@example.com,Rahul Kumar,2019-11-10,Food & Groceries,Supermarket run,1965.32
rahul@example.com,Rahul Kumar,2019-11-11,Transport,Fuel / commute,69.27
rahul@example.com,Rahul Kumar,2019-11-12,Health,Doctor visit,622.25
rahul@example.com,Rahul Kumar,2019-11-15,Transport,Fuel / commute,95.24
rahul@example.com,Rahul Kumar,2019-11-16,Entertainment,Movies / dining out,495.88
rahul@example.com,Rahul Kumar,2019-11-17,Food & Groceries,Supermarket run,1945.16
rahul@example.com,Rahul Kumar,2019-11-18,Transport,Fuel / commute,82.83
rahul@example.com,Rahul Kumar,2019-11-20,Food & Groceries,Vegetables and fruit,478.93
rahul@example.com,Rahul Kumar,2019-11-22,Transport,Fuel / commute,69.84
rahul@example.com,Rahul Kumar,2019-11-24,Food & Groceries,Supermarket run,1917.83
rahul@example.com,Rahul Kumar,2019-11-25,Transport,Fuel / commute,97.68
rahul@example.com,Rahul Kumar,2019-11-27,Entertainment,Movies / dining out,548.12
rahul@example.com,Rahul Kumar,2019-11-29,Transport,Fuel / commute,115.07
rahul@example.com,Rahul Kumar,2019-12-01,Rent,Monthly rent,8257.89
rahul@example.com,Rahul Kumar,2019-12-02,Transport,Fuel / commute,86.95
rahul@example.com,Rahul Kumar,2019-12-03,Food & Groceries,Supermarket run,1293.2
rahul@example.com,Rahul Kumar,2019-12-04,Transport,Fuel / commute,87.54
rahul@example.com,Rahul Kumar,2019-12-06,Food & Groceries,Vegetables and fruit,347.54
rahul@example.com,Rahul Kumar,2019-12-07,Entertainment,Movies / dining out,424.93
rahul@example.com,Rahul Kumar,2019-12-08,Utilities,Electricity bill,856.95
rahul@example.com,Rahul Kumar,2019-12-08,Transport,Fuel / commute,110.77
rahul@example.com,Rahul Kumar,2019-12-10,Utilities,Broadband internet,780.52
rahul@example.com,Rahul Kumar,2019-12-10,Food & Groceries,Supermarket run,1282.27
rahul@example.com,Rahul Kumar,2019-12-11,Transport,Fuel / commute,84.18
rahul@example.com,Rahul Kumar,2019-12-12,Health,Doctor visit,521.22
rahul@example.com,Rahul Kumar,2019-12-15,Transport,Fuel / commute,84.56
rahul@example.com,Rahul Kumar,2019-12-16,Entertainment,Movies / dining out,371.6
rahul@example.com,Rahul Kumar,2019-12-17,Food & Groceries,Supermarket run,1236.6
rahul@example.com,Rahul Kumar,2019-12-18,Transport,Fuel / commute,90.63
rahul@example.com,Rahul Kumar,2019-12-20,Food & Groceries,Vegetables and fruit,463.98
rahul@example.com,Rahul Kumar,2019-12-22,Transport,Fuel / commute,96.65
rahul@example.com,Rahul Kumar,2019-12-24,Food & Groceries,Supermarket run,1422.93
rahul@example.com,Rahul Kumar,2019-12-25,Transport,Fuel / commute,87.19
rahul@example.com,Rahul Kumar,2019-12-27,Entertainment,Movies / dining out,388.23
rahul@example.com,Rahul Kumar,2019-12-29,Transport,Fuel / commute,74.68
rahul@example.com,Rahul Kumar,2020-01-01,Rent,Monthly rent,8159.48
rahul@example.com,Rahul Kumar,2020-01-02,Transport,Fuel / commute,102.13
rahul@example.com,Rahul Kumar,2020-01-03,Food & Groceries,Supermarket run,1277.99
rahul@example.com,Rahul Kumar,2020-01-04,Transport,Fuel / commute,67.99
rahul@example.com,Rahul Kumar,2020-01-05,Rent,Society maintenance,1876.25
rahul@example.com,Rahul Kumar,2020-01-06,Food & Groceries,Vegetables and fruit,397.97
rahul@example.com,Rahul Kumar,2020-01-07,Entertainment,Movies / dining out,401.7
rahul@example.com,Rahul Kumar,2020-01-08,Utilities,Electricity bill,897.94
rahul@example.com,Rahul Kumar,2020-01-08,Transport,Fuel / commute,75.63
rahul@example.com,Rahul Kumar,2020-01-10,Utilities,Broadband internet,775.83
rahul@example.com,Rahul Kumar,2020-01-10,Food & Groceries,Supermarket run,1345.52
rahul@example.com,Rahul Kumar,2020-01-11,Transport,Fuel / commute,90.95
rahul@example.com,Rahul Kumar,2020-01-12,Health,Doctor visit,529.0
rahul@example.com,Rahul Kumar,2020-01-15,Transport,Fuel / commute,87.18
rahul@example.com,Rahul Kumar,2020-01-16,Entertainment,Movies / dining out,352.79
rahul@example.com,Rahul Kumar,2020-01-17,Food & Groceries,Supermarket run,1168.4
rahul@example.com,Rahul Kumar,2020-01-18,Transport,Fuel / commute,77.73
rahul@example.com,Rahul Kumar,2020-01-20,Food & Groceries,Vegetables and fruit,499.8
rahul@example.com,Rahul Kumar,2020-01-22,Transport,Fuel / commute,113.98
rahul@example.com,Rahul Kumar,2020-01-24,Food & Groceries,Supermarket run,1242.99
rahul@example.com,Rahul Kumar,2020-01-25,Transport,Fuel / commute,95.88
rahul@example.com,Rahul Kumar,2020-01-27,Entertainment,Movies / dining out,357.09
rahul@example.com,Rahul Kumar,2020-01-29,Transport,Fuel / commute,97.68
rahul@example.com,Rahul Kumar,2020-02-01,Rent,Monthly rent,8328.89
rahul@example.com,Rahul Kumar,2020-02-02,Transport,Fuel / commute,85.89
rahul@example.com,Rahul Kumar,2020-02-03,Food & Groceries,Supermarket run,1289.76
rahul@example.com,Rahul Kumar,2020-02-04,Transport,Fuel / commute,103.74
rahul@example.com,Rahul Kumar,2020-02-06,Food & Groceries,Vegetables and fruit,437.5
rahul@example.com,Rahul Kumar,2020-02-07,Entertainment,Movies / dining out,410.52
rahul@example.com,Rahul Kumar,2020-02-08,Utilities,Electricity bill,1003.46
rahul@example.com,Rahul Kumar,2020-02-08,Transport,Fuel / commute,98.75
rahul@example.com,Rahul Kumar,2020-02-10,Utilities,Broadband internet,775.17
rahul@example.com,Rahul Kumar,2020-02-10,Food & Groceries,Supermarket run,1265.53
rahul@example.com,Rahul Kumar,2020-02-11,Transport,Fuel / commute,92.62
rahul@example.com,Rahul Kumar,2020-02-12,Health,Doctor visit,640.0
rahul@example.com,Rahul Kumar,2020-02-15,Transport,Fuel / commute,89.25
rahul@example.com,Rahul Kumar,2020-02-16,Entertainment,Movies / dining out,340.83
rahul@example.com,Rahul Kumar,2020-02-17,Food & Groceries,Supermarket run,1327.5
rahul@example.com,Rahul Kumar,2020-02-18,Transport,Fuel / commute,119.77
rahul@example.com,Rahul Kumar,2020-02-20,Food & Groceries,Vegetables and fruit,477.56
rahul@example.com,Rahul Kumar,2020-02-22,Transport,Fuel / commute,83.66
rahul@example.com,Rahul Kumar,2020-02-24,Food & Groceries,Supermarket run,1340.84
rahul@example.com,Rahul Kumar,2020-02-25,Transport,Fuel / commute,96.07
rahul@example.com,Rahul Kumar,2020-02-27,Entertainment,Movies / dining out,393.85
rahul@example.com,Rahul Kumar,2020-02-29,Transport,Fuel / commute,84.41
rahul@example.com,Rahul Kumar,2020-03-01,Rent,Monthly rent,8358.24
rahul@example.com,Rahul Kumar,2020-03-02,Transport,Fuel / commute,113.0
rahul@example.com,Rahul Kumar,2020-03-03,Food & Groceries,Supermarket run,1477.02
rahul@example.com,Rahul Kumar,2020-03-04,Transport,Fuel / commute,111.24
rahul@example.com,Rahul Kumar,2020-03-06,Food & Groceries,Vegetables and fruit,417.1
rahul@example.com,Rahul Kumar,2020-03-07,Entertainment,Movies / dining out,377.68
rahul@example.com,Rahul Kumar,2020-03-08,Utilities,Electricity bill,911.89
rahul@example.com,Rahul Kumar,2020-03-08,Transport,Fuel / commute,97.12
rahul@example.com,Rahul Kumar,2020-03-10,Utilities,Broadband internet,761.47
rahul@example.com,Rahul Kumar,2020-03-10,Food & Groceries,Supermarket run,1385.79
rahul@example.com,Rahul Kumar,2020-03-11,Transport,Fuel / commute,98.27
rahul@example.com,Rahul Kumar,2020-03-12,Health,Doctor visit,549.81
rahul@example.com,Rahul Kumar,2020-03-15,Transport,Fuel / commute,101.94
rahul@example.com,Rahul Kumar,2020-03-16,Entertainment,Movies / dining out,235.07
rahul@example.com,Rahul Kumar,2020-03-17,Food & Groceries,Supermarket run,1306.97
rahul@example.com,Rahul Kumar,2020-03-18,Transport,Fuel / commute,79.06
rahul@example.com,Rahul Kumar,2020-03-20,Food & Groceries,Vegetables and fruit,416.71
rahul@example.com,Rahul Kumar,2020-03-21,Health,Pharmacy / lab tests,1260.14
rahul@example.com,Rahul Kumar,2020-03-22,Transport,Fuel / commute,100.3
rahul@example.com,Rahul Kumar,2020-03-24,Food & Groceries,Supermarket run,1456.58
rahul@example.com,Rahul Kumar,2020-03-25,Transport,Fuel / commute,84.9
rahul@example.com,Rahul Kumar,2020-03-26,Food & Groceries,Kirana store top-up,812.09
rahul@example.com,Rahul Kumar,2020-03-27,Entertainment,Movies / dining out,380.39
rahul@example.com,Rahul Kumar,2020-03-29,Transport,Fuel / commute,96.66
rahul@example.com,Rahul Kumar,2020-04-01,Rent,Monthly rent,8337.01
rahul@example.com,Rahul Kumar,2020-04-02,Transport,Fuel / commute,95.35
rahul@example.com,Rahul Kumar,2020-04-03,Food & Groceries,Supermarket run,1541.73
rahul@example.com,Rahul Kumar,2020-04-04,Transport,Fuel / commute,90.79
rahul@example.com,Rahul Kumar,2020-04-05,Rent,Society maintenance,1687.35
rahul@example.com,Rahul Kumar,2020-04-06,Food & Groceries,Vegetables and fruit,440.54
rahul@example.com,Rahul Kumar,2020-04-07,Entertainment,Movies / dining out,331.39
rahul@example.com,Rahul Kumar,2020-04-08,Utilities,Electricity bill,1072.49
rahul@example.com,Rahul Kumar,2020-04-08,Transport,Fuel / commute,82.85
rahul@example.com,Rahul Kumar,2020-04-10,Utilities,Broadband internet,780.99
rahul@example.com,Rahul Kumar,2020-04-10,Food & Groceries,Supermarket run,1462.67
rahul@example.com,Rahul Kumar,2020-04-11,Transport,Fuel / commute,104.56
rahul@example.com,Rahul Kumar,2020-04-12,Health,Doctor visit,563.16
rahul@example.com,Rahul Kumar,2020-04-15,Transport,Fuel / commute,98.23
rahul@example.com,Rahul Kumar,2020-04-16,Entertainment,Movies / dining out,300.98
rahul@example.com,Rahul Kumar,2020-04-17,Food & Groceries,Supermarket run,1460.62
rahul@example.com,Rahul Kumar,2020-04-18,Transport,Fuel / commute,88.42
rahul@example.com,Rahul Kumar,2020-04-20,Food & Groceries,Vegetables and fruit,415.53
rahul@example.com,Rahul Kumar,2020-04-21,Health,Pharmacy / lab tests,1125.48
rahul@example.com,Rahul Kumar,2020-04-22,Transport,Fuel / commute,95.07
rahul@example.com,Rahul Kumar,2020-04-24,Food & Groceries,Supermarket run,1390.94
rahul@example.com,Rahul Kumar,2020-04-25,Transport,Fuel / commute,92.5
rahul@example.com,Rahul Kumar,2020-04-27,Entertainment,Movies / dining out,357.68
rahul@example.com,Rahul Kumar,2020-04-29,Transport,Fuel / commute,83.71
rahul@example.com,Rahul Kumar,2020-05-01,Rent,Monthly rent,8383.4
rahul@example.com,Rahul Kumar,2020-05-02,Transport,Fuel / commute,93.25
rahul@example.com,Rahul Kumar,2020-05-03,Food & Groceries,Supermarket run,1348.32
rahul@example.com,Rahul Kumar,2020-05-04,Transport,Fuel / commute,90.74
rahul@example.com,Rahul Kumar,2020-05-06,Food & Groceries,Vegetables and fruit,476.22
rahul@example.com,Rahul Kumar,2020-05-07,Entertainment,Movies / dining out,327.84
rahul@example.com,Rahul Kumar,2020-05-08,Utilities,Electricity bill,1113.37
rahul@example.com,Rahul Kumar,2020-05-08,Transport,Fuel / commute,92.52
rahul@example.com,Rahul Kumar,2020-05-10,Utilities,Broadband internet,806.71
rahul@example.com,Rahul Kumar,2020-05-10,Food & Groceries,Supermarket run,1521.45
rahul@example.com,Rahul Kumar,2020-05-11,Transport,Fuel / commute,92.6
rahul@example.com,Rahul Kumar,2020-05-15,Transport,Fuel / commute,92.9
rahul@example.com,Rahul Kumar,2020-05-16,Entertainment,Movies / dining out,296.42
rahul@example.com,Rahul Kumar,2020-05-17,Food & Groceries,Supermarket run,1557.4
rahul@example.com,Rahul Kumar,2020-05-18,Transport,Fuel / commute,91.67
rahul@example.com,Rahul Kumar,2020-05-20,Food & Groceries,Vegetables and fruit,473.14
rahul@example.com,Rahul Kumar,2020-05-22,Transport,Fuel / commute,96.63
rahul@example.com,Rahul Kumar,2020-05-24,Food & Groceries,Supermarket run,1484.74
rahul@example.com,Rahul Kumar,2020-05-25,Transport,Fuel / commute,102.26
rahul@example.com,Rahul Kumar,2020-05-27,Entertainment,Movies / dining out,414.14
rahul@example.com,Rahul Kumar,2020-05-29,Transport,Fuel / commute,79.94
rahul@example.com,Rahul Kumar,2020-06-01,Rent,Monthly rent,8515.84
rahul@example.com,Rahul Kumar,2020-06-02,Transport,Fuel / commute,89.01
rahul@example.com,Rahul Kumar,2020-06-03,Food & Groceries,Supermarket run,1496.23
rahul@example.com,Rahul Kumar,2020-06-04,Transport,Fuel / commute,91.35
rahul@example.com,Rahul Kumar,2020-06-06,Food & Groceries,Vegetables and fruit,424.96
rahul@example.com,Rahul Kumar,2020-06-07,Entertainment,Movies / dining out,285.48
rahul@example.com,Rahul Kumar,2020-06-08,Utilities,Electricity bill,1248.53
rahul@example.com,Rahul Kumar,2020-06-08,Transport,Fuel / commute,108.63
rahul@example.com,Rahul Kumar,2020-06-10,Utilities,Broadband internet,796.29
rahul@example.com,Rahul Kumar,2020-06-10,Food & Groceries,Supermarket run,1585.01
rahul@example.com,Rahul Kumar,2020-06-11,Transport,Fuel / commute,72.78
rahul@example.com,Rahul Kumar,2020-06-12,Health,Doctor visit,527.11
rahul@example.com,Rahul Kumar,2020-06-13,Food & Groceries,Kirana store top-up,741.09
rahul@example.com,Rahul Kumar,2020-06-15,Transport,Fuel / commute,79.27
rahul@example.com,Rahul Kumar,2020-06-16,Entertainment,Movies / dining out,330.51
rahul@example.com,Rahul Kumar,2020-06-17,Food & Groceries,Supermarket run,1565.31
rahul@example.com,Rahul Kumar,2020-06-18,Transport,Fuel / commute,72.13
rahul@example.com,Rahul Kumar,2020-06-20,Food & Groceries,Vegetables and fruit,472.9
rahul@example.com,Rahul Kumar,2020-06-22,Transport,Fuel / commute,81.84
rahul@example.com,Rahul Kumar,2020-06-24,Food & Groceries,Supermarket run,1774.94
rahul@example.com,Rahul Kumar,2020-06-25,Transport,Fuel / commute,84.96
rahul@example.com,Rahul Kumar,2020-06-27,Entertainment,Movies / dining out,430.74
rahul@example.com,Rahul Kumar,2020-06-29,Transport,Fuel / commute,75.89
rahul@example.com,Rahul Kumar,2020-07-01,Rent,Monthly rent,8426.75
rahul@example.com,Rahul Kumar,2020-07-02,Transport,Fuel / commute,97.66
rahul@example.com,Rahul Kumar,2020-07-03,Food & Groceries,Supermarket run,1701.66
rahul@example.com,Rahul Kumar,2020-07-04,Transport,Fuel / commute,105.5
rahul@example.com,Rahul Kumar,2020-07-05,Rent,Society maintenance,1748.62
rahul@example.com,Rahul Kumar,2020-07-06,Food & Groceries,Vegetables and fruit,385.58
rahul@example.com,Rahul Kumar,2020-07-07,Entertainment,Movies / dining out,445.69
rahul@example.com,Rahul Kumar,2020-07-08,Utilities,Electricity bill,1280.96
rahul@example.com,Rahul Kumar,2020-07-08,Transport,Fuel / commute,90.64
rahul@example.com,Rahul Kumar,2020-07-10,Utilities,Broadband internet,798.53
rahul@example.com,Rahul Kumar,2020-07-10,Food & Groceries,Supermarket run,1557.2
rahul@example.com,Rahul Kumar,2020-07-11,Transport,Fuel / commute,103.85
rahul@example.com,Rahul Kumar,2020-07-12,Health,Doctor visit,574.47
rahul@example.com,Rahul Kumar,2020-07-15,Transport,Fuel / commute,96.59
rahul@example.com,Rahul Kumar,2020-07-16,Entertainment,Movies / dining out,425.78
rahul@example.com,Rahul Kumar,2020-07-17,Food & Groceries,Supermarket run,1785.62
rahul@example.com,Rahul Kumar,2020-07-18,Transport,Fuel / commute,79.56
rahul@example.com,Rahul Kumar,2020-07-20,Food & Groceries,Vegetables and fruit,445.64
rahul@example.com,Rahul Kumar,2020-07-22,Transport,Fuel / commute,78.43
rahul@example.com,Rahul Kumar,2020-07-24,Food & Groceries,Supermarket run,1676.21
rahul@example.com,Rahul Kumar,2020-07-25,Transport,Fuel / commute,107.19
rahul@example.com,Rahul Kumar,2020-07-27,Entertainment,Movies / dining out,408.87
rahul@example.com,Rahul Kumar,2020-07-29,Transport,Fuel / commute,108.03
rahul@example.com,Rahul Kumar,2020-08-01,Rent,Monthly rent,8470.1
rahul@example.com,Rahul Kumar,2020-08-02,Transport,Fuel / commute,98.25
rahul@example.com,Rahul Kumar,2020-08-03,Food & Groceries,Supermarket run,1696.71
rahul@example.com,Rahul Kumar,2020-08-04,Transport,Fuel / commute,103.69
rahul@example.com,Rahul Kumar,2020-08-06,Food & Groceries,Vegetables and fruit,464.36
rahul@example.com,Rahul Kumar,2020-08-07,Entertainment,Movies / dining out,419.44
rahul@example.com,Rahul Kumar,2020-08-08,Utilities,Electricity bill,1272.59
rahul@example.com,Rahul Kumar,2020-08-08,Transport,Fuel / commute,80.35
rahul@example.com,Rahul Kumar,2020-08-10,Utilities,Broadband internet,791.83
rahul@example.com,Rahul Kumar,2020-08-10,Food & Groceries,Supermarket run,1677.47
rahul@example.com,Rahul Kumar,2020-08-11,Transport,Fuel / commute,78.75
rahul@example.com,Rahul Kumar,2020-08-12,Health,Doctor visit,506.66
rahul@example.com,Rahul Kumar,2020-08-15,Transport,Fuel / commute,113.86
rahul@example.com,Rahul Kumar,2020-08-16,Entertainment,Movies / dining out,343.89
rahul@example.com,Rahul Kumar,2020-08-17,Food & Groceries,Supermarket run,1496.31
rahul@example.com,Rahul Kumar,2020-08-18,Transport,Fuel / commute,98.81
rahul@example.com,Rahul Kumar,2020-08-20,Food & Groceries,Vegetables and fruit,419.81
rahul@example.com,Rahul Kumar,2020-08-22,Transport,Fuel / commute,90.04
rahul@example.com,Rahul Kumar,2020-08-24,Food & Groceries,Supermarket run,1490.27
rahul@example.com,Rahul Kumar,2020-08-25,Transport,Fuel / commute,84.18
rahul@example.com,Rahul Kumar,2020-08-27,Entertainment,Movies / dining out,429.01
rahul@example.com,Rahul Kumar,2020-08-29,Transport,Fuel / commute,89.0
rahul@example.com,Rahul Kumar,2020-09-01,Rent,Monthly rent,8441.79
rahul@example.com,Rahul Kumar,2020-09-02,Transport,Fuel / commute,84.34
rahul@example.com,Rahul Kumar,2020-09-03,Food & Groceries,Supermarket run,1646.04
rahul@example.com,Rahul Kumar,2020-09-04,Transport,Fuel / commute,83.48
rahul@example.com,Rahul Kumar,2020-09-06,Food & Groceries,Vegetables and fruit,441.61
rahul@example.com,Rahul Kumar,2020-09-07,Entertainment,Movies / dining out,363.26
rahul@example.com,Rahul Kumar,2020-09-08,Utilities,Electricity bill,1279.45
rahul@example.com,Rahul Kumar,2020-09-08,Transport,Fuel / commute,85.13
rahul@example.com,Rahul Kumar,2020-09-10,Utilities,Broadband internet,802.72
rahul@example.com,Rahul Kumar,2020-09-10,Food & Groceries,Supermarket run,1471.33
rahul@example.com,Rahul Kumar,2020-09-11,Transport,Fuel / commute,113.49
rahul@example.com,Rahul Kumar,2020-09-15,Transport,Fuel / commute,107.05
rahul@example.com,Rahul Kumar,2020-09-16,Entertainment,Movies / dining out,368.73
rahul@example.com,Rahul Kumar,2020-09-17,Food & Groceries,Supermarket run,1599.87
rahul@example.com,Rahul Kumar,2020-09-18,Food & Groceries,Kirana store top-up,986.52
rahul@example.com,Rahul Kumar,2020-09-18,Transport,Fuel / commute,93.6
rahul@example.com,Rahul Kumar,2020-09-20,Food & Groceries,Vegetables and fruit,489.51
rahul@example.com,Rahul Kumar,2020-09-22,Transport,Fuel / commute,95.57
rahul@example.com,Rahul Kumar,2020-09-24,Food & Groceries,Supermarket run,1648.87
rahul@example.com,Rahul Kumar,2020-09-25,Transport,Fuel / commute,85.83
rahul@example.com,Rahul Kumar,2020-09-27,Entertainment,Movies / dining out,408.41
rahul@example.com,Rahul Kumar,2020-09-29,Transport,Fuel / commute,105.31
rahul@example.com,Rahul Kumar,2020-10-01,Rent,Monthly rent,8457.16
rahul@example.com,Rahul Kumar,2020-10-02,Transport,Fuel / commute,96.76
rahul@example.com,Rahul Kumar,2020-10-03,Food & Groceries,Supermarket run,2043.37
rahul@example.com,Rahul Kumar,2020-10-04,Transport,Fuel / commute,83.52
rahul@example.com,Rahul Kumar,2020-10-05,Rent,Society maintenance,1680.09
rahul@example.com,Rahul Kumar,2020-10-06,Food & Groceries,Vegetables and fruit,474.65
rahul@example.com,Rahul Kumar,2020-10-07,Entertainment,Movies / dining out,478.54
rahul@example.com,Rahul Kumar,2020-10-08,Utilities,Electricity bill,1013.92
rahul@example.com,Rahul Kumar,2020-10-08,Transport,Fuel / commute,96.71
rahul@example.com,Rahul Kumar,2020-10-10,Utilities,Broadband internet,802.52
rahul@example.com,Rahul Kumar,2020-10-10,Food & Groceries,Supermarket run,2419.48
rahul@example.com,Rahul Kumar,2020-10-11,Transport,Fuel / commute,101.35
rahul@example.com,Rahul Kumar,2020-10-12,Health,Doctor visit,507.51
rahul@example.com,Rahul Kumar,2020-10-15,Transport,Fuel / commute,99.25
rahul@example.com,Rahul Kumar,2020-10-16,Entertainment,Movies / dining out,502.08
rahul@example.com,Rahul Kumar,2020-10-17,Food & Groceries,Supermarket run,1918.25
rahul@example.com,Rahul Kumar,2020-10-18,Transport,Fuel / commute,102.03
rahul@example.com,Rahul Kumar,2020-10-20,Food & Groceries,Vegetables and fruit,452.28
rahul@example.com,Rahul Kumar,2020-10-22,Transport,Fuel / commute,111.68
rahul@example.com,Rahul Kumar,2020-10-24,Food & Groceries,Supermarket run,2078.97
rahul@example.com,Rahul Kumar,2020-10-25,Transport,Fuel / commute,106.23
rahul@example.com,Rahul Kumar,2020-10-27,Entertainment,Movies / dining out,531.28
rahul@example.com,Rahul Kumar,2020-10-29,Transport,Fuel / commute,96.31
rahul@example.com,Rahul Kumar,2020-11-01,Rent,Monthly rent,8537.14
rahul@example.com,Rahul Kumar,2020-11-02,Transport,Fuel / commute,90.77
rahul@example.com,Rahul Kumar,2020-11-03,Food & Groceries,Supermarket run,1864.71
rahul@example.com,Rahul Kumar,2020-11-04,Transport,Fuel / commute,118.55
rahul@example.com,Rahul Kumar,2020-11-06,Food & Groceries,Vegetables and fruit,458.44
rahul@example.com,Rahul Kumar,2020-11-07,Entertainment,Movies / dining out,469.97
rahul@example.com,Rahul Kumar,2020-11-08,Utilities,Electricity bill,996.3
rahul@example.com,Rahul Kumar,2020-11-08,Transport,Fuel / commute,78.29
rahul@example.com,Rahul Kumar,2020-11-10,Utilities,Broadband internet,814.9
rahul@example.com,Rahul Kumar,2020-11-10,Food & Groceries,Supermarket run,2005.27
rahul@example.com,Rahul Kumar,2020-11-11,Transport,Fuel / commute,100.24
rahul@example.com,Rahul Kumar,2020-11-15,Transport,Fuel / commute,84.4
rahul@example.com,Rahul Kumar,2020-11-16,Entertainment,Movies / dining out,575.1
rahul@example.com,Rahul Kumar,2020-11-17,Food & Groceries,Supermarket run,1859.85
rahul@example.com,Rahul Kumar,2020-11-18,Transport,Fuel / commute,106.28
rahul@example.com,Rahul Kumar,2020-11-20,Food & Groceries,Vegetables and fruit,436.86
rahul@example.com,Rahul Kumar,2020-11-22,Transport,Fuel / commute,99.27
rahul@example.com,Rahul Kumar,2020-11-24,Food & Groceries,Supermarket run,1722.18
rahul@example.com,Rahul Kumar,2020-11-25,Transport,Fuel / commute,100.2
rahul@example.com,Rahul Kumar,2020-11-27,Entertainment,Movies / dining out,627.48
rahul@example.com,Rahul Kumar,2020-11-29,Transport,Fuel / commute,84.97
rahul@example.com,Rahul Kumar,2020-12-01,Rent,Monthly rent,8605.16
rahul@example.com,Rahul Kumar,2020-12-02,Transport,Fuel / commute,92.44
rahul@example.com,Rahul Kumar,2020-12-03,Food & Groceries,Supermarket run,1365.8
rahul@example.com,Rahul Kumar,2020-12-04,Transport,Fuel / commute,99.54
rahul@example.com,Rahul Kumar,2020-12-06,Food & Groceries,Vegetables and fruit,460.6
rahul@example.com,Rahul Kumar,2020-12-07,Entertainment,Movies / dining out,355.9
rahul@example.com,Rahul Kumar,2020-12-08,Utilities,Electricity bill,958.75
rahul@example.com,Rahul Kumar,2020-12-08,Transport,Fuel / commute,119.2
rahul@example.com,Rahul Kumar,2020-12-10,Utilities,Broadband internet,793.42
rahul@example.com,Rahul Kumar,2020-12-10,Food & Groceries,Supermarket run,1335.23
rahul@example.com,Rahul Kumar,2020-12-11,Transport,Fuel / commute,89.83
rahul@example.com,Rahul Kumar,2020-12-12,Health,Doctor visit,557.06
rahul@example.com,Rahul Kumar,2020-12-15,Transport,Fuel / commute,117.12
rahul@example.com,Rahul Kumar,2020-12-16,Entertainment,Movies / dining out,388.21
rahul@example.com,Rahul Kumar,2020-12-17,Food & Groceries,Supermarket run,1359.53
rahul@example.com,Rahul Kumar,2020-12-18,Transport,Fuel / commute,96.24
rahul@example.com,Rahul Kumar,2020-12-20,Food & Groceries,Vegetables and fruit,525.69
rahul@example.com,Rahul Kumar,2020-12-22,Transport,Fuel / commute,116.74
rahul@example.com,Rahul Kumar,2020-12-24,Food & Groceries,Supermarket run,1329.29
rahul@example.com,Rahul Kumar,2020-12-25,Transport,Fuel / commute,104.84
rahul@example.com,Rahul Kumar,2020-12-27,Entertainment,Movies / dining out,426.14
rahul@example.com,Rahul Kumar,2020-12-29,Transport,Fuel / commute,99.72
rahul@example.com,Rahul Kumar,2021-01-01,Rent,Monthly rent,8694.09
rahul@example.com,Rahul Kumar,2021-01-02,Transport,Fuel / commute,103.12
rahul@example.com,Rahul Kumar,2021-01-03,Food & Groceries,Supermarket run,1450.47
rahul@example.com,Rahul Kumar,2021-01-04,Transport,Fuel / commute,75.02
rahul@example.com,Rahul Kumar,2021-01-05,Rent,Society maintenance,1675.07
rahul@example.com,Rahul Kumar,2021-01-06,Food & Groceries,Vegetables and fruit,521.49
rahul@example.com,Rahul Kumar,2021-01-07,Entertainment,Movies / dining out,408.6
rahul@example.com,Rahul Kumar,2021-01-08,Utilities,Electricity bill,834.29
rahul@example.com,Rahul Kumar,2021-01-08,Transport,Fuel / commute,111.28
rahul@example.com,Rahul Kumar,2021-01-10,Utilities,Broadband internet,811.51
rahul@example.com,Rahul Kumar,2021-01-10,Food & Groceries,Supermarket run,1358.82
rahul@example.com,Rahul Kumar,2021-01-11,Transport,Fuel / commute,103.75
rahul@example.com,Rahul Kumar,2021-01-12,Health,Doctor visit,516.31
rahul@example.com,Rahul Kumar,2021-01-15,Transport,Fuel / commute,106.94
rahul@example.com,Rahul Kumar,2021-01-16,Entertainment,Movies / dining out,423.46
rahul@example.com,Rahul Kumar,2021-01-17,Food & Groceries,Supermarket run,1329.7
rahul@example.com,Rahul Kumar,2021-01-18,Food & Groceries,Kirana store top-up,753.84
rahul@example.com,Rahul Kumar,2021-01-18,Transport,Fuel / commute,102.98
rahul@example.com,Rahul Kumar,2021-01-20,Food & Groceries,Vegetables and fruit,419.54
rahul@example.com,Rahul Kumar,2021-01-22,Transport,Fuel / commute,94.65
rahul@example.com,Rahul Kumar,2021-01-24,Food & Groceries,Supermarket run,1275.54
rahul@example.com,Rahul Kumar,2021-01-25,Transport,Fuel / commute,84.21
rahul@example.com,Rahul Kumar,2021-01-27,Entertainment,Movies / dining out,454.5
rahul@example.com,Rahul Kumar,2021-01-29,Transport,Fuel / commute,94.9
rahul@example.com,Rahul Kumar,2021-02-01,Rent,Monthly rent,8556.1
rahul@example.com,Rahul Kumar,2021-02-02,Transport,Fuel / commute,116.79
rahul@example.com,Rahul Kumar,2021-02-03,Food & Groceries,Supermarket run,1379.7
rahul@example.com,Rahul Kumar,2021-02-04,Transport,Fuel / commute,108.34
rahul@example.com,Rahul Kumar,2021-02-06,Food & Groceries,Vegetables and fruit,456.43
rahul@example.com,Rahul Kumar,2021-02-07,Entertainment,Movies / dining out,398.9
rahul@example.com,Rahul Kumar,2021-02-08,Utilities,Electricity bill,947.18
rahul@example.com,Rahul Kumar,2021-02-08,Transport,Fuel / commute,100.78
rahul@example.com,Rahul Kumar,2021-02-10,Utilities,Broadband internet,804.96
rahul@example.com,Rahul Kumar,2021-02-10,Food & Groceries,Supermarket run,1399.28
rahul@example.com,Rahul Kumar,2021-02-11,Transport,Fuel / commute,85.18
rahul@example.com,Rahul Kumar,2021-02-12,Health,Doctor visit,567.35
rahul@example.com,Rahul Kumar,2021-02-15,Transport,Fuel / commute,105.21
rahul@example.com,Rahul Kumar,2021-02-16,Entertainment,Movies / dining out,410.4
rahul@example.com,Rahul Kumar,2021-02-17,Food & Groceries,Supermarket run,1418.28
rahul@example.com,Rahul Kumar,2021-02-18,Transport,Fuel / commute,95.03
rahul@example.com,Rahul Kumar,2021-02-20,Food & Groceries,Vegetables and fruit,520.13
rahul@example.com,Rahul Kumar,2021-02-22,Transport,Fuel / commute,103.38
rahul@example.com,Rahul Kumar,2021-02-24,Food & Groceries,Supermarket run,1269.93
rahul@example.com,Rahul Kumar,2021-02-25,Transport,Fuel / commute,89.51
rahul@example.com,Rahul Kumar,2021-02-27,Entertainment,Movies / dining out,360.52
rahul@example.com,Rahul Kumar,2021-03-01,Rent,Monthly rent,8612.88
rahul@example.com,Rahul Kumar,2021-03-02,Transport,Fuel / commute,64.87
rahul@example.com,Rahul Kumar,2021-03-03,Food & Groceries,Supermarket run,1469.75
rahul@example.com,Rahul Kumar,2021-03-04,Transport,Fuel / commute,108.15
rahul@example.com,Rahul Kumar,2021-03-06,Food & Groceries,Vegetables and fruit,386.92
rahul@example.com,Rahul Kumar,2021-03-07,Entertainment,Movies / dining out,421.1
rahul@example.com,Rahul Kumar,2021-03-08,Utilities,Electricity bill,926.74
rahul@example.com,Rahul Kumar,2021-03-08,Transport,Fuel / commute,97.1
rahul@example.com,Rahul Kumar,2021-03-10,Utilities,Broadband internet,827.37
rahul@example.com,Rahul Kumar,2021-03-10,Food & Groceries,Supermarket run,1057.18
rahul@example.com,Rahul Kumar,2021-03-11,Transport,Fuel / commute,69.79
rahul@example.com,Rahul Kumar,2021-03-12,Health,Doctor visit,476.61
rahul@example.com,Rahul Kumar,2021-03-15,Transport,Fuel / commute,102.41
rahul@example.com,Rahul Kumar,2021-03-16,Entertainment,Movies / dining out,470.46
rahul@example.com,Rahul Kumar,2021-03-17,Food & Groceries,Supermarket run,1493.15
rahul@example.com,Rahul Kumar,2021-03-18,Transport,Fuel / commute,110.63
rahul@example.com,Rahul Kumar,2021-03-20,Food & Groceries,Vegetables and fruit,516.41
rahul@example.com,Rahul Kumar,2021-03-22,Transport,Fuel / commute,101.45
rahul@example.com,Rahul Kumar,2021-03-24,Food & Groceries,Supermarket run,1600.28
rahul@example.com,Rahul Kumar,2021-03-25,Transport,Fuel / commute,104.03
rahul@example.com,Rahul Kumar,2021-03-27,Entertainment,Movies / dining out,441.52
rahul@example.com,Rahul Kumar,2021-03-29,Transport,Fuel / commute,92.4
rahul@example.com,Rahul Kumar,2021-04-01,Rent,Monthly rent,8856.32
rahul@example.com,Rahul Kumar,2021-04-02,Transport,Fuel / commute,134.77
rahul@example.com,Rahul Kumar,2021-04-03,Food & Groceries,Supermarket run,1486.22
rahul@example.com,Rahul Kumar,2021-04-04,Transport,Fuel / commute,99.32
rahul@example.com,Rahul Kumar,2021-04-05,Rent,Society maintenance,1579.0
rahul@example.com,Rahul Kumar,2021-04-06,Food & Groceries,Vegetables and fruit,491.53
rahul@example.com,Rahul Kumar,2021-04-07,Entertainment,Movies / dining out,392.17
rahul@example.com,Rahul Kumar,2021-04-08,Utilities,Electricity bill,1028.21
rahul@example.com,Rahul Kumar,2021-04-08,Transport,Fuel / commute,99.83
rahul@example.com,Rahul Kumar,2021-04-10,Utilities,Broadband internet,820.35
rahul@example.com,Rahul Kumar,2021-04-10,Food & Groceries,Supermarket run,1623.7
rahul@example.com,Rahul Kumar,2021-04-11,Transport,Fuel / commute,77.52
rahul@example.com,Rahul Kumar,2021-04-12,Health,Doctor visit,621.41
rahul@example.com,Rahul Kumar,2021-04-15,Transport,Fuel / commute,91.18
rahul@example.com,Rahul Kumar,2021-04-16,Entertainment,Movies / dining out,374.45
rahul@example.com,Rahul Kumar,2021-04-17,Food & Groceries,Supermarket run,1571.98
rahul@example.com,Rahul Kumar,2021-04-18,Transport,Fuel / commute,110.98
rahul@example.com,Rahul Kumar,2021-04-20,Food & Groceries,Vegetables and fruit,462.68
rahul@example.com,Rahul Kumar,2021-04-22,Transport,Fuel / commute,81.91
rahul@example.com,Rahul Kumar,2021-04-24,Food & Groceries,Supermarket run,1542.62
rahul@example.com,Rahul Kumar,2021-04-25,Transport,Fuel / commute,72.29
rahul@example.com,Rahul Kumar,2021-04-27,Entertainment,Movies / dining out,303.17
rahul@example.com,Rahul Kumar,2021-04-29,Transport,Fuel / commute,97.92
rahul@example.com,Rahul Kumar,2021-05-01,Rent,Monthly rent,8814.29
rahul@example.com,Rahul Kumar,2021-05-02,Transport,Fuel / commute,104.61
rahul@example.com,Rahul Kumar,2021-05-03,Food & Groceries,Supermarket run,1532.11
rahul@example.com,Rahul Kumar,2021-05-04,Transport,Fuel / commute,108.26
rahul@example.com,Rahul Kumar,2021-05-06,Food & Groceries,Vegetables and fruit,533.87
rahul@example.com,Rahul Kumar,2021-05-07,Entertainment,Movies / dining out,398.42
rahul@example.com,Rahul Kumar,2021-05-08,Utilities,Electricity bill,1161.77
rahul@example.com,Rahul Kumar,2021-05-08,Transport,Fuel / commute,106.95
rahul@example.com,Rahul Kumar,2021-05-10,Utilities,Broadband internet,820.27
rahul@example.com,Rahul Kumar,2021-05-10,Food & Groceries,Supermarket run,1611.28
rahul@example.com,Rahul Kumar,2021-05-11,Transport,Fuel / commute,93.04
rahul@example.com,Rahul Kumar,2021-05-12,Health,Doctor visit,500.45
rahul@example.com,Rahul Kumar,2021-05-15,Transport,Fuel / commute,101.09
rahul@example.com,Rahul Kumar,2021-05-16,Entertainment,Movies / dining out,381.95
rahul@example.com,Rahul Kumar,2021-05-17,Food & Groceries,Supermarket run,1571.05
rahul@example.com,Rahul Kumar,2021-05-18,Transport,Fuel / commute,94.73
rahul@example.com,Rahul Kumar,2021-05-20,Food & Groceries,Vegetables and fruit,480.98
rahul@example.com,Rahul Kumar,2021-05-22,Transport,Fuel / commute,103.04
rahul@example.com,Rahul Kumar,2021-05-24,Food & Groceries,Supermarket run,1527.28
rahul@example.com,Rahul Kumar,2021-05-25,Transport,Fuel / commute,101.9
rahul@example.com,Rahul Kumar,2021-05-27,Entertainment,Movies / dining out,302.73
rahul@example.com,Rahul Kumar,2021-05-29,Transport,Fuel / commute,93.39
rahul@example.com,Rahul Kumar,2021-06-01,Rent,Monthly rent,8830.44
rahul@example.com,Rahul Kumar,2021-06-02,Transport,Fuel / commute,103.59
rahul@example.com,Rahul Kumar,2021-06-03,Food & Groceries,Supermarket run,1823.44
rahul@example.com,Rahul Kumar,2021-06-04,Transport,Fuel / commute,98.84
rahul@example.com,Rahul Kumar,2021-06-06,Food & Groceries,Vegetables and fruit,527.61
rahul@example.com,Rahul Kumar,2021-06-07,Entertainment,Movies / dining out,457.36
rahul@example.com,Rahul Kumar,2021-06-08,Utilities,Electricity bill,1395.95
rahul@example.com,Rahul Kumar,2021-06-08,Transport,Fuel / commute,94.36
rahul@example.com,Rahul Kumar,2021-06-10,Utilities,Broadband internet,842.15
rahul@example.com,Rahul Kumar,2021-06-10,Food & Groceries,Supermarket run,1704.84
rahul@example.com,Rahul Kumar,2021-06-11,Transport,Fuel / commute,96.32
rahul@example.com,Rahul Kumar,2021-06-12,Health,Doctor visit,592.11
rahul@example.com,Rahul Kumar,2021-06-15,Transport,Fuel / commute,99.83
rahul@example.com,Rahul Kumar,2021-06-16,Entertainment,Movies / dining out,469.52
rahul@example.com,Rahul Kumar,2021-06-17,Food & Groceries,Supermarket run,1680.09
rahul@example.com,Rahul Kumar,2021-06-18,Transport,Fuel / commute,118.48
rahul@example.com,Rahul Kumar,2021-06-20,Food & Groceries,Vegetables and fruit,481.45
rahul@example.com,Rahul Kumar,2021-06-22,Transport,Fuel / commute,95.4
rahul@example.com,Rahul Kumar,2021-06-24,Food & Groceries,Supermarket run,1761.06
rahul@example.com,Rahul Kumar,2021-06-25,Transport,Fuel / commute,98.85
rahul@example.com,Rahul Kumar,2021-06-27,Entertainment,Movies / dining out,402.51
rahul@example.com,Rahul Kumar,2021-06-29,Transport,Fuel / commute,88.03
rahul@example.com,Rahul Kumar,2021-07-01,Rent,Monthly rent,8809.27
rahul@example.com,Rahul Kumar,2021-07-02,Transport,Fuel / commute,101.45
rahul@example.com,Rahul Kumar,2021-07-03,Food & Groceries,Supermarket run,1721.53
rahul@example.com,Rahul Kumar,2021-07-04,Transport,Fuel / commute,94.86
rahul@example.com,Rahul Kumar,2021-07-05,Rent,Society maintenance,1844.53
rahul@example.com,Rahul Kumar,2021-07-06,Food & Groceries,Vegetables and fruit,387.59
rahul@example.com,Rahul Kumar,2021-07-07,Entertainment,Movies / dining out,435.17
rahul@example.com,Rahul Kumar,2021-07-08,Utilities,Electricity bill,1253.13
rahul@example.com,Rahul Kumar,2021-07-08,Transport,Fuel / commute,87.14
rahul@example.com,Rahul Kumar,2021-07-10,Utilities,Broadband internet,833.59
rahul@example.com,Rahul Kumar,2021-07-10,Food & Groceries,Supermarket run,1688.15
rahul@example.com,Rahul Kumar,2021-07-11,Transport,Fuel / commute,81.19
rahul@example.com,Rahul Kumar,2021-07-12,Health,Doctor visit,557.61
rahul@example.com,Rahul Kumar,2021-07-15,Transport,Fuel / commute,101.22
rahul@example.com,Rahul Kumar,2021-07-16,Entertainment,Movies / dining out,423.0
rahul@example.com,Rahul Kumar,2021-07-17,Food & Groceries,Supermarket run,1757.24
rahul@example.com,Rahul Kumar,2021-07-18,Transport,Fuel / commute,117.66
rahul@example.com,Rahul Kumar,2021-07-20,Food & Groceries,Vegetables and fruit,501.37
rahul@example.com,Rahul Kumar,2021-07-22,Transport,Fuel / commute,100.98
rahul@example.com,Rahul Kumar,2021-07-24,Food & Groceries,Supermarket run,1686.65
rahul@example.com,Rahul Kumar,2021-07-25,Transport,Fuel / commute,82.22
rahul@example.com,Rahul Kumar,2021-07-27,Entertainment,Movies / dining out,253.02
rahul@example.com,Rahul Kumar,2021-07-29,Transport,Fuel / commute,101.23
rahul@example.com,Rahul Kumar,2021-08-01,Rent,Monthly rent,8889.97
rahul@example.com,Rahul Kumar,2021-08-02,Transport,Fuel / commute,72.77
rahul@example.com,Rahul Kumar,2021-08-03,Food & Groceries,Supermarket run,1457.32
rahul@example.com,Rahul Kumar,2021-08-04,Transport,Fuel / commute,103.21
rahul@example.com,Rahul Kumar,2021-08-06,Food & Groceries,Vegetables and fruit,414.22
rahul@example.com,Rahul Kumar,2021-08-07,Entertainment,Movies / dining out,334.44
rahul@example.com,Rahul Kumar,2021-08-08,Utilities,Electricity bill,1357.8
rahul@example.com,Rahul Kumar,2021-08-08,Transport,Fuel / commute,85.84
rahul@example.com,Rahul Kumar,2021-08-10,Utilities,Broadband internet,832.55
rahul@example.com,Rahul Kumar,2021-08-10,Food & Groceries,Supermarket run,1938.63
rahul@example.com,Rahul Kumar,2021-08-11,Transport,Fuel / commute,86.18
rahul@example.com,Rahul Kumar,2021-08-12,Health,Doctor visit,569.8
rahul@example.com,Rahul Kumar,2021-08-15,Transport,Fuel / commute,82.62
rahul@example.com,Rahul Kumar,2021-08-16,Entertainment,Movies / dining out,379.75
rahul@example.com,Rahul Kumar,2021-08-17,Food & Groceries,Supermarket run,1633.19
rahul@example.com,Rahul Kumar,2021-08-18,Transport,Fuel / commute,108.14
rahul@example.com,Rahul Kumar,2021-08-20,Food & Groceries,Vegetables and fruit,438.09
rahul@example.com,Rahul Kumar,2021-08-22,Transport,Fuel / commute,107.36
rahul@example.com,Rahul Kumar,2021-08-24,Food & Groceries,Supermarket run,1938.25
rahul@example.com,Rahul Kumar,2021-08-25,Transport,Fuel / commute,120.42
rahul@example.com,Rahul Kumar,2021-08-27,Entertainment,Movies / dining out,371.02
rahul@example.com,Rahul Kumar,2021-08-29,Transport,Fuel / commute,90.77
rahul@example.com,Rahul Kumar,2021-09-01,Rent,Monthly rent,8884.43
rahul@example.com,Rahul Kumar,2021-09-02,Transport,Fuel / commute,95.52
rahul@example.com,Rahul Kumar,2021-09-03,Food & Groceries,Supermarket run,1723.76
rahul@example.com,Rahul Kumar,2021-09-04,Transport,Fuel / commute,84.95
rahul@example.com,Rahul Kumar,2021-09-06,Food & Groceries,Vegetables and fruit,548.52
rahul@example.com,Rahul Kumar,2021-09-07,Entertainment,Movies / dining out,304.53
rahul@example.com,Rahul Kumar,2021-09-08,Utilities,Electricity bill,1204.86
rahul@example.com,Rahul Kumar,2021-09-08,Transport,Fuel / commute,119.64
rahul@example.com,Rahul Kumar,2021-09-10,Utilities,Broadband internet,847.71
rahul@example.com,Rahul Kumar,2021-09-10,Food & Groceries,Supermarket run,1736.07
rahul@example.com,Rahul Kumar,2021-09-11,Transport,Fuel / commute,102.17
rahul@example.com,Rahul Kumar,2021-09-12,Health,Doctor visit,597.89
rahul@example.com,Rahul Kumar,2021-09-15,Transport,Fuel / commute,90.11
rahul@example.com,Rahul Kumar,2021-09-16,Entertainment,Movies / dining out,378.86
rahul@example.com,Rahul Kumar,2021-09-17,Food & Groceries,Supermarket run,1401.93
rahul@example.com,Rahul Kumar,2021-09-18,Transport,Fuel / commute,99.66
rahul@example.com,Rahul Kumar,2021-09-20,Food & Groceries,Vegetables and fruit,520.04
rahul@example.com,Rahul Kumar,2021-09-22,Transport,Fuel / commute,68.2
rahul@example.com,Rahul Kumar,2021-09-24,Food & Groceries,Supermarket run,1662.3
rahul@example.com,Rahul Kumar,2021-09-24,Food & Groceries,Kirana store top-up,681.45
rahul@example.com,Rahul Kumar,2021-09-25,Transport,Fuel / commute,86.33
rahul@example.com,Rahul Kumar,2021-09-27,Entertainment,Movies / dining out,445.13
rahul@example.com,Rahul Kumar,2021-09-29,Transport,Fuel / commute,99.69
rahul@example.com,Rahul Kumar,2021-10-01,Rent,Monthly rent,8922.37
rahul@example.com,Rahul Kumar,2021-10-02,Transport,Fuel / commute,100.21
rahul@example.com,Rahul Kumar,2021-10-03,Food & Groceries,Supermarket run,1995.92
rahul@example.com,Rahul Kumar,2021-10-04,Transport,Fuel / commute,85.89
rahul@example.com,Rahul Kumar,2021-10-05,Rent,Society maintenance,1871.19
rahul@example.com,Rahul Kumar,2021-10-06,Food & Groceries,Vegetables and fruit,459.63
rahul@example.com,Rahul Kumar,2021-10-07,Entertainment,Movies / dining out,738.02
rahul@example.com,Rahul Kumar,2021-10-08,Utilities,Electricity bill,1034.37
rahul@example.com,Rahul Kumar,2021-10-08,Transport,Fuel / commute,104.72
rahul@example.com,Rahul Kumar,2021-10-10,Utilities,Broadband internet,837.77
rahul@example.com,Rahul Kumar,2021-10-10,Food & Groceries,Supermarket run,2012.7
rahul@example.com,Rahul Kumar,2021-10-11,Transport,Fuel / commute,113.12
rahul@example.com,Rahul Kumar,2021-10-15,Transport,Fuel / commute,98.65
rahul@example.com,Rahul Kumar,2021-10-16,Entertainment,Movies / dining out,529.91
rahul@example.com,Rahul Kumar,2021-10-17,Food & Groceries,Supermarket run,2066.67
rahul@example.com,Rahul Kumar,2021-10-18,Transport,Fuel / commute,97.18
rahul@example.com,Rahul Kumar,2021-10-20,Food & Groceries,Vegetables and fruit,447.31
rahul@example.com,Rahul Kumar,2021-10-22,Transport,Fuel / commute,104.06
rahul@example.com,Rahul Kumar,2021-10-24,Food & Groceries,Supermarket run,2200.16
rahul@example.com,Rahul Kumar,2021-10-25,Transport,Fuel / commute,75.35
rahul@example.com,Rahul Kumar,2021-10-27,Entertainment,Movies / dining out,530.14
rahul@example.com,Rahul Kumar,2021-10-29,Transport,Fuel / commute,106.01
rahul@example.com,Rahul Kumar,2021-11-01,Rent,Monthly rent,8901.78
rahul@example.com,Rahul Kumar,2021-11-02,Transport,Fuel / commute,124.77
rahul@example.com,Rahul Kumar,2021-11-03,Food & Groceries,Supermarket run,2062.58
rahul@example.com,Rahul Kumar,2021-11-04,Transport,Fuel / commute,92.99
rahul@example.com,Rahul Kumar,2021-11-06,Food & Groceries,Vegetables and fruit,487.91
rahul@example.com,Rahul Kumar,2021-11-07,Entertainment,Movies / dining out,659.25
rahul@example.com,Rahul Kumar,2021-11-08,Utilities,Electricity bill,944.2
rahul@example.com,Rahul Kumar,2021-11-08,Transport,Fuel / commute,118.6
rahul@example.com,Rahul Kumar,2021-11-10,Utilities,Broadband internet,850.05
rahul@example.com,Rahul Kumar,2021-11-10,Food & Groceries,Supermarket run,1991.14
rahul@example.com,Rahul Kumar,2021-11-11,Transport,Fuel / commute,97.67
rahul@example.com,Rahul Kumar,2021-11-15,Transport,Fuel / commute,109.62
rahul@example.com,Rahul Kumar,2021-11-16,Entertainment,Movies / dining out,522.92
rahul@example.com,Rahul Kumar,2021-11-17,Food & Groceries,Supermarket run,2097.33
rahul@example.com,Rahul Kumar,2021-11-18,Transport,Fuel / commute,108.75
rahul@example.com,Rahul Kumar,2021-11-20,Food & Groceries,Vegetables and fruit,442.46
rahul@example.com,Rahul Kumar,2021-11-22,Transport,Fuel / commute,113.69
rahul@example.com,Rahul Kumar,2021-11-24,Food & Groceries,Supermarket run,2020.69
rahul@example.com,Rahul Kumar,2021-11-25,Transport,Fuel / commute,89.86
rahul@example.com,Rahul Kumar,2021-11-27,Entertainment,Movies / dining out,541.92
rahul@example.com,Rahul Kumar,2021-11-29,Transport,Fuel / commute,112.84
rahul@example.com,Rahul Kumar,2021-12-01,Rent,Monthly rent,8982.46
rahul@example.com,Rahul Kumar,2021-12-02,Transport,Fuel / commute,107.61
rahul@example.com,Rahul Kumar,2021-12-03,Food & Groceries,Supermarket run,1458.22
rahul@example.com,Rahul Kumar,2021-12-04,Transport,Fuel / commute,102.3
rahul@example.com,Rahul Kumar,2021-12-06,Food & Groceries,Vegetables and fruit,504.8
rahul@example.com,Rahul Kumar,2021-12-07,Entertainment,Movies / dining out,416.32
rahul@example.com,Rahul Kumar,2021-12-08,Utilities,Electricity bill,944.27
rahul@example.com,Rahul Kumar,2021-12-08,Transport,Fuel / commute,115.19
rahul@example.com,Rahul Kumar,2021-12-10,Utilities,Broadband internet,855.73
rahul@example.com,Rahul Kumar,2021-12-10,Food & Groceries,Supermarket run,1446.65
rahul@example.com,Rahul Kumar,2021-12-11,Transport,Fuel / commute,99.19
rahul@example.com,Rahul Kumar,2021-12-12,Health,Doctor visit,625.55
rahul@example.com,Rahul Kumar,2021-12-15,Transport,Fuel / commute,100.68
rahul@example.com,Rahul Kumar,2021-12-16,Entertainment,Movies / dining out,385.63
rahul@example.com,Rahul Kumar,2021-12-17,Food & Groceries,Supermarket run,1506.24
rahul@example.com,Rahul Kumar,2021-12-18,Transport,Fuel / commute,121.0
rahul@example.com,Rahul Kumar,2021-12-20,Food & Groceries,Vegetables and fruit,528.96
rahul@example.com,Rahul Kumar,2021-12-21,Health,Pharmacy / lab tests,1296.05
rahul@example.com,Rahul Kumar,2021-12-22,Transport,Fuel / commute,119.8
rahul@example.com,Rahul Kumar,2021-12-24,Food & Groceries,Supermarket run,1522.72
rahul@example.com,Rahul Kumar,2021-12-25,Transport,Fuel / commute,100.18
rahul@example.com,Rahul Kumar,2021-12-27,Entertainment,Movies / dining out,417.09
rahul@example.com,Rahul Kumar,2021-12-29,Transport,Fuel / commute,94.82
rahul@example.com,Rahul Kumar,2022-01-01,Rent,Monthly rent,9056.8
rahul@example.com,Rahul Kumar,2022-01-02,Transport,Fuel / commute,114.54
rahul@example.com,Rahul Kumar,2022-01-03,Food & Groceries,Supermarket run,1480.45
rahul@example.com,Rahul Kumar,2022-01-04,Transport,Fuel / commute,119.6
rahul@example.com,Rahul Kumar,2022-01-05,Rent,Society maintenance,1833.01
rahul@example.com,Rahul Kumar,2022-01-06,Food & Groceries,Vegetables and fruit,465.56
rahul@example.com,Rahul Kumar,2022-01-07,Entertainment,Movies / dining out,435.31
rahul@example.com,Rahul Kumar,2022-01-08,Utilities,Electricity bill,963.76
rahul@example.com,Rahul Kumar,2022-01-08,Transport,Fuel / commute,83.11
rahul@example.com,Rahul Kumar,2022-01-10,Utilities,Broadband internet,855.1
rahul@example.com,Rahul Kumar,2022-01-10,Food & Groceries,Supermarket run,1434.71
rahul@example.com,Rahul Kumar,2022-01-11,Transport,Fuel / commute,117.66
rahul@example.com,Rahul Kumar,2022-01-12,Health,Doctor visit,589.11
rahul@example.com,Rahul Kumar,2022-01-15,Transport,Fuel / commute,86.48
rahul@example.com,Rahul Kumar,2022-01-16,Entertainment,Movies / dining out,453.41
rahul@example.com,Rahul Kumar,2022-01-17,Food & Groceries,Supermarket run,1510.05
rahul@example.com,Rahul Kumar,2022-01-18,Transport,Fuel / commute,86.84
rahul@example.com,Rahul Kumar,2022-01-20,Food & Groceries,Vegetables and fruit,464.98
rahul@example.com,Rahul Kumar,2022-01-22,Transport,Fuel / commute,97.8
rahul@example.com,Rahul Kumar,2022-01-24,Food & Groceries,Supermarket run,1205.57
rahul@example.com,Rahul Kumar,2022-01-25,Transport,Fuel / commute,96.78
rahul@example.com,Rahul Kumar,2022-01-27,Entertainment,Movies / dining out,381.56
rahul@example.com,Rahul Kumar,2022-01-29,Transport,Fuel / commute,81.81
rahul@example.com,Rahul Kumar,2022-02-01,Rent,Monthly rent,9036.99
rahul@example.com,Rahul Kumar,2022-02-02,Transport,Fuel / commute,118.16
rahul@example.com,Rahul Kumar,2022-02-03,Food & Groceries,Supermarket run,1433.79
rahul@example.com,Rahul Kumar,2022-02-04,Transport,Fuel / commute,105.72
rahul@example.com,Rahul Kumar,2022-02-06,Food & Groceries,Vegetables and fruit,472.89
rahul@example.com,Rahul Kumar,2022-02-07,Entertainment,Movies / dining out,381.87
rahul@example.com,Rahul Kumar,2022-02-08,Utilities,Electricity bill,1042.06
rahul@example.com,Rahul Kumar,2022-02-08,Transport,Fuel / commute,92.39
rahul@example.com,Rahul Kumar,2022-02-10,Utilities,Broadband internet,853.84
rahul@example.com,Rahul Kumar,2022-02-10,Food & Groceries,Supermarket run,1424.04
rahul@example.com,Rahul Kumar,2022-02-11,Transport,Fuel / commute,99.58
rahul@example.com,Rahul Kumar,2022-02-12,Health,Doctor visit,543.96
rahul@example.com,Rahul Kumar,2022-02-15,Transport,Fuel / commute,107.14
rahul@example.com,Rahul Kumar,2022-02-16,Entertainment,Movies / dining out,339.11
rahul@example.com,Rahul Kumar,2022-02-17,Food & Groceries,Supermarket run,1521.34
rahul@example.com,Rahul Kumar,2022-02-18,Transport,Fuel / commute,97.93
rahul@example.com,Rahul Kumar,2022-02-20,Food & Groceries,Vegetables and fruit,436.58
rahul@example.com,Rahul Kumar,2022-02-22,Transport,Fuel / commute,94.49
rahul@example.com,Rahul Kumar,2022-02-24,Food & Groceries,Supermarket run,1376.29
rahul@example.com,Rahul Kumar,2022-02-25,Transport,Fuel / commute,93.04
rahul@example.com,Rahul Kumar,2022-02-27,Entertainment,Movies / dining out,407.63
rahul@example.com,Rahul Kumar,2022-03-01,Rent,Monthly rent,8998.15
rahul@example.com,Rahul Kumar,2022-03-02,Transport,Fuel / commute,96.39
rahul@example.com,Rahul Kumar,2022-03-03,Food & Groceries,Supermarket run,1495.61
rahul@example.com,Rahul Kumar,2022-03-04,Transport,Fuel / commute,103.55
rahul@example.com,Rahul Kumar,2022-03-06,Food & Groceries,Vegetables and fruit,537.46
rahul@example.com,Rahul Kumar,2022-03-07,Entertainment,Movies / dining out,459.79
rahul@example.com,Rahul Kumar,2022-03-08,Utilities,Electricity bill,1071.91
rahul@example.com,Rahul Kumar,2022-03-08,Transport,Fuel / commute,91.8
rahul@example.com,Rahul Kumar,2022-03-10,Utilities,Broadband internet,843.92
rahul@example.com,Rahul Kumar,2022-03-10,Food & Groceries,Supermarket run,1451.71
rahul@example.com,Rahul Kumar,2022-03-11,Transport,Fuel / commute,89.25
rahul@example.com,Rahul Kumar,2022-03-12,Health,Doctor visit,627.92
rahul@example.com,Rahul Kumar,2022-03-15,Transport,Fuel / commute,87.37
rahul@example.com,Rahul Kumar,2022-03-16,Entertainment,Movies / dining out,376.78
rahul@example.com,Rahul Kumar,2022-03-17,Food & Groceries,Supermarket run,1464.86
rahul@example.com,Rahul Kumar,2022-03-18,Transport,Fuel / commute,95.99
rahul@example.com,Rahul Kumar,2022-03-20,Food & Groceries,Vegetables and fruit,525.58
rahul@example.com,Rahul Kumar,2022-03-22,Transport,Fuel / commute,104.34
rahul@example.com,Rahul Kumar,2022-03-24,Food & Groceries,Supermarket run,1567.62
rahul@example.com,Rahul Kumar,2022-03-25,Transport,Fuel / commute,78.07
rahul@example.com,Rahul Kumar,2022-03-27,Entertainment,Movies / dining out,337.31
rahul@example.com,Rahul Kumar,2022-03-29,Transport,Fuel / commute,100.74
rahul@example.com,Rahul Kumar,2022-04-01,Rent,Monthly rent,9112.78
rahul@example.com,Rahul Kumar,2022-04-02,Transport,Fuel / commute,100.15
rahul@example.com,Rahul Kumar,2022-04-03,Food & Groceries,Supermarket run,1559.65
rahul@example.com,Rahul Kumar,2022-04-04,Transport,Fuel / commute,109.11
rahul@example.com,Rahul Kumar,2022-04-05,Rent,Society maintenance,1673.2
rahul@example.com,Rahul Kumar,2022-04-06,Food & Groceries,Vegetables and fruit,463.12
rahul@example.com,Rahul Kumar,2022-04-07,Entertainment,Movies / dining out,409.04
rahul@example.com,Rahul Kumar,2022-04-08,Utilities,Electricity bill,1087.3
rahul@example.com,Rahul Kumar,2022-04-08,Transport,Fuel / commute,109.84
rahul@example.com,Rahul Kumar,2022-04-10,Utilities,Broadband internet,870.3
rahul@example.com,Rahul Kumar,2022-04-10,Food & Groceries,Supermarket run,1629.71
rahul@example.com,Rahul Kumar,2022-04-11,Transport,Fuel / commute,96.13
rahul@example.com,Rahul Kumar,2022-04-12,Health,Doctor visit,539.3
rahul@example.com,Rahul Kumar,2022-04-15,Transport,Fuel / commute,114.97
rahul@example.com,Rahul Kumar,2022-04-16,Entertainment,Movies / dining out,354.16
rahul@example.com,Rahul Kumar,2022-04-17,Food & Groceries,Supermarket run,1443.33
rahul@example.com,Rahul Kumar,2022-04-18,Transport,Fuel / commute,92.39
rahul@example.com,Rahul Kumar,2022-04-20,Food & Groceries,Vegetables and fruit,521.97
rahul@example.com,Rahul Kumar,2022-04-22,Transport,Fuel / commute,111.14
rahul@example.com,Rahul Kumar,2022-04-24,Food & Groceries,Supermarket run,1738.25
rahul@example.com,Rahul Kumar,2022-04-25,Transport,Fuel / commute,96.89
rahul@example.com,Rahul Kumar,2022-04-27,Entertainment,Movies / dining out,418.68
rahul@example.com,Rahul Kumar,2022-04-29,Transport,Fuel / commute,105.91
rahul@example.com,Rahul Kumar,2022-05-01,Rent,Monthly rent,9165.36
rahul@example.com,Rahul Kumar,2022-05-02,Transport,Fuel / commute,85.08
rahul@example.com,Rahul Kumar,2022-05-03,Food & Groceries,Supermarket run,1710.59
rahul@example.com,Rahul Kumar,2022-05-04,Transport,Fuel / commute,113.51
rahul@example.com,Rahul Kumar,2022-05-06,Food & Groceries,Vegetables and fruit,521.54
rahul@example.com,Rahul Kumar,2022-05-07,Entertainment,Movies / dining out,474.42
rahul@example.com,Rahul Kumar,2022-05-08,Utilities,Electricity bill,1207.76
rahul@example.com,Rahul Kumar,2022-05-08,Transport,Fuel / commute,100.86
rahul@example.com,Rahul Kumar,2022-05-10,Utilities,Broadband internet,856.01
rahul@example.com,Rahul Kumar,2022-05-10,Food & Groceries,Supermarket run,1681.28
rahul@example.com,Rahul Kumar,2022-05-11,Transport,Fuel / commute,91.59
rahul@example.com,Rahul Kumar,2022-05-15,Transport,Fuel / commute,103.12
rahul@example.com,Rahul Kumar,2022-05-16,Entertainment,Movies / dining out,372.08
rahul@example.com,Rahul Kumar,2022-05-17,Food & Groceries,Supermarket run,1589.33
rahul@example.com,Rahul Kumar,2022-05-18,Transport,Fuel / commute,87.26
rahul@example.com,Rahul Kumar,2022-05-20,Food & Groceries,Vegetables and fruit,442.49
rahul@example.com,Rahul Kumar,2022-05-22,Transport,Fuel / commute,89.34
rahul@example.com,Rahul Kumar,2022-05-24,Food & Groceries,Supermarket run,1690.38
rahul@example.com,Rahul Kumar,2022-05-25,Food & Groceries,Kirana store top-up,826.72
rahul@example.com,Rahul Kumar,2022-05-25,Transport,Fuel / commute,84.12
rahul@example.com,Rahul Kumar,2022-05-27,Entertainment,Movies / dining out,430.79
rahul@example.com,Rahul Kumar,2022-05-29,Transport,Fuel / commute,88.94
rahul@example.com,Rahul Kumar,2022-06-01,Rent,Monthly rent,9227.45
rahul@example.com,Rahul Kumar,2022-06-02,Transport,Fuel / commute,122.1
rahul@example.com,Rahul Kumar,2022-06-03,Food & Groceries,Supermarket run,1927.01
rahul@example.com,Rahul Kumar,2022-06-04,Transport,Fuel / commute,95.46
rahul@example.com,Rahul Kumar,2022-06-06,Food & Groceries,Vegetables and fruit,561.11
rahul@example.com,Rahul Kumar,2022-06-07,Entertainment,Movies / dining out,383.41
rahul@example.com,Rahul Kumar,2022-06-08,Utilities,Electricity bill,1306.98
rahul@example.com,Rahul Kumar,2022-06-08,Transport,Fuel / commute,96.84
rahul@example.com,Rahul Kumar,2022-06-10,Utilities,Broadband internet,858.37
rahul@example.com,Rahul Kumar,2022-06-10,Food & Groceries,Supermarket run,1574.68
rahul@example.com,Rahul Kumar,2022-06-11,Transport,Fuel / commute,87.33
rahul@example.com,Rahul Kumar,2022-06-12,Health,Doctor visit,505.66
rahul@example.com,Rahul Kumar,2022-06-15,Transport,Fuel / commute,88.98
rahul@example.com,Rahul Kumar,2022-06-16,Entertainment,Movies / dining out,425.88
rahul@example.com,Rahul Kumar,2022-06-17,Food & Groceries,Supermarket run,1832.97
rahul@example.com,Rahul Kumar,2022-06-18,Transport,Fuel / commute,107.29
rahul@example.com,Rahul Kumar,2022-06-20,Food & Groceries,Vegetables and fruit,423.35
rahul@example.com,Rahul Kumar,2022-06-22,Transport,Fuel / commute,88.67
rahul@example.com,Rahul Kumar,2022-06-24,Food & Groceries,Supermarket run,1829.96
rahul@example.com,Rahul Kumar,2022-06-25,Transport,Fuel / commute,111.42
rahul@example.com,Rahul Kumar,2022-06-27,Entertainment,Movies / dining out,395.71
rahul@example.com,Rahul Kumar,2022-06-29,Transport,Fuel / commute,94.19
rahul@example.com,Rahul Kumar,2022-07-01,Rent,Monthly rent,9152.38
rahul@example.com,Rahul Kumar,2022-07-02,Transport,Fuel / commute,114.52
rahul@example.com,Rahul Kumar,2022-07-03,Food & Groceries,Supermarket run,1858.4
rahul@example.com,Rahul Kumar,2022-07-04,Transport,Fuel / commute,98.17
rahul@example.com,Rahul Kumar,2022-07-05,Rent,Society maintenance,1835.09
rahul@example.com,Rahul Kumar,2022-07-06,Food & Groceries,Vegetables and fruit,502.33
rahul@example.com,Rahul Kumar,2022-07-07,Entertainment,Movies / dining out,461.92
rahul@example.com,Rahul Kumar,2022-07-08,Utilities,Electricity bill,1421.74
rahul@example.com,Rahul Kumar,2022-07-08,Transport,Fuel / commute,103.28
rahul@example.com,Rahul Kumar,2022-07-10,Utilities,Broadband internet,876.19
rahul@example.com,Rahul Kumar,2022-07-10,Food & Groceries,Supermarket run,1912.42
rahul@example.com,Rahul Kumar,2022-07-11,Transport,Fuel / commute,117.23
rahul@example.com,Rahul Kumar,2022-07-12,Health,Doctor visit,614.99
rahul@example.com,Rahul Kumar,2022-07-15,Transport,Fuel / commute,74.6
rahul@example.com,Rahul Kumar,2022-07-16,Entertainment,Movies / dining out,404.05
rahul@example.com,Rahul Kumar,2022-07-17,Food & Groceries,Supermarket run,1575.63
rahul@example.com,Rahul Kumar,2022-07-18,Transport,Fuel / commute,109.94
rahul@example.com,Rahul Kumar,2022-07-20,Food & Groceries,Vegetables and fruit,495.06
rahul@example.com,Rahul Kumar,2022-07-22,Transport,Fuel / commute,98.56
rahul@example.com,Rahul Kumar,2022-07-24,Food & Groceries,Supermarket run,1801.44
rahul@example.com,Rahul Kumar,2022-07-25,Transport,Fuel / commute,91.44
rahul@example.com,Rahul Kumar,2022-07-27,Entertainment,Movies / dining out,453.86
rahul@example.com,Rahul Kumar,2022-07-29,Transport,Fuel / commute,106.82
rahul@example.com,Rahul Kumar,2022-08-01,Rent,Monthly rent,9247.97
rahul@example.com,Rahul Kumar,2022-08-02,Transport,Fuel / commute,101.9
rahul@example.com,Rahul Kumar,2022-08-03,Food & Groceries,Supermarket run,1991.69
rahul@example.com,Rahul Kumar,2022-08-04,Transport,Fuel / commute,105.75
rahul@example.com,Rahul Kumar,2022-08-06,Food & Groceries,Vegetables and fruit,493.34
rahul@example.com,Rahul Kumar,2022-08-07,Entertainment,Movies / dining out,405.06
rahul@example.com,Rahul Kumar,2022-08-08,Utilities,Electricity bill,1459.49
rahul@example.com,Rahul Kumar,2022-08-08,Transport,Fuel / commute,97.87
rahul@example.com,Rahul Kumar,2022-08-10,Utilities,Broadband internet,867.51
rahul@example.com,Rahul Kumar,2022-08-10,Food & Groceries,Supermarket run,1889.11
rahul@example.com,Rahul Kumar,2022-08-11,Transport,Fuel / commute,107.19
rahul@example.com,Rahul Kumar,2022-08-12,Health,Doctor visit,640.22
rahul@example.com,Rahul Kumar,2022-08-15,Transport,Fuel / commute,103.28
rahul@example.com,Rahul Kumar,2022-08-16,Entertainment,Movies / dining out,408.07
rahul@example.com,Rahul Kumar,2022-08-17,Food & Groceries,Supermarket run,1820.25
rahul@example.com,Rahul Kumar,2022-08-18,Transport,Fuel / commute,112.58
rahul@example.com,Rahul Kumar,2022-08-20,Food & Groceries,Vegetables and fruit,439.13
rahul@example.com,Rahul Kumar,2022-08-22,Transport,Fuel / commute,111.22
rahul@example.com,Rahul Kumar,2022-08-24,Food & Groceries,Supermarket run,1824.51
rahul@example.com,Rahul Kumar,2022-08-25,Transport,Fuel / commute,105.08
rahul@example.com,Rahul Kumar,2022-08-27,Entertainment,Movies / dining out,395.13
rahul@example.com,Rahul Kumar,2022-08-29,Transport,Fuel / commute,86.12
rahul@example.com,Rahul Kumar,2022-09-01,Rent,Monthly rent,9200.89
rahul@example.com,Rahul Kumar,2022-09-02,Transport,Fuel / commute,91.34
rahul@example.com,Rahul Kumar,2022-09-03,Food & Groceries,Supermarket run,1621.04
rahul@example.com,Rahul Kumar,2022-09-04,Transport,Fuel / commute,97.48
rahul@example.com,Rahul Kumar,2022-09-06,Food & Groceries,Vegetables and fruit,525.1
rahul@example.com,Rahul Kumar,2022-09-07,Entertainment,Movies / dining out,417.05
rahul@example.com,Rahul Kumar,2022-09-08,Utilities,Electricity bill,1300.55
rahul@example.com,Rahul Kumar,2022-09-08,Transport,Fuel / commute,91.38
rahul@example.com,Rahul Kumar,2022-09-10,Utilities,Broadband internet,850.58
rahul@example.com,Rahul Kumar,2022-09-10,Food & Groceries,Supermarket run,1786.67
rahul@example.com,Rahul Kumar,2022-09-11,Transport,Fuel / commute,102.1
rahul@example.com,Rahul Kumar,2022-09-12,Health,Doctor visit,513.35
rahul@example.com,Rahul Kumar,2022-09-15,Transport,Fuel / commute,104.63
rahul@example.com,Rahul Kumar,2022-09-16,Entertainment,Movies / dining out,472.14
rahul@example.com,Rahul Kumar,2022-09-17,Food & Groceries,Supermarket run,1601.14
rahul@example.com,Rahul Kumar,2022-09-18,Transport,Fuel / commute,99.56
rahul@example.com,Rahul Kumar,2022-09-20,Food & Groceries,Vegetables and fruit,469.96
rahul@example.com,Rahul Kumar,2022-09-22,Transport,Fuel / commute,124.13
rahul@example.com,Rahul Kumar,2022-09-24,Food & Groceries,Supermarket run,1782.52
rahul@example.com,Rahul Kumar,2022-09-25,Transport,Fuel / commute,94.44
rahul@example.com,Rahul Kumar,2022-09-27,Entertainment,Movies / dining out,469.57
rahul@example.com,Rahul Kumar,2022-09-29,Transport,Fuel / commute,120.62
rahul@example.com,Rahul Kumar,2022-10-01,Rent,Monthly rent,9403.3
rahul@example.com,Rahul Kumar,2022-10-02,Transport,Fuel / commute,101.26
rahul@example.com,Rahul Kumar,2022-10-03,Food & Groceries,Supermarket run,2405.6
rahul@example.com,Rahul Kumar,2022-10-04,Transport,Fuel / commute,104.35
rahul@example.com,Rahul Kumar,2022-10-05,Rent,Society maintenance,1716.19
rahul@example.com,Rahul Kumar,2022-10-06,Food & Groceries,Vegetables and fruit,450.63
rahul@example.com,Rahul Kumar,2022-10-07,Entertainment,Movies / dining out,417.28
rahul@example.com,Rahul Kumar,2022-10-08,Utilities,Electricity bill,1236.04
rahul@example.com,Rahul Kumar,2022-10-08,Transport,Fuel / commute,110.62
rahul@example.com,Rahul Kumar,2022-10-10,Utilities,Broadband internet,870.93
rahul@example.com,Rahul Kumar,2022-10-10,Food & Groceries,Supermarket run,2453.79
rahul@example.com,Rahul Kumar,2022-10-11,Transport,Fuel / commute,80.59
rahul@example.com,Rahul Kumar,2022-10-12,Health,Doctor visit,555.3
rahul@example.com,Rahul Kumar,2022-10-15,Transport,Fuel / commute,119.71
rahul@example.com,Rahul Kumar,2022-10-16,Entertainment,Movies / dining out,563.83
rahul@example.com,Rahul Kumar,2022-10-17,Food & Groceries,Supermarket run,2090.38
rahul@example.com,Rahul Kumar,2022-10-18,Transport,Fuel / commute,99.36
rahul@example.com,Rahul Kumar,2022-10-20,Food & Groceries,Vegetables and fruit,442.89
rahul@example.com,Rahul Kumar,2022-10-22,Food & Groceries,Kirana store top-up,931.53
rahul@example.com,Rahul Kumar,2022-10-22,Transport,Fuel / commute,110.33
rahul@example.com,Rahul Kumar,2022-10-24,Food & Groceries,Supermarket run,2162.26
rahul@example.com,Rahul Kumar,2022-10-25,Transport,Fuel / commute,111.43
rahul@example.com,Rahul Kumar,2022-10-27,Entertainment,Movies / dining out,573.48
rahul@example.com,Rahul Kumar,2022-10-29,Transport,Fuel / commute,120.76
rahul@example.com,Rahul Kumar,2022-11-01,Rent,Monthly rent,9319.22
rahul@example.com,Rahul Kumar,2022-11-02,Transport,Fuel / commute,113.44
rahul@example.com,Rahul Kumar,2022-11-03,Food & Groceries,Supermarket run,2164.68
rahul@example.com,Rahul Kumar,2022-11-04,Transport,Fuel / commute,91.8
rahul@example.com,Rahul Kumar,2022-11-06,Food & Groceries,Vegetables and fruit,464.47
rahul@example.com,Rahul Kumar,2022-11-07,Entertainment,Movies / dining out,486.76
rahul@example.com,Rahul Kumar,2022-11-08,Utilities,Electricity bill,1044.6
rahul@example.com,Rahul Kumar,2022-11-08,Transport,Fuel / commute,76.75
rahul@example.com,Rahul Kumar,2022-11-10,Utilities,Broadband internet,863.49
rahul@example.com,Rahul Kumar,2022-11-10,Food & Groceries,Supermarket run,2060.8
rahul@example.com,Rahul Kumar,2022-11-11,Transport,Fuel / commute,117.51
rahul@example.com,Rahul Kumar,2022-11-15,Transport,Fuel / commute,105.43
rahul@example.com,Rahul Kumar,2022-11-16,Entertainment,Movies / dining out,554.46
rahul@example.com,Rahul Kumar,2022-11-17,Food & Groceries,Supermarket run,2081.52
rahul@example.com,Rahul Kumar,2022-11-18,Food & Groceries,Kirana store top-up,1002.72
rahul@example.com,Rahul Kumar,2022-11-18,Transport,Fuel / commute,94.74
rahul@example.com,Rahul Kumar,2022-11-20,Food & Groceries,Vegetables and fruit,546.11
rahul@example.com,Rahul Kumar,2022-11-21,Health,Pharmacy / lab tests,1262.99
rahul@example.com,Rahul Kumar,2022-11-22,Transport,Fuel / commute,118.7
rahul@example.com,Rahul Kumar,2022-11-24,Food & Groceries,Supermarket run,2234.78
rahul@example.com,Rahul Kumar,2022-11-25,Transport,Fuel / commute,93.29
rahul@example.com,Rahul Kumar,2022-11-27,Entertainment,Movies / dining out,635.27
rahul@example.com,Rahul Kumar,2022-11-29,Transport,Fuel / commute,98.75
rahul@example.com,Rahul Kumar,2022-12-01,Rent,Monthly rent,9279.12
rahul@example.com,Rahul Kumar,2022-12-02,Transport,Fuel / commute,71.34
rahul@example.com,Rahul Kumar,2022-12-03,Food & Groceries,Supermarket run,1573.22
rahul@example.com,Rahul Kumar,2022-12-04,Transport,Fuel / commute,109.12
rahul@example.com,Rahul Kumar,2022-12-06,Food & Groceries,Vegetables and fruit,511.64
rahul@example.com,Rahul Kumar,2022-12-07,Entertainment,Movies / dining out,401.66
rahul@example.com,Rahul Kumar,2022-12-08,Utilities,Electricity bill,1008.52
rahul@example.com,Rahul Kumar,2022-12-08,Transport,Fuel / commute,109.79
rahul@example.com,Rahul Kumar,2022-12-10,Utilities,Broadband internet,879.21
rahul@example.com,Rahul Kumar,2022-12-10,Food & Groceries,Supermarket run,1475.62
rahul@example.com,Rahul Kumar,2022-12-11,Transport,Fuel / commute,110.34
rahul@example.com,Rahul Kumar,2022-12-15,Transport,Fuel / commute,97.81
rahul@example.com,Rahul Kumar,2022-12-16,Entertainment,Movies / dining out,384.82
rahul@example.com,Rahul Kumar,2022-12-17,Food & Groceries,Supermarket run,1558.11
rahul@example.com,Rahul Kumar,2022-12-18,Transport,Fuel / commute,123.05
rahul@example.com,Rahul Kumar,2022-12-20,Food & Groceries,Vegetables and fruit,435.01
rahul@example.com,Rahul Kumar,2022-12-21,Health,Pharmacy / lab tests,1406.25
rahul@example.com,Rahul Kumar,2022-12-22,Transport,Fuel / commute,98.63
rahul@example.com,Rahul Kumar,2022-12-24,Food & Groceries,Supermarket run,1472.13
rahul@example.com,Rahul Kumar,2022-12-25,Transport,Fuel / commute,109.66
rahul@example.com,Rahul Kumar,2022-12-27,Entertainment,Movies / dining out,342.48
rahul@example.com,Rahul Kumar,2022-12-29,Transport,Fuel / commute,111.83
rahul@example.com,Rahul Kumar,2023-01-01,Rent,Monthly rent,9412.97
rahul@example.com,Rahul Kumar,2023-01-02,Transport,Fuel / commute,207.65
rahul@example.com,Rahul Kumar,2023-01-03,Food & Groceries,Supermarket run,1445.62
rahul@example.com,Rahul Kumar,2023-01-04,Transport,Fuel / commute,170.44
rahul@example.com,Rahul Kumar,2023-01-05,Rent,Society maintenance,1759.15
rahul@example.com,Rahul Kumar,2023-01-06,Food & Groceries,Vegetables and fruit,492.85
rahul@example.com,Rahul Kumar,2023-01-07,Entertainment,Movies / dining out,410.57
rahul@example.com,Rahul Kumar,2023-01-08,Utilities,Electricity bill,965.05
rahul@example.com,Rahul Kumar,2023-01-08,Transport,Fuel / commute,148.17
rahul@example.com,Rahul Kumar,2023-01-10,Utilities,Broadband internet,886.79
rahul@example.com,Rahul Kumar,2023-01-10,Food & Groceries,Supermarket run,1358.14
rahul@example.com,Rahul Kumar,2023-01-11,Transport,Fuel / commute,167.08
rahul@example.com,Rahul Kumar,2023-01-12,Health,Doctor visit,548.06
rahul@example.com,Rahul Kumar,2023-01-15,Transport,Fuel / commute,210.86
rahul@example.com,Rahul Kumar,2023-01-16,Entertainment,Movies / dining out,435.47
rahul@example.com,Rahul Kumar,2023-01-17,Food & Groceries,Supermarket run,1622.17
rahul@example.com,Rahul Kumar,2023-01-18,Transport,Fuel / commute,200.06
rahul@example.com,Rahul Kumar,2023-01-20,Food & Groceries,Vegetables and fruit,480.0
rahul@example.com,Rahul Kumar,2023-01-22,Transport,Fuel / commute,176.33
rahul@example.com,Rahul Kumar,2023-01-24,Food & Groceries,Supermarket run,1458.76
rahul@example.com,Rahul Kumar,2023-01-25,Transport,Fuel / commute,211.87
rahul@example.com,Rahul Kumar,2023-01-27,Entertainment,Movies / dining out,377.09
rahul@example.com,Rahul Kumar,2023-01-29,Transport,Fuel / commute,198.22
rahul@example.com,Rahul Kumar,2023-02-01,Rent,Monthly rent,9344.09
rahul@example.com,Rahul Kumar,2023-02-02,Transport,Fuel / commute,177.59
rahul@example.com,Rahul Kumar,2023-02-03,Food & Groceries,Supermarket run,1569.34
rahul@example.com,Rahul Kumar,2023-02-04,Transport,Fuel / commute,129.47
rahul@example.com,Rahul Kumar,2023-02-06,Food & Groceries,Vegetables and fruit,523.72
rahul@example.com,Rahul Kumar,2023-02-07,Entertainment,Movies / dining out,472.3
rahul@example.com,Rahul Kumar,2023-02-08,Utilities,Electricity bill,1033.91
rahul@example.com,Rahul Kumar,2023-02-08,Transport,Fuel / commute,175.88
rahul@example.com,Rahul Kumar,2023-02-10,Utilities,Broadband internet,890.24
rahul@example.com,Rahul Kumar,2023-02-10,Food & Groceries,Supermarket run,1430.61
rahul@example.com,Rahul Kumar,2023-02-11,Transport,Fuel / commute,184.48
rahul@example.com,Rahul Kumar,2023-02-12,Health,Doctor visit,534.74
rahul@example.com,Rahul Kumar,2023-02-15,Transport,Fuel / commute,173.51
rahul@example.com,Rahul Kumar,2023-02-16,Entertainment,Movies / dining out,494.82
rahul@example.com,Rahul Kumar,2023-02-17,Food & Groceries,Supermarket run,1589.87
rahul@example.com,Rahul Kumar,2023-02-18,Transport,Fuel / commute,220.95
rahul@example.com,Rahul Kumar,2023-02-20,Food & Groceries,Vegetables and fruit,477.36
rahul@example.com,Rahul Kumar,2023-02-22,Transport,Fuel / commute,157.03
rahul@example.com,Rahul Kumar,2023-02-24,Food & Groceries,Supermarket run,1440.83
rahul@example.com,Rahul Kumar,2023-02-25,Transport,Fuel / commute,170.15
rahul@example.com,Rahul Kumar,2023-02-27,Entertainment,Movies / dining out,384.94
rahul@example.com,Rahul Kumar,2023-03-01,Rent,Monthly rent,9422.11
rahul@example.com,Rahul Kumar,2023-03-02,Transport,Fuel / commute,149.03
rahul@example.com,Rahul Kumar,2023-03-03,Food & Groceries,Supermarket run,1452.09
rahul@example.com,Rahul Kumar,2023-03-04,Transport,Fuel / commute,179.56
rahul@example.com,Rahul Kumar,2023-03-06,Food & Groceries,Vegetables and fruit,485.95
rahul@example.com,Rahul Kumar,2023-03-07,Entertainment,Movies / dining out,470.74
rahul@example.com,Rahul Kumar,2023-03-08,Utilities,Electricity bill,1022.05
rahul@example.com,Rahul Kumar,2023-03-08,Transport,Fuel / commute,174.14
rahul@example.com,Rahul Kumar,2023-03-10,Utilities,Broadband internet,884.69
rahul@example.com,Rahul Kumar,2023-03-10,Food & Groceries,Supermarket run,1757.08
rahul@example.com,Rahul Kumar,2023-03-11,Transport,Fuel / commute,208.82
rahul@example.com,Rahul Kumar,2023-03-12,Food & Groceries,Kirana store top-up,847.25
rahul@example.com,Rahul Kumar,2023-03-12,Health,Doctor visit,585.19
rahul@example.com,Rahul Kumar,2023-03-15,Transport,Fuel / commute,156.79
rahul@example.com,Rahul Kumar,2023-03-16,Entertainment,Movies / dining out,414.25
rahul@example.com,Rahul Kumar,2023-03-17,Food & Groceries,Supermarket run,1535.75
rahul@example.com,Rahul Kumar,2023-03-18,Transport,Fuel / commute,170.4
rahul@example.com,Rahul Kumar,2023-03-20,Food & Groceries,Vegetables and fruit,485.15
rahul@example.com,Rahul Kumar,2023-03-22,Transport,Fuel / commute,163.35
rahul@example.com,Rahul Kumar,2023-03-24,Food & Groceries,Supermarket run,1612.03
rahul@example.com,Rahul Kumar,2023-03-25,Transport,Fuel / commute,214.78
rahul@example.com,Rahul Kumar,2023-03-27,Entertainment,Movies / dining out,351.98
rahul@example.com,Rahul Kumar,2023-03-29,Transport,Fuel / commute,163.98
rahul@example.com,Rahul Kumar,2023-04-01,Rent,Monthly rent,9452.45
rahul@example.com,Rahul Kumar,2023-04-02,Transport,Fuel / commute,202.45
rahul@example.com,Rahul Kumar,2023-04-03,Food & Groceries,Supermarket run,1728.1
rahul@example.com,Rahul Kumar,2023-04-04,Transport,Fuel / commute,185.02
rahul@example.com,Rahul Kumar,2023-04-05,Rent,Society maintenance,1757.1
rahul@example.com,Rahul Kumar,2023-04-06,Food & Groceries,Vegetables and fruit,531.36
rahul@example.com,Rahul Kumar,2023-04-07,Entertainment,Movies / dining out,398.67
rahul@example.com,Rahul Kumar,2023-04-08,Utilities,Electricity bill,1099.67
rahul@example.com,Rahul Kumar,2023-04-08,Transport,Fuel / commute,217.2
rahul@example.com,Rahul Kumar,2023-04-10,Utilities,Broadband internet,889.39
rahul@example.com,Rahul Kumar,2023-04-10,Food & Groceries,Supermarket run,1616.37
rahul@example.com,Rahul Kumar,2023-04-11,Transport,Fuel / commute,158.24
rahul@example.com,Rahul Kumar,2023-04-12,Health,Doctor visit,559.81
rahul@example.com,Rahul Kumar,2023-04-15,Transport,Fuel / commute,151.14
rahul@example.com,Rahul Kumar,2023-04-16,Entertainment,Movies / dining out,403.37
rahul@example.com,Rahul Kumar,2023-04-17,Food & Groceries,Supermarket run,1708.83
rahul@example.com,Rahul Kumar,2023-04-18,Transport,Fuel / commute,170.1
rahul@example.com,Rahul Kumar,2023-04-20,Food & Groceries,Vegetables and fruit,477.7
rahul@example.com,Rahul Kumar,2023-04-22,Transport,Fuel / commute,153.16
rahul@example.com,Rahul Kumar,2023-04-24,Food & Groceries,Supermarket run,1576.46
rahul@example.com,Rahul Kumar,2023-04-25,Transport,Fuel / commute,153.2
rahul@example.com,Rahul Kumar,2023-04-27,Entertainment,Movies / dining out,392.7
rahul@example.com,Rahul Kumar,2023-04-29,Transport,Fuel / commute,197.38
rahul@example.com,Rahul Kumar,2023-05-01,Rent,Monthly rent,9595.4
rahul@example.com,Rahul Kumar,2023-05-02,Transport,Fuel / commute,194.46
rahul@example.com,Rahul Kumar,2023-05-03,Food & Groceries,Supermarket run,1663.48
rahul@example.com,Rahul Kumar,2023-05-04,Transport,Fuel / commute,178.35
rahul@example.com,Rahul Kumar,2023-05-06,Food & Groceries,Vegetables and fruit,566.57
rahul@example.com,Rahul Kumar,2023-05-07,Entertainment,Movies / dining out,435.27
rahul@example.com,Rahul Kumar,2023-05-08,Utilities,Electricity bill,1221.41
rahul@example.com,Rahul Kumar,2023-05-08,Transport,Fuel / commute,198.84
rahul@example.com,Rahul Kumar,2023-05-10,Utilities,Broadband internet,903.74
rahul@example.com,Rahul Kumar,2023-05-10,Food & Groceries,Supermarket run,1742.95
rahul@example.com,Rahul Kumar,2023-05-11,Transport,Fuel / commute,219.18
rahul@example.com,Rahul Kumar,2023-05-12,Health,Doctor visit,512.13
rahul@example.com,Rahul Kumar,2023-05-15,Transport,Fuel / commute,181.37
rahul@example.com,Rahul Kumar,2023-05-16,Entertainment,Movies / dining out,424.76
rahul@example.com,Rahul Kumar,2023-05-17,Food & Groceries,Supermarket run,1828.35
rahul@example.com,Rahul Kumar,2023-05-18,Transport,Fuel / commute,222.52
rahul@example.com,Rahul Kumar,2023-05-20,Food & Groceries,Vegetables and fruit,505.6
rahul@example.com,Rahul Kumar,2023-05-22,Transport,Fuel / commute,170.75
rahul@example.com,Rahul Kumar,2023-05-24,Food & Groceries,Supermarket run,1675.52
rahul@example.com,Rahul Kumar,2023-05-25,Transport,Fuel / commute,201.17
rahul@example.com,Rahul Kumar,2023-05-27,Entertainment,Movies / dining out,380.93
rahul@example.com,Rahul Kumar,2023-05-29,Transport,Fuel / commute,195.09
rahul@example.com,Rahul Kumar,2023-06-01,Rent,Monthly rent,9542.12
rahul@example.com,Rahul Kumar,2023-06-02,Transport,Fuel / commute,175.81
rahul@example.com,Rahul Kumar,2023-06-03,Food & Groceries,Supermarket run,1905.92
rahul@example.com,Rahul Kumar,2023-06-04,Transport,Fuel / commute,163.71
rahul@example.com,Rahul Kumar,2023-06-06,Food & Groceries,Vegetables and fruit,555.14
rahul@example.com,Rahul Kumar,2023-06-07,Entertainment,Movies / dining out,509.08
rahul@example.com,Rahul Kumar,2023-06-08,Utilities,Electricity bill,1464.27
rahul@example.com,Rahul Kumar,2023-06-08,Transport,Fuel / commute,213.19
rahul@example.com,Rahul Kumar,2023-06-10,Utilities,Broadband internet,896.92
rahul@example.com,Rahul Kumar,2023-06-10,Food & Groceries,Supermarket run,1809.53
rahul@example.com,Rahul Kumar,2023-06-11,Transport,Fuel / commute,196.93
rahul@example.com,Rahul Kumar,2023-06-12,Health,Doctor visit,621.77
rahul@example.com,Rahul Kumar,2023-06-15,Food & Groceries,Kirana store top-up,1020.0
rahul@example.com,Rahul Kumar,2023-06-15,Transport,Fuel / commute,192.16
rahul@example.com,Rahul Kumar,2023-06-16,Entertainment,Movies / dining out,461.95
rahul@example.com,Rahul Kumar,2023-06-17,Food & Groceries,Supermarket run,1857.28
rahul@example.com,Rahul Kumar,2023-06-18,Transport,Fuel / commute,170.81
rahul@example.com,Rahul Kumar,2023-06-20,Food & Groceries,Vegetables and fruit,565.55
rahul@example.com,Rahul Kumar,2023-06-22,Transport,Fuel / commute,194.31
rahul@example.com,Rahul Kumar,2023-06-24,Food & Groceries,Supermarket run,1774.48
rahul@example.com,Rahul Kumar,2023-06-25,Transport,Fuel / commute,160.79
rahul@example.com,Rahul Kumar,2023-06-27,Entertainment,Movies / dining out,355.14
rahul@example.com,Rahul Kumar,2023-06-29,Transport,Fuel / commute,198.93
rahul@example.com,Rahul Kumar,2023-07-01,Rent,Monthly rent,9577.85
rahul@example.com,Rahul Kumar,2023-07-02,Transport,Fuel / commute,169.09
rahul@example.com,Rahul Kumar,2023-07-03,Food & Groceries,Supermarket run,1878.71
rahul@example.com,Rahul Kumar,2023-07-04,Transport,Fuel / commute,209.88
rahul@example.com,Rahul Kumar,2023-07-05,Rent,Society maintenance,1877.59
rahul@example.com,Rahul Kumar,2023-07-06,Food & Groceries,Vegetables and fruit,521.67
rahul@example.com,Rahul Kumar,2023-07-07,Entertainment,Movies / dining out,508.34
rahul@example.com,Rahul Kumar,2023-07-08,Utilities,Electricity bill,1427.38
rahul@example.com,Rahul Kumar,2023-07-08,Transport,Fuel / commute,193.24
rahul@example.com,Rahul Kumar,2023-07-10,Utilities,Broadband internet,897.1
rahul@example.com,Rahul Kumar,2023-07-10,Food & Groceries,Supermarket run,1855.58
rahul@example.com,Rahul Kumar,2023-07-11,Transport,Fuel / commute,162.79
rahul@example.com,Rahul Kumar,2023-07-15,Transport,Fuel / commute,181.15
rahul@example.com,Rahul Kumar,2023-07-16,Entertainment,Movies / dining out,367.86
rahul@example.com,Rahul Kumar,2023-07-17,Food & Groceries,Supermarket run,1933.27
rahul@example.com,Rahul Kumar,2023-07-18,Transport,Fuel / commute,146.66
rahul@example.com,Rahul Kumar,2023-07-20,Food & Groceries,Vegetables and fruit,498.64
rahul@example.com,Rahul Kumar,2023-07-22,Transport,Fuel / commute,186.25
rahul@example.com,Rahul Kumar,2023-07-24,Food & Groceries,Supermarket run,1954.79
rahul@example.com,Rahul Kumar,2023-07-25,Transport,Fuel / commute,181.05
rahul@example.com,Rahul Kumar,2023-07-27,Entertainment,Movies / dining out,463.33
rahul@example.com,Rahul Kumar,2023-07-29,Transport,Fuel / commute,172.68
rahul@example.com,Rahul Kumar,2023-08-01,Rent,Monthly rent,9597.0
rahul@example.com,Rahul Kumar,2023-08-02,Transport,Fuel / commute,163.75
rahul@example.com,Rahul Kumar,2023-08-03,Food & Groceries,Supermarket run,1835.79
rahul@example.com,Rahul Kumar,2023-08-04,Transport,Fuel / commute,194.96
rahul@example.com,Rahul Kumar,2023-08-06,Food & Groceries,Vegetables and fruit,515.47
rahul@example.com,Rahul Kumar,2023-08-07,Entertainment,Movies / dining out,419.91
rahul@example.com,Rahul Kumar,2023-08-08,Utilities,Electricity bill,1458.68
rahul@example.com,Rahul Kumar,2023-08-08,Transport,Fuel / commute,218.91
rahul@example.com,Rahul Kumar,2023-08-10,Utilities,Broadband internet,899.64
rahul@example.com,Rahul Kumar,2023-08-10,Food & Groceries,Supermarket run,1821.2
rahul@example.com,Rahul Kumar,2023-08-11,Transport,Fuel / commute,189.46
rahul@example.com,Rahul Kumar,2023-08-12,Health,Doctor visit,530.01
rahul@example.com,Rahul Kumar,2023-08-15,Transport,Fuel / commute,176.86
rahul@example.com,Rahul Kumar,2023-08-16,Entertainment,Movies / dining out,401.39
rahul@example.com,Rahul Kumar,2023-08-17,Food & Groceries,Supermarket run,1895.01
rahul@example.com,Rahul Kumar,2023-08-18,Transport,Fuel / commute,191.06
rahul@example.com,Rahul Kumar,2023-08-20,Food & Groceries,Vegetables and fruit,459.58
rahul@example.com,Rahul Kumar,2023-08-22,Transport,Fuel / commute,160.67
rahul@example.com,Rahul Kumar,2023-08-24,Food & Groceries,Supermarket run,1915.07
rahul@example.com,Rahul Kumar,2023-08-25,Transport,Fuel / commute,215.28
rahul@example.com,Rahul Kumar,2023-08-27,Entertainment,Movies / dining out,495.93
rahul@example.com,Rahul Kumar,2023-08-29,Transport,Fuel / commute,190.22
rahul@example.com,Rahul Kumar,2023-09-01,Rent,Monthly rent,9641.63
rahul@example.com,Rahul Kumar,2023-09-02,Transport,Fuel / commute,169.29
rahul@example.com,Rahul Kumar,2023-09-03,Food & Groceries,Supermarket run,1605.85
rahul@example.com,Rahul Kumar,2023-09-04,Transport,Fuel / commute,206.01
rahul@example.com,Rahul Kumar,2023-09-06,Food & Groceries,Vegetables and fruit,500.13
rahul@example.com,Rahul Kumar,2023-09-07,Entertainment,Movies / dining out,507.4
rahul@example.com,Rahul Kumar,2023-09-08,Utilities,Electricity bill,1365.19
rahul@example.com,Rahul Kumar,2023-09-08,Transport,Fuel / commute,160.03
rahul@example.com,Rahul Kumar,2023-09-10,Utilities,Broadband internet,902.68
rahul@example.com,Rahul Kumar,2023-09-10,Food & Groceries,Supermarket run,1880.16
rahul@example.com,Rahul Kumar,2023-09-11,Transport,Fuel / commute,236.94
rahul@example.com,Rahul Kumar,2023-09-12,Health,Doctor visit,555.69
rahul@example.com,Rahul Kumar,2023-09-15,Transport,Fuel / commute,236.77
rahul@example.com,Rahul Kumar,2023-09-16,Entertainment,Movies / dining out,488.08
rahul@example.com,Rahul Kumar,2023-09-17,Food & Groceries,Supermarket run,1745.73
rahul@example.com,Rahul Kumar,2023-09-18,Transport,Fuel / commute,223.22
rahul@example.com,Rahul Kumar,2023-09-20,Food & Groceries,Vegetables and fruit,518.73
rahul@example.com,Rahul Kumar,2023-09-21,Health,Pharmacy / lab tests,1013.58
rahul@example.com,Rahul Kumar,2023-09-22,Transport,Fuel / commute,215.22
rahul@example.com,Rahul Kumar,2023-09-24,Food & Groceries,Supermarket run,1865.98
rahul@example.com,Rahul Kumar,2023-09-25,Transport,Fuel / commute,184.75
rahul@example.com,Rahul Kumar,2023-09-27,Entertainment,Movies / dining out,428.24
rahul@example.com,Rahul Kumar,2023-09-29,Transport,Fuel / commute,212.78
rahul@example.com,Rahul Kumar,2023-10-01,Rent,Monthly rent,9680.31
rahul@example.com,Rahul Kumar,2023-10-02,Transport,Fuel / commute,178.84
rahul@example.com,Rahul Kumar,2023-10-03,Food & Groceries,Supermarket run,2273.08
rahul@example.com,Rahul Kumar,2023-10-04,Transport,Fuel / commute,192.46
rahul@example.com,Rahul Kumar,2023-10-05,Rent,Society maintenance,1667.2
rahul@example.com,Rahul Kumar,2023-10-06,Food & Groceries,Vegetables and fruit,527.95
rahul@example.com,Rahul Kumar,2023-10-07,Entertainment,Movies / dining out,597.13
rahul@example.com,Rahul Kumar,2023-10-08,Utilities,Electricity bill,1136.67
rahul@example.com,Rahul Kumar,2023-10-08,Transport,Fuel / commute,214.04
rahul@example.com,Rahul Kumar,2023-10-10,Utilities,Broadband internet,911.95
rahul@example.com,Rahul Kumar,2023-10-10,Food & Groceries,Supermarket run,2445.29
rahul@example.com,Rahul Kumar,2023-10-11,Transport,Fuel / commute,186.02
rahul@example.com,Rahul Kumar,2023-10-12,Health,Doctor visit,563.56
rahul@example.com,Rahul Kumar,2023-10-15,Transport,Fuel / commute,199.18
rahul@example.com,Rahul Kumar,2023-10-16,Entertainment,Movies / dining out,533.12
rahul@example.com,Rahul Kumar,2023-10-17,Food & Groceries,Supermarket run,2290.45
rahul@example.com,Rahul Kumar,2023-10-18,Transport,Fuel / commute,188.28
rahul@example.com,Rahul Kumar,2023-10-20,Food & Groceries,Vegetables and fruit,522.42
rahul@example.com,Rahul Kumar,2023-10-22,Transport,Fuel / commute,190.04
rahul@example.com,Rahul Kumar,2023-10-24,Food & Groceries,Supermarket run,2457.37
rahul@example.com,Rahul Kumar,2023-10-25,Transport,Fuel / commute,225.97
rahul@example.com,Rahul Kumar,2023-10-27,Entertainment,Movies / dining out,570.07
rahul@example.com,Rahul Kumar,2023-10-29,Transport,Fuel / commute,214.24
rahul@example.com,Rahul Kumar,2023-11-01,Rent,Monthly rent,9620.06
rahul@example.com,Rahul Kumar,2023-11-02,Transport,Fuel / commute,173.94
rahul@example.com,Rahul Kumar,2023-11-03,Food & Groceries,Supermarket run,1992.79
rahul@example.com,Rahul Kumar,2023-11-04,Transport,Fuel / commute,208.72
rahul@example.com,Rahul Kumar,2023-11-06,Food & Groceries,Vegetables and fruit,497.11
rahul@example.com,Rahul Kumar,2023-11-07,Entertainment,Movies / dining out,553.05
rahul@example.com,Rahul Kumar,2023-11-08,Utilities,Electricity bill,1077.55
rahul@example.com,Rahul Kumar,2023-11-08,Transport,Fuel / commute,144.94
rahul@example.com,Rahul Kumar,2023-11-10,Utilities,Broadband internet,907.25
rahul@example.com,Rahul Kumar,2023-11-10,Food & Groceries,Supermarket run,2180.58
rahul@example.com,Rahul Kumar,2023-11-11,Transport,Fuel / commute,143.08
rahul@example.com,Rahul Kumar,2023-11-12,Health,Doctor visit,559.67
rahul@example.com,Rahul Kumar,2023-11-15,Transport,Fuel / commute,187.91
rahul@example.com,Rahul Kumar,2023-11-16,Entertainment,Movies / dining out,692.7
rahul@example.com,Rahul Kumar,2023-11-17,Food & Groceries,Supermarket run,2143.72
rahul@example.com,Rahul Kumar,2023-11-18,Transport,Fuel / commute,190.0
rahul@example.com,Rahul Kumar,2023-11-20,Food & Groceries,Vegetables and fruit,499.13
rahul@example.com,Rahul Kumar,2023-11-22,Transport,Fuel / commute,196.95
rahul@example.com,Rahul Kumar,2023-11-24,Food & Groceries,Supermarket run,2031.68
rahul@example.com,Rahul Kumar,2023-11-25,Transport,Fuel / commute,175.69
rahul@example.com,Rahul Kumar,2023-11-27,Entertainment,Movies / dining out,561.28
rahul@example.com,Rahul Kumar,2023-11-29,Transport,Fuel / commute,167.15
rahul@example.com,Rahul Kumar,2023-12-01,Rent,Monthly rent,9710.92
rahul@example.com,Rahul Kumar,2023-12-02,Transport,Fuel / commute,175.86
rahul@example.com,Rahul Kumar,2023-12-03,Food & Groceries,Supermarket run,1529.78
rahul@example.com,Rahul Kumar,2023-12-03,Health,Accident repair,5760.0
rahul@example.com,Rahul Kumar,2023-12-04,Transport,Fuel / commute,187.09
rahul@example.com,Rahul Kumar,2023-12-06,Food & Groceries,Vegetables and fruit,502.21
rahul@example.com,Rahul Kumar,2023-12-07,Entertainment,Movies / dining out,407.88
rahul@example.com,Rahul Kumar,2023-12-08,Utilities,Electricity bill,1022.39
rahul@example.com,Rahul Kumar,2023-12-08,Transport,Fuel / commute,214.7
rahul@example.com,Rahul Kumar,2023-12-10,Utilities,Broadband internet,911.33
rahul@example.com,Rahul Kumar,2023-12-10,Food & Groceries,Supermarket run,1548.06
rahul@example.com,Rahul Kumar,2023-12-11,Transport,Fuel / commute,163.49
rahul@example.com,Rahul Kumar,2023-12-12,Health,Doctor visit,537.45
rahul@example.com,Rahul Kumar,2023-12-14,Food & Groceries,Kirana store top-up,989.07
rahul@example.com,Rahul Kumar,2023-12-15,Transport,Fuel / commute,229.24
rahul@example.com,Rahul Kumar,2023-12-16,Entertainment,Movies / dining out,414.65
rahul@example.com,Rahul Kumar,2023-12-17,Food & Groceries,Supermarket run,1596.08
rahul@example.com,Rahul Kumar,2023-12-18,Transport,Fuel / commute,158.15
rahul@example.com,Rahul Kumar,2023-12-20,Food & Groceries,Vegetables and fruit,530.42
rahul@example.com,Rahul Kumar,2023-12-22,Transport,Fuel / commute,180.62
rahul@example.com,Rahul Kumar,2023-12-24,Food & Groceries,Supermarket run,1559.83
rahul@example.com,Rahul Kumar,2023-12-25,Transport,Fuel / commute,166.94
rahul@example.com,Rahul Kumar,2023-12-27,Entertainment,Movies / dining out,438.94
rahul@example.com,Rahul Kumar,2023-12-29,Transport,Fuel / commute,237.9
rahul@example.com,Rahul Kumar,2024-01-01,Rent,Monthly rent,9851.62
rahul@example.com,Rahul Kumar,2024-01-02,Transport,Fuel / commute,207.43
rahul@example.com,Rahul Kumar,2024-01-03,Food & Groceries,Supermarket run,1483.56
rahul@example.com,Rahul Kumar,2024-01-04,Transport,Fuel / commute,203.57
rahul@example.com,Rahul Kumar,2024-01-05,Rent,Society maintenance,1787.89
rahul@example.com,Rahul Kumar,2024-01-06,Food & Groceries,Vegetables and fruit,508.88
rahul@example.com,Rahul Kumar,2024-01-07,Entertainment,Movies / dining out,403.87
rahul@example.com,Rahul Kumar,2024-01-08,Utilities,Electricity bill,965.53
rahul@example.com,Rahul Kumar,2024-01-08,Transport,Fuel / commute,215.49
rahul@example.com,Rahul Kumar,2024-01-10,Utilities,Broadband internet,910.84
rahul@example.com,Rahul Kumar,2024-01-10,Food & Groceries,Supermarket run,1571.41
rahul@example.com,Rahul Kumar,2024-01-11,Transport,Fuel / commute,181.52
rahul@example.com,Rahul Kumar,2024-01-12,Health,Doctor visit,613.87
rahul@example.com,Rahul Kumar,2024-01-15,Transport,Fuel / commute,216.3
rahul@example.com,Rahul Kumar,2024-01-16,Entertainment,Movies / dining out,410.43
rahul@example.com,Rahul Kumar,2024-01-17,Food & Groceries,Supermarket run,1431.25
rahul@example.com,Rahul Kumar,2024-01-18,Transport,Fuel / commute,158.08
rahul@example.com,Rahul Kumar,2024-01-20,Food & Groceries,Vegetables and fruit,497.04
rahul@example.com,Rahul Kumar,2024-01-22,Transport,Fuel / commute,157.53
rahul@example.com,Rahul Kumar,2024-01-24,Food & Groceries,Supermarket run,1490.37
rahul@example.com,Rahul Kumar,2024-01-25,Transport,Fuel / commute,161.49
rahul@example.com,Rahul Kumar,2024-01-27,Entertainment,Movies / dining out,424.04
rahul@example.com,Rahul Kumar,2024-01-29,Transport,Fuel / commute,189.23
rahul@example.com,Rahul Kumar,2024-02-01,Rent,Monthly rent,9693.37
rahul@example.com,Rahul Kumar,2024-02-02,Transport,Fuel / commute,193.22
rahul@example.com,Rahul Kumar,2024-02-03,Food & Groceries,Supermarket run,1600.01
rahul@example.com,Rahul Kumar,2024-02-04,Transport,Fuel / commute,127.96
rahul@example.com,Rahul Kumar,2024-02-06,Food & Groceries,Vegetables and fruit,514.46
rahul@example.com,Rahul Kumar,2024-02-07,Entertainment,Movies / dining out,489.77
rahul@example.com,Rahul Kumar,2024-02-08,Utilities,Electricity bill,951.77
rahul@example.com,Rahul Kumar,2024-02-08,Transport,Fuel / commute,182.25
rahul@example.com,Rahul Kumar,2024-02-10,Utilities,Broadband internet,904.4
rahul@example.com,Rahul Kumar,2024-02-10,Food & Groceries,Supermarket run,1436.21
rahul@example.com,Rahul Kumar,2024-02-11,Transport,Fuel / commute,199.29
rahul@example.com,Rahul Kumar,2024-02-12,Health,Doctor visit,628.09
rahul@example.com,Rahul Kumar,2024-02-15,Transport,Fuel / commute,226.94
rahul@example.com,Rahul Kumar,2024-02-16,Entertainment,Movies / dining out,455.07
rahul@example.com,Rahul Kumar,2024-02-17,Food & Groceries,Supermarket run,1570.58
rahul@example.com,Rahul Kumar,2024-02-18,Transport,Fuel / commute,227.99
rahul@example.com,Rahul Kumar,2024-02-20,Food & Groceries,Vegetables and fruit,535.28
rahul@example.com,Rahul Kumar,2024-02-22,Transport,Fuel / commute,158.6
rahul@example.com,Rahul Kumar,2024-02-24,Food & Groceries,Supermarket run,1555.44
rahul@example.com,Rahul Kumar,2024-02-25,Transport,Fuel / commute,181.66
rahul@example.com,Rahul Kumar,2024-02-27,Entertainment,Movies / dining out,445.4
rahul@example.com,Rahul Kumar,2024-02-29,Transport,Fuel / commute,153.98
rahul@example.com,Rahul Kumar,2024-03-01,Rent,Monthly rent,9779.71
rahul@example.com,Rahul Kumar,2024-03-02,Transport,Fuel / commute,223.59
rahul@example.com,Rahul Kumar,2024-03-03,Food & Groceries,Supermarket run,1614.51
rahul@example.com,Rahul Kumar,2024-03-04,Transport,Fuel / commute,147.37
rahul@example.com,Rahul Kumar,2024-03-06,Food & Groceries,Vegetables and fruit,497.47
rahul@example.com,Rahul Kumar,2024-03-07,Entertainment,Movies / dining out,434.31
rahul@example.com,Rahul Kumar,2024-03-08,Utilities,Electricity bill,1014.15
rahul@example.com,Rahul Kumar,2024-03-08,Transport,Fuel / commute,202.76
rahul@example.com,Rahul Kumar,2024-03-10,Utilities,Broadband internet,937.47
rahul@example.com,Rahul Kumar,2024-03-10,Food & Groceries,Supermarket run,1752.44
rahul@example.com,Rahul Kumar,2024-03-11,Transport,Fuel / commute,187.45
rahul@example.com,Rahul Kumar,2024-03-12,Health,Doctor visit,537.61
rahul@example.com,Rahul Kumar,2024-03-15,Transport,Fuel / commute,166.63
rahul@example.com,Rahul Kumar,2024-03-16,Entertainment,Movies / dining out,384.68
rahul@example.com,Rahul Kumar,2024-03-17,Food & Groceries,Supermarket run,1703.58
rahul@example.com,Rahul Kumar,2024-03-18,Transport,Fuel / commute,196.19
rahul@example.com,Rahul Kumar,2024-03-20,Food & Groceries,Vegetables and fruit,578.78
rahul@example.com,Rahul Kumar,2024-03-22,Transport,Fuel / commute,159.41
rahul@example.com,Rahul Kumar,2024-03-24,Food & Groceries,Supermarket run,1566.35
rahul@example.com,Rahul Kumar,2024-03-25,Transport,Fuel / commute,179.56
rahul@example.com,Rahul Kumar,2024-03-27,Entertainment,Movies / dining out,520.76
rahul@example.com,Rahul Kumar,2024-03-29,Transport,Fuel / commute,171.99
rahul@example.com,Rahul Kumar,2024-04-01,Rent,Monthly rent,9761.87
rahul@example.com,Rahul Kumar,2024-04-02,Transport,Fuel / commute,188.91
rahul@example.com,Rahul Kumar,2024-04-03,Food & Groceries,Supermarket run,1508.08
rahul@example.com,Rahul Kumar,2024-04-04,Transport,Fuel / commute,155.27
rahul@example.com,Rahul Kumar,2024-04-05,Rent,Society maintenance,1863.51
rahul@example.com,Rahul Kumar,2024-04-06,Food & Groceries,Vegetables and fruit,511.71
rahul@example.com,Rahul Kumar,2024-04-07,Entertainment,Movies / dining out,377.81
rahul@example.com,Rahul Kumar,2024-04-08,Utilities,Electricity bill,1197.03
rahul@example.com,Rahul Kumar,2024-04-08,Transport,Fuel / commute,233.98
rahul@example.com,Rahul Kumar,2024-04-10,Utilities,Broadband internet,910.59
rahul@example.com,Rahul Kumar,2024-04-10,Food & Groceries,Supermarket run,1828.81
rahul@example.com,Rahul Kumar,2024-04-11,Transport,Fuel / commute,213.8
rahul@example.com,Rahul Kumar,2024-04-12,Health,Doctor visit,500.38
rahul@example.com,Rahul Kumar,2024-04-15,Transport,Fuel / commute,183.13
rahul@example.com,Rahul Kumar,2024-04-16,Entertainment,Movies / dining out,380.47
rahul@example.com,Rahul Kumar,2024-04-17,Food & Groceries,Supermarket run,1702.99
rahul@example.com,Rahul Kumar,2024-04-18,Transport,Fuel / commute,184.05
rahul@example.com,Rahul Kumar,2024-04-20,Food & Groceries,Vegetables and fruit,535.54
rahul@example.com,Rahul Kumar,2024-04-21,Health,Pharmacy / lab tests,1191.54
rahul@example.com,Rahul Kumar,2024-04-22,Transport,Fuel / commute,199.04
rahul@example.com,Rahul Kumar,2024-04-24,Food & Groceries,Supermarket run,1588.84
rahul@example.com,Rahul Kumar,2024-04-25,Transport,Fuel / commute,164.94
rahul@example.com,Rahul Kumar,2024-04-27,Entertainment,Movies / dining out,526.21
rahul@example.com,Rahul Kumar,2024-04-29,Transport,Fuel / commute,198.19
rahul@example.com,Rahul Kumar,2024-05-01,Rent,Monthly rent,9864.88
rahul@example.com,Rahul Kumar,2024-05-02,Transport,Fuel / commute,202.14
rahul@example.com,Rahul Kumar,2024-05-03,Food & Groceries,Supermarket run,2207.76
rahul@example.com,Rahul Kumar,2024-05-04,Transport,Fuel / commute,201.78
rahul@example.com,Rahul Kumar,2024-05-06,Food & Groceries,Vegetables and fruit,508.42
rahul@example.com,Rahul Kumar,2024-05-07,Entertainment,Movies / dining out,463.47
rahul@example.com,Rahul Kumar,2024-05-08,Utilities,Electricity bill,1316.07
rahul@example.com,Rahul Kumar,2024-05-08,Transport,Fuel / commute,180.76
rahul@example.com,Rahul Kumar,2024-05-10,Utilities,Broadband internet,933.67
rahul@example.com,Rahul Kumar,2024-05-10,Food & Groceries,Supermarket run,1876.46
rahul@example.com,Rahul Kumar,2024-05-11,Transport,Fuel / commute,236.99
rahul@example.com,Rahul Kumar,2024-05-15,Transport,Fuel / commute,174.51
rahul@example.com,Rahul Kumar,2024-05-16,Entertainment,Movies / dining out,496.39
rahul@example.com,Rahul Kumar,2024-05-17,Food & Groceries,Supermarket run,1749.67
rahul@example.com,Rahul Kumar,2024-05-18,Transport,Fuel / commute,188.66
rahul@example.com,Rahul Kumar,2024-05-20,Food & Groceries,Vegetables and fruit,482.74
rahul@example.com,Rahul Kumar,2024-05-22,Transport,Fuel / commute,206.08
rahul@example.com,Rahul Kumar,2024-05-24,Food & Groceries,Supermarket run,1688.02
rahul@example.com,Rahul Kumar,2024-05-25,Transport,Fuel / commute,211.89
rahul@example.com,Rahul Kumar,2024-05-27,Entertainment,Movies / dining out,405.62
rahul@example.com,Rahul Kumar,2024-05-29,Transport,Fuel / commute,220.74
rahul@example.com,Rahul Kumar,2024-06-01,Rent,Monthly rent,9867.7
rahul@example.com,Rahul Kumar,2024-06-02,Transport,Fuel / commute,214.21
rahul@example.com,Rahul Kumar,2024-06-03,Food & Groceries,Supermarket run,1895.11
rahul@example.com,Rahul Kumar,2024-06-04,Transport,Fuel / commute,150.7
rahul@example.com,Rahul Kumar,2024-06-06,Food & Groceries,Vegetables and fruit,446.04
rahul@example.com,Rahul Kumar,2024-06-07,Entertainment,Movies / dining out,447.25
rahul@example.com,Rahul Kumar,2024-06-08,Utilities,Electricity bill,1506.77
rahul@example.com,Rahul Kumar,2024-06-08,Transport,Fuel / commute,200.49
rahul@example.com,Rahul Kumar,2024-06-10,Utilities,Broadband internet,921.55
rahul@example.com,Rahul Kumar,2024-06-10,Food & Groceries,Supermarket run,1871.23
rahul@example.com,Rahul Kumar,2024-06-11,Transport,Fuel / commute,216.95
rahul@example.com,Rahul Kumar,2024-06-15,Transport,Fuel / commute,205.72
rahul@example.com,Rahul Kumar,2024-06-16,Entertainment,Movies / dining out,432.61
rahul@example.com,Rahul Kumar,2024-06-17,Food & Groceries,Supermarket run,1903.7
rahul@example.com,Rahul Kumar,2024-06-18,Transport,Fuel / commute,182.39
rahul@example.com,Rahul Kumar,2024-06-20,Food & Groceries,Vegetables and fruit,545.43
rahul@example.com,Rahul Kumar,2024-06-22,Transport,Fuel / commute,170.26
rahul@example.com,Rahul Kumar,2024-06-24,Food & Groceries,Supermarket run,1799.58
rahul@example.com,Rahul Kumar,2024-06-25,Transport,Fuel / commute,193.86
rahul@example.com,Rahul Kumar,2024-06-27,Entertainment,Movies / dining out,384.72
rahul@example.com,Rahul Kumar,2024-06-29,Transport,Fuel / commute,197.7
rahul@example.com,Rahul Kumar,2024-07-01,Rent,Monthly rent,9931.62
rahul@example.com,Rahul Kumar,2024-07-02,Transport,Fuel / commute,238.22
rahul@example.com,Rahul Kumar,2024-07-03,Food & Groceries,Supermarket run,1812.93
rahul@example.com,Rahul Kumar,2024-07-04,Transport,Fuel / commute,141.5
rahul@example.com,Rahul Kumar,2024-07-05,Rent,Society maintenance,1649.58
rahul@example.com,Rahul Kumar,2024-07-06,Food & Groceries,Vegetables and fruit,543.41
rahul@example.com,Rahul Kumar,2024-07-07,Entertainment,Movies / dining out,343.53
rahul@example.com,Rahul Kumar,2024-07-08,Utilities,Electricity bill,1537.37
rahul@example.com,Rahul Kumar,2024-07-08,Transport,Fuel / commute,203.43
rahul@example.com,Rahul Kumar,2024-07-10,Utilities,Broadband internet,926.43
rahul@example.com,Rahul Kumar,2024-07-10,Food & Groceries,Supermarket run,1859.6
rahul@example.com,Rahul Kumar,2024-07-11,Transport,Fuel / commute,192.74
rahul@example.com,Rahul Kumar,2024-07-12,Health,Doctor visit,587.49
rahul@example.com,Rahul Kumar,2024-07-15,Transport,Fuel / commute,211.44
rahul@example.com,Rahul Kumar,2024-07-16,Entertainment,Movies / dining out,484.88
rahul@example.com,Rahul Kumar,2024-07-17,Food & Groceries,Supermarket run,1820.57
rahul@example.com,Rahul Kumar,2024-07-18,Transport,Fuel / commute,209.15
rahul@example.com,Rahul Kumar,2024-07-20,Food & Groceries,Vegetables and fruit,530.31
rahul@example.com,Rahul Kumar,2024-07-22,Transport,Fuel / commute,188.77
rahul@example.com,Rahul Kumar,2024-07-24,Food & Groceries,Supermarket run,1906.2
rahul@example.com,Rahul Kumar,2024-07-25,Transport,Fuel / commute,196.58
rahul@example.com,Rahul Kumar,2024-07-27,Entertainment,Movies / dining out,442.3
rahul@example.com,Rahul Kumar,2024-07-29,Transport,Fuel / commute,175.39
rahul@example.com,Rahul Kumar,2024-08-01,Rent,Monthly rent,9900.78
rahul@example.com,Rahul Kumar,2024-08-02,Transport,Fuel / commute,149.74
rahul@example.com,Rahul Kumar,2024-08-03,Food & Groceries,Supermarket run,1962.21
rahul@example.com,Rahul Kumar,2024-08-04,Transport,Fuel / commute,160.37
rahul@example.com,Rahul Kumar,2024-08-06,Food & Groceries,Vegetables and fruit,425.84
rahul@example.com,Rahul Kumar,2024-08-07,Entertainment,Movies / dining out,401.3
rahul@example.com,Rahul Kumar,2024-08-08,Utilities,Electricity bill,1498.47
rahul@example.com,Rahul Kumar,2024-08-08,Transport,Fuel / commute,181.26
rahul@example.com,Rahul Kumar,2024-08-10,Utilities,Broadband internet,941.34
rahul@example.com,Rahul Kumar,2024-08-10,Food & Groceries,Supermarket run,1878.76
rahul@example.com,Rahul Kumar,2024-08-11,Transport,Fuel / commute,243.49
rahul@example.com,Rahul Kumar,2024-08-12,Health,Doctor visit,535.39
rahul@example.com,Rahul Kumar,2024-08-15,Transport,Fuel / commute,232.07
rahul@example.com,Rahul Kumar,2024-08-16,Entertainment,Movies / dining out,453.17
rahul@example.com,Rahul Kumar,2024-08-17,Food & Groceries,Supermarket run,1874.08
rahul@example.com,Rahul Kumar,2024-08-18,Transport,Fuel / commute,209.56
rahul@example.com,Rahul Kumar,2024-08-20,Food & Groceries,Vegetables and fruit,560.47
rahul@example.com,Rahul Kumar,2024-08-22,Transport,Fuel / commute,201.45
rahul@example.com,Rahul Kumar,2024-08-24,Food & Groceries,Supermarket run,2014.63
rahul@example.com,Rahul Kumar,2024-08-25,Transport,Fuel / commute,150.01
rahul@example.com,Rahul Kumar,2024-08-27,Entertainment,Movies / dining out,419.75
rahul@example.com,Rahul Kumar,2024-08-29,Transport,Fuel / commute,196.82
rahul@example.com,Rahul Kumar,2024-09-01,Rent,Monthly rent,10026.6
rahul@example.com,Rahul Kumar,2024-09-02,Transport,Fuel / commute,169.65
rahul@example.com,Rahul Kumar,2024-09-03,Food & Groceries,Supermarket run,1726.4
rahul@example.com,Rahul Kumar,2024-09-04,Transport,Fuel / commute,203.39
rahul@example.com,Rahul Kumar,2024-09-06,Food & Groceries,Vegetables and fruit,592.67
rahul@example.com,Rahul Kumar,2024-09-07,Entertainment,Movies / dining out,401.99
rahul@example.com,Rahul Kumar,2024-09-08,Utilities,Electricity bill,1354.42
rahul@example.com,Rahul Kumar,2024-09-08,Transport,Fuel / commute,180.14
rahul@example.com,Rahul Kumar,2024-09-10,Utilities,Broadband internet,943.58
rahul@example.com,Rahul Kumar,2024-09-10,Food & Groceries,Supermarket run,1672.64
rahul@example.com,Rahul Kumar,2024-09-11,Transport,Fuel / commute,158.47
rahul@example.com,Rahul Kumar,2024-09-12,Health,Doctor visit,580.71
rahul@example.com,Rahul Kumar,2024-09-15,Transport,Fuel / commute,241.21
rahul@example.com,Rahul Kumar,2024-09-16,Entertainment,Movies / dining out,428.82
rahul@example.com,Rahul Kumar,2024-09-17,Food & Groceries,Supermarket run,1850.24
rahul@example.com,Rahul Kumar,2024-09-18,Transport,Fuel / commute,170.48
rahul@example.com,Rahul Kumar,2024-09-20,Food & Groceries,Vegetables and fruit,463.8
rahul@example.com,Rahul Kumar,2024-09-22,Transport,Fuel / commute,189.21
rahul@example.com,Rahul Kumar,2024-09-24,Food & Groceries,Supermarket run,1699.47
rahul@example.com,Rahul Kumar,2024-09-25,Transport,Fuel / commute,188.91
rahul@example.com,Rahul Kumar,2024-09-27,Entertainment,Movies / dining out,434.12
rahul@example.com,Rahul Kumar,2024-09-29,Transport,Fuel / commute,210.29
rahul@example.com,Rahul Kumar,2024-10-01,Rent,Monthly rent,10018.47
rahul@example.com,Rahul Kumar,2024-10-02,Transport,Fuel / commute,236.95
rahul@example.com,Rahul Kumar,2024-10-03,Food & Groceries,Supermarket run,2670.27
rahul@example.com,Rahul Kumar,2024-10-04,Transport,Fuel / commute,194.13
rahul@example.com,Rahul Kumar,2024-10-05,Rent,Society maintenance,1557.78
rahul@example.com,Rahul Kumar,2024-10-06,Food & Groceries,Vegetables and fruit,498.08
rahul@example.com,Rahul Kumar,2024-10-07,Entertainment,Movies / dining out,583.08
rahul@example.com,Rahul Kumar,2024-10-08,Utilities,Electricity bill,1262.09
rahul@example.com,Rahul Kumar,2024-10-08,Transport,Fuel / commute,216.14
rahul@example.com,Rahul Kumar,2024-10-10,Utilities,Broadband internet,939.23
rahul@example.com,Rahul Kumar,2024-10-10,Food & Groceries,Supermarket run,2557.82
rahul@example.com,Rahul Kumar,2024-10-11,Transport,Fuel / commute,187.72
rahul@example.com,Rahul Kumar,2024-10-12,Health,Doctor visit,632.69
rahul@example.com,Rahul Kumar,2024-10-15,Transport,Fuel / commute,190.18
rahul@example.com,Rahul Kumar,2024-10-16,Entertainment,Movies / dining out,571.28
rahul@example.com,Rahul Kumar,2024-10-17,Food & Groceries,Supermarket run,2250.39
rahul@example.com,Rahul Kumar,2024-10-18,Transport,Fuel / commute,193.61
rahul@example.com,Rahul Kumar,2024-10-20,Food & Groceries,Vegetables and fruit,478.31
rahul@example.com,Rahul Kumar,2024-10-22,Transport,Fuel / commute,220.18
rahul@example.com,Rahul Kumar,2024-10-24,Food & Groceries,Supermarket run,2111.95
rahul@example.com,Rahul Kumar,2024-10-25,Transport,Fuel / commute,201.64
rahul@example.com,Rahul Kumar,2024-10-27,Entertainment,Movies / dining out,399.12
rahul@example.com,Rahul Kumar,2024-10-29,Transport,Fuel / commute,169.71
rahul@example.com,Rahul Kumar,2024-11-01,Rent,Monthly rent,10081.24
rahul@example.com,Rahul Kumar,2024-11-02,Transport,Fuel / commute,178.44
rahul@example.com,Rahul Kumar,2024-11-03,Food & Groceries,Supermarket run,2282.2
rahul@example.com,Rahul Kumar,2024-11-04,Transport,Fuel / commute,206.06
rahul@example.com,Rahul Kumar,2024-11-06,Food & Groceries,Vegetables and fruit,553.38
rahul@example.com,Rahul Kumar,2024-11-07,Entertainment,Movies / dining out,653.94
rahul@example.com,Rahul Kumar,2024-11-08,Utilities,Electricity bill,1040.62
rahul@example.com,Rahul Kumar,2024-11-08,Transport,Fuel / commute,194.28
rahul@example.com,Rahul Kumar,2024-11-10,Utilities,Broadband internet,948.68
rahul@example.com,Rahul Kumar,2024-11-10,Food & Groceries,Supermarket run,2414.29
rahul@example.com,Rahul Kumar,2024-11-11,Transport,Fuel / commute,185.43
rahul@example.com,Rahul Kumar,2024-11-12,Health,Doctor visit,558.1
rahul@example.com,Rahul Kumar,2024-11-15,Transport,Fuel / commute,193.03
rahul@example.com,Rahul Kumar,2024-11-16,Entertainment,Movies / dining out,666.99
rahul@example.com,Rahul Kumar,2024-11-17,Food & Groceries,Supermarket run,2260.32
rahul@example.com,Rahul Kumar,2024-11-18,Transport,Fuel / commute,232.27
rahul@example.com,Rahul Kumar,2024-11-20,Food & Groceries,Vegetables and fruit,503.53
rahul@example.com,Rahul Kumar,2024-11-22,Transport,Fuel / commute,184.6
rahul@example.com,Rahul Kumar,2024-11-24,Food & Groceries,Supermarket run,2276.04
rahul@example.com,Rahul Kumar,2024-11-25,Transport,Fuel / commute,183.92
rahul@example.com,Rahul Kumar,2024-11-27,Entertainment,Movies / dining out,614.03
rahul@example.com,Rahul Kumar,2024-11-29,Transport,Fuel / commute,155.02
rahul@example.com,Rahul Kumar,2024-12-01,Rent,Monthly rent,10017.75
rahul@example.com,Rahul Kumar,2024-12-02,Transport,Fuel / commute,227.7
rahul@example.com,Rahul Kumar,2024-12-03,Food & Groceries,Supermarket run,1883.53
rahul@example.com,Rahul Kumar,2024-12-04,Transport,Fuel / commute,191.63
rahul@example.com,Rahul Kumar,2024-12-06,Food & Groceries,Vegetables and fruit,564.38
rahul@example.com,Rahul Kumar,2024-12-07,Entertainment,Movies / dining out,481.67
rahul@example.com,Rahul Kumar,2024-12-08,Utilities,Electricity bill,986.61
rahul@example.com,Rahul Kumar,2024-12-08,Transport,Fuel / commute,193.43
rahul@example.com,Rahul Kumar,2024-12-10,Utilities,Broadband internet,946.94
rahul@example.com,Rahul Kumar,2024-12-10,Food & Groceries,Supermarket run,1726.36
rahul@example.com,Rahul Kumar,2024-12-11,Transport,Fuel / commute,196.12
rahul@example.com,Rahul Kumar,2024-12-12,Health,Doctor visit,546.51
rahul@example.com,Rahul Kumar,2024-12-15,Transport,Fuel / commute,222.42
rahul@example.com,Rahul Kumar,2024-12-16,Entertainment,Movies / dining out,506.71
rahul@example.com,Rahul Kumar,2024-12-17,Food & Groceries,Supermarket run,1551.09
rahul@example.com,Rahul Kumar,2024-12-18,Transport,Fuel / commute,177.84
rahul@example.com,Rahul Kumar,2024-12-20,Food & Groceries,Vegetables and fruit,474.95
rahul@example.com,Rahul Kumar,2024-12-21,Health,Pharmacy / lab tests,1342.42
rahul@example.com,Rahul Kumar,2024-12-22,Transport,Fuel / commute,155.5
rahul@example.com,Rahul Kumar,2024-12-24,Food & Groceries,Supermarket run,1645.33
rahul@example.com,Rahul Kumar,2024-12-25,Transport,Fuel / commute,203.14
rahul@example.com,Rahul Kumar,2024-12-27,Entertainment,Movies / dining out,483.9
rahul@example.com,Rahul Kumar,2024-12-29,Transport,Fuel / commute,147.6
rahul@example.com,Rahul Kumar,2025-01-01,Rent,Monthly rent,10095.05
rahul@example.com,Rahul Kumar,2025-01-02,Transport,Fuel / commute,184.99
rahul@example.com,Rahul Kumar,2025-01-03,Food & Groceries,Supermarket run,1546.97
rahul@example.com,Rahul Kumar,2025-01-04,Transport,Fuel / commute,208.42
rahul@example.com,Rahul Kumar,2025-01-05,Rent,Society maintenance,1892.26
rahul@example.com,Rahul Kumar,2025-01-06,Food & Groceries,Vegetables and fruit,583.34
rahul@example.com,Rahul Kumar,2025-01-07,Entertainment,Movies / dining out,466.51
rahul@example.com,Rahul Kumar,2025-01-08,Utilities,Electricity bill,1116.15
rahul@example.com,Rahul Kumar,2025-01-08,Transport,Fuel / commute,191.04
rahul@example.com,Rahul Kumar,2025-01-10,Utilities,Broadband internet,940.09
rahul@example.com,Rahul Kumar,2025-01-10,Food & Groceries,Supermarket run,1335.08
rahul@example.com,Rahul Kumar,2025-01-11,Transport,Fuel / commute,201.85
rahul@example.com,Rahul Kumar,2025-01-12,Health,Doctor visit,550.54
rahul@example.com,Rahul Kumar,2025-01-15,Transport,Fuel / commute,169.15
rahul@example.com,Rahul Kumar,2025-01-16,Entertainment,Movies / dining out,416.53
rahul@example.com,Rahul Kumar,2025-01-17,Food & Groceries,Supermarket run,1613.74
rahul@example.com,Rahul Kumar,2025-01-18,Transport,Fuel / commute,210.8
rahul@example.com,Rahul Kumar,2025-01-20,Food & Groceries,Vegetables and fruit,585.58
rahul@example.com,Rahul Kumar,2025-01-22,Transport,Fuel / commute,157.52
rahul@example.com,Rahul Kumar,2025-01-24,Food & Groceries,Supermarket run,1396.78
rahul@example.com,Rahul Kumar,2025-01-25,Transport,Fuel / commute,153.08
rahul@example.com,Rahul Kumar,2025-01-27,Entertainment,Movies / dining out,553.97
rahul@example.com,Rahul Kumar,2025-01-29,Transport,Fuel / commute,193.28
rahul@example.com,Rahul Kumar,2025-02-01,Rent,Monthly rent,10163.58
rahul@example.com,Rahul Kumar,2025-02-02,Transport,Fuel / commute,198.66
rahul@example.com,Rahul Kumar,2025-02-03,Food & Groceries,Supermarket run,1441.93
rahul@example.com,Rahul Kumar,2025-02-04,Transport,Fuel / commute,208.89
rahul@example.com,Rahul Kumar,2025-02-06,Food & Groceries,Vegetables and fruit,543.07
rahul@example.com,Rahul Kumar,2025-02-07,Entertainment,Movies / dining out,490.07
rahul@example.com,Rahul Kumar,2025-02-08,Utilities,Electricity bill,1099.56
rahul@example.com,Rahul Kumar,2025-02-08,Transport,Fuel / commute,211.79
rahul@example.com,Rahul Kumar,2025-02-10,Utilities,Broadband internet,949.96
rahul@example.com,Rahul Kumar,2025-02-10,Food & Groceries,Supermarket run,1644.63
rahul@example.com,Rahul Kumar,2025-02-11,Transport,Fuel / commute,199.52
rahul@example.com,Rahul Kumar,2025-02-12,Health,Doctor visit,570.36
rahul@example.com,Rahul Kumar,2025-02-15,Transport,Fuel / commute,150.07
rahul@example.com,Rahul Kumar,2025-02-16,Entertainment,Movies / dining out,426.58
rahul@example.com,Rahul Kumar,2025-02-17,Food & Groceries,Supermarket run,1527.1
rahul@example.com,Rahul Kumar,2025-02-18,Transport,Fuel / commute,226.9
rahul@example.com,Rahul Kumar,2025-02-20,Food & Groceries,Vegetables and fruit,455.49
rahul@example.com,Rahul Kumar,2025-02-22,Transport,Fuel / commute,206.45
rahul@example.com,Rahul Kumar,2025-02-24,Food & Groceries,Supermarket run,1621.38
rahul@example.com,Rahul Kumar,2025-02-25,Transport,Fuel / commute,168.34
rahul@example.com,Rahul Kumar,2025-02-27,Entertainment,Movies / dining out,498.0
rahul@example.com,Rahul Kumar,2025-03-01,Rent,Monthly rent,10099.79
rahul@example.com,Rahul Kumar,2025-03-02,Transport,Fuel / commute,222.04
rahul@example.com,Rahul Kumar,2025-03-03,Food & Groceries,Supermarket run,1667.76
rahul@example.com,Rahul Kumar,2025-03-04,Transport,Fuel / commute,216.18
rahul@example.com,Rahul Kumar,2025-03-06,Food & Groceries,Vegetables and fruit,518.77
rahul@example.com,Rahul Kumar,2025-03-07,Entertainment,Movies / dining out,439.46
rahul@example.com,Rahul Kumar,2025-03-08,Utilities,Electricity bill,1060.48
rahul@example.com,Rahul Kumar,2025-03-08,Transport,Fuel / commute,221.54
rahul@example.com,Rahul Kumar,2025-03-10,Utilities,Broadband internet,957.87
rahul@example.com,Rahul Kumar,2025-03-10,Food & Groceries,Supermarket run,1462.82
rahul@example.com,Rahul Kumar,2025-03-11,Transport,Fuel / commute,131.68
rahul@example.com,Rahul Kumar,2025-03-12,Health,Doctor visit,560.32
rahul@example.com,Rahul Kumar,2025-03-15,Transport,Fuel / commute,238.39
rahul@example.com,Rahul Kumar,2025-03-16,Entertainment,Movies / dining out,490.13
rahul@example.com,Rahul Kumar,2025-03-17,Food & Groceries,Supermarket run,1638.86
rahul@example.com,Rahul Kumar,2025-03-18,Transport,Fuel / commute,212.41
rahul@example.com,Rahul Kumar,2025-03-20,Food & Groceries,Vegetables and fruit,531.08
rahul@example.com,Rahul Kumar,2025-03-22,Transport,Fuel / commute,255.63
rahul@example.com,Rahul Kumar,2025-03-24,Food & Groceries,Supermarket run,1795.16
rahul@example.com,Rahul Kumar,2025-03-25,Transport,Fuel / commute,178.81
rahul@example.com,Rahul Kumar,2025-03-27,Entertainment,Movies / dining out,513.1
rahul@example.com,Rahul Kumar,2025-03-29,Transport,Fuel / commute,155.58
rahul@example.com,Rahul Kumar,2025-04-01,Rent,Monthly rent,10115.63
rahul@example.com,Rahul Kumar,2025-04-02,Transport,Fuel / commute,159.16
rahul@example.com,Rahul Kumar,2025-04-03,Food & Groceries,Supermarket run,1795.94
rahul@example.com,Rahul Kumar,2025-04-04,Transport,Fuel / commute,222.95
rahul@example.com,Rahul Kumar,2025-04-05,Rent,Society maintenance,1633.93
rahul@example.com,Rahul Kumar,2025-04-06,Food & Groceries,Vegetables and fruit,632.29
rahul@example.com,Rahul Kumar,2025-04-07,Entertainment,Movies / dining out,456.94
rahul@example.com,Rahul Kumar,2025-04-08,Utilities,Electricity bill,1180.16
rahul@example.com,Rahul Kumar,2025-04-08,Transport,Fuel / commute,154.26
rahul@example.com,Rahul Kumar,2025-04-10,Utilities,Broadband internet,950.69
rahul@example.com,Rahul Kumar,2025-04-10,Food & Groceries,Supermarket run,1920.13
rahul@example.com,Rahul Kumar,2025-04-11,Transport,Fuel / commute,180.0
rahul@example.com,Rahul Kumar,2025-04-12,Health,Doctor visit,604.96
rahul@example.com,Rahul Kumar,2025-04-15,Transport,Fuel / commute,210.29
rahul@example.com,Rahul Kumar,2025-04-16,Entertainment,Movies / dining out,410.43
rahul@example.com,Rahul Kumar,2025-04-17,Food & Groceries,Supermarket run,1950.89
rahul@example.com,Rahul Kumar,2025-04-18,Transport,Fuel / commute,195.5
rahul@example.com,Rahul Kumar,2025-04-20,Food & Groceries,Vegetables and fruit,524.43
rahul@example.com,Rahul Kumar,2025-04-22,Transport,Fuel / commute,193.4
rahul@example.com,Rahul Kumar,2025-04-24,Food & Groceries,Supermarket run,1839.94
rahul@example.com,Rahul Kumar,2025-04-25,Transport,Fuel / commute,169.89
rahul@example.com,Rahul Kumar,2025-04-27,Entertainment,Movies / dining out,387.61
rahul@example.com,Rahul Kumar,2025-04-29,Transport,Fuel / commute,197.68
rahul@example.com,Rahul Kumar,2025-05-01,Rent,Monthly rent,10160.15
rahul@example.com,Rahul Kumar,2025-05-02,Transport,Fuel / commute,154.58
rahul@example.com,Rahul Kumar,2025-05-03,Food & Groceries,Supermarket run,2039.04
rahul@example.com,Rahul Kumar,2025-05-04,Transport,Fuel / commute,208.93
rahul@example.com,Rahul Kumar,2025-05-06,Food & Groceries,Vegetables and fruit,575.86
rahul@example.com,Rahul Kumar,2025-05-07,Entertainment,Movies / dining out,463.13
rahul@example.com,Rahul Kumar,2025-05-08,Utilities,Electricity bill,1345.18
rahul@example.com,Rahul Kumar,2025-05-08,Transport,Fuel / commute,174.57
rahul@example.com,Rahul Kumar,2025-05-10,Utilities,Broadband internet,966.82
rahul@example.com,Rahul Kumar,2025-05-10,Food & Groceries,Supermarket run,2055.84
rahul@example.com,Rahul Kumar,2025-05-11,Transport,Fuel / commute,196.97
rahul@example.com,Rahul Kumar,2025-05-12,Health,Doctor visit,540.2
rahul@example.com,Rahul Kumar,2025-05-15,Transport,Fuel / commute,201.38
rahul@example.com,Rahul Kumar,2025-05-16,Entertainment,Movies / dining out,424.5
rahul@example.com,Rahul Kumar,2025-05-17,Food & Groceries,Supermarket run,1958.93
rahul@example.com,Rahul Kumar,2025-05-18,Transport,Fuel / commute,204.44
rahul@example.com,Rahul Kumar,2025-05-20,Food & Groceries,Vegetables and fruit,491.87
rahul@example.com,Rahul Kumar,2025-05-22,Transport,Fuel / commute,220.87
rahul@example.com,Rahul Kumar,2025-05-24,Food & Groceries,Supermarket run,1889.14
rahul@example.com,Rahul Kumar,2025-05-25,Transport,Fuel / commute,218.35
rahul@example.com,Rahul Kumar,2025-05-27,Entertainment,Movies / dining out,446.44
rahul@example.com,Rahul Kumar,2025-05-29,Transport,Fuel / commute,203.17
rahul@example.com,Rahul Kumar,2025-06-01,Rent,Monthly rent,10273.08
rahul@example.com,Rahul Kumar,2025-06-02,Transport,Fuel / commute,197.91
rahul@example.com,Rahul Kumar,2025-06-03,Food & Groceries,Supermarket run,1767.7
rahul@example.com,Rahul Kumar,2025-06-04,Transport,Fuel / commute,191.29
rahul@example.com,Rahul Kumar,2025-06-06,Food & Groceries,Vegetables and fruit,543.38
rahul@example.com,Rahul Kumar,2025-06-07,Entertainment,Movies / dining out,514.32
rahul@example.com,Rahul Kumar,2025-06-08,Utilities,Electricity bill,1505.62
rahul@example.com,Rahul Kumar,2025-06-08,Transport,Fuel / commute,209.51
rahul@example.com,Rahul Kumar,2025-06-10,Utilities,Broadband internet,964.4
rahul@example.com,Rahul Kumar,2025-06-10,Food & Groceries,Supermarket run,2041.55
rahul@example.com,Rahul Kumar,2025-06-11,Transport,Fuel / commute,199.76
rahul@example.com,Rahul Kumar,2025-06-12,Health,Doctor visit,596.44
rahul@example.com,Rahul Kumar,2025-06-15,Transport,Fuel / commute,169.02
rahul@example.com,Rahul Kumar,2025-06-16,Entertainment,Movies / dining out,473.27
rahul@example.com,Rahul Kumar,2025-06-17,Food & Groceries,Supermarket run,2005.93
rahul@example.com,Rahul Kumar,2025-06-18,Transport,Fuel / commute,160.04
rahul@example.com,Rahul Kumar,2025-06-20,Food & Groceries,Vegetables and fruit,502.11
rahul@example.com,Rahul Kumar,2025-06-22,Transport,Fuel / commute,205.4
rahul@example.com,Rahul Kumar,2025-06-24,Food & Groceries,Supermarket run,2221.96
rahul@example.com,Rahul Kumar,2025-06-25,Transport,Fuel / commute,232.17
rahul@example.com,Rahul Kumar,2025-06-27,Entertainment,Movies / dining out,413.76
rahul@example.com,Rahul Kumar,2025-06-29,Transport,Fuel / commute,201.02
rahul@example.com,Rahul Kumar,2025-07-01,Rent,Monthly rent,10270.51
rahul@example.com,Rahul Kumar,2025-07-02,Transport,Fuel / commute,175.63
rahul@example.com,Rahul Kumar,2025-07-03,Food & Groceries,Supermarket run,1856.07
rahul@example.com,Rahul Kumar,2025-07-04,Transport,Fuel / commute,179.54
rahul@example.com,Rahul Kumar,2025-07-05,Rent,Society maintenance,1855.37
rahul@example.com,Rahul Kumar,2025-07-06,Food & Groceries,Vegetables and fruit,533.37
rahul@example.com,Rahul Kumar,2025-07-07,Entertainment,Movies / dining out,394.52
rahul@example.com,Rahul Kumar,2025-07-08,Utilities,Electricity bill,1580.0
rahul@example.com,Rahul Kumar,2025-07-08,Transport,Fuel / commute,229.73
rahul@example.com,Rahul Kumar,2025-07-10,Utilities,Broadband internet,963.67
rahul@example.com,Rahul Kumar,2025-07-10,Food & Groceries,Supermarket run,2086.69
rahul@example.com,Rahul Kumar,2025-07-11,Transport,Fuel / commute,201.53
rahul@example.com,Rahul Kumar,2025-07-12,Health,Doctor visit,612.07
rahul@example.com,Rahul Kumar,2025-07-15,Transport,Fuel / commute,215.77
rahul@example.com,Rahul Kumar,2025-07-16,Entertainment,Movies / dining out,531.98
rahul@example.com,Rahul Kumar,2025-07-17,Food & Groceries,Supermarket run,2008.23
rahul@example.com,Rahul Kumar,2025-07-18,Transport,Fuel / commute,209.34
rahul@example.com,Rahul Kumar,2025-07-20,Food & Groceries,Vegetables and fruit,593.79
rahul@example.com,Rahul Kumar,2025-07-21,Health,Pharmacy / lab tests,1330.1
rahul@example.com,Rahul Kumar,2025-07-22,Transport,Fuel / commute,198.87
rahul@example.com,Rahul Kumar,2025-07-24,Food & Groceries,Supermarket run,1948.29
rahul@example.com,Rahul Kumar,2025-07-25,Transport,Fuel / commute,191.37
rahul@example.com,Rahul Kumar,2025-07-27,Entertainment,Movies / dining out,440.2
rahul@example.com,Rahul Kumar,2025-07-29,Transport,Fuel / commute,219.65
rahul@example.com,Rahul Kumar,2025-08-01,Rent,Monthly rent,10337.93
rahul@example.com,Rahul Kumar,2025-08-02,Transport,Fuel / commute,203.74
rahul@example.com,Rahul Kumar,2025-08-03,Food & Groceries,Supermarket run,1822.61
rahul@example.com,Rahul Kumar,2025-08-04,Transport,Fuel / commute,225.05
rahul@example.com,Rahul Kumar,2025-08-06,Food & Groceries,Vegetables and fruit,528.52
rahul@example.com,Rahul Kumar,2025-08-07,Entertainment,Movies / dining out,443.25
rahul@example.com,Rahul Kumar,2025-08-08,Utilities,Electricity bill,1569.68
rahul@example.com,Rahul Kumar,2025-08-08,Transport,Fuel / commute,207.56
rahul@example.com,Rahul Kumar,2025-08-10,Utilities,Broadband internet,976.34
rahul@example.com,Rahul Kumar,2025-08-10,Food & Groceries,Supermarket run,1883.64
rahul@example.com,Rahul Kumar,2025-08-11,Transport,Fuel / commute,187.43
rahul@example.com,Rahul Kumar,2025-08-12,Health,Doctor visit,483.04
rahul@example.com,Rahul Kumar,2025-08-15,Transport,Fuel / commute,203.52
rahul@example.com,Rahul Kumar,2025-08-16,Entertainment,Movies / dining out,331.9
rahul@example.com,Rahul Kumar,2025-08-17,Food & Groceries,Supermarket run,1979.6
rahul@example.com,Rahul Kumar,2025-08-18,Transport,Fuel / commute,217.84
rahul@example.com,Rahul Kumar,2025-08-20,Food & Groceries,Vegetables and fruit,529.93
rahul@example.com,Rahul Kumar,2025-08-21,Food & Groceries,Kirana store top-up,1098.4
rahul@example.com,Rahul Kumar,2025-08-22,Transport,Fuel / commute,229.0
rahul@example.com,Rahul Kumar,2025-08-24,Food & Groceries,Supermarket run,1837.96
rahul@example.com,Rahul Kumar,2025-08-25,Transport,Fuel / commute,197.13
rahul@example.com,Rahul Kumar,2025-08-27,Entertainment,Movies / dining out,560.69
rahul@example.com,Rahul Kumar,2025-08-29,Transport,Fuel / commute,160.71
rahul@example.com,Rahul Kumar,2025-09-01,Rent,Monthly rent,10355.3
rahul@example.com,Rahul Kumar,2025-09-02,Transport,Fuel / commute,188.87
rahul@example.com,Rahul Kumar,2025-09-03,Food & Groceries,Supermarket run,1897.08
rahul@example.com,Rahul Kumar,2025-09-04,Transport,Fuel / commute,193.07
rahul@example.com,Rahul Kumar,2025-09-06,Food & Groceries,Vegetables and fruit,539.79
rahul@example.com,Rahul Kumar,2025-09-07,Entertainment,Movies / dining out,502.92
rahul@example.com,Rahul Kumar,2025-09-08,Utilities,Electricity bill,1488.22
rahul@example.com,Rahul Kumar,2025-09-08,Transport,Fuel / commute,196.72
rahul@example.com,Rahul Kumar,2025-09-10,Utilities,Broadband internet,983.94
rahul@example.com,Rahul Kumar,2025-09-10,Food & Groceries,Supermarket run,1994.45
rahul@example.com,Rahul Kumar,2025-09-11,Transport,Fuel / commute,251.81
rahul@example.com,Rahul Kumar,2025-09-12,Health,Doctor visit,589.9
rahul@example.com,Rahul Kumar,2025-09-15,Transport,Fuel / commute,156.69
rahul@example.com,Rahul Kumar,2025-09-16,Entertainment,Movies / dining out,473.02
rahul@example.com,Rahul Kumar,2025-09-17,Food & Groceries,Supermarket run,1950.28
rahul@example.com,Rahul Kumar,2025-09-18,Transport,Fuel / commute,213.0
rahul@example.com,Rahul Kumar,2025-09-20,Food & Groceries,Vegetables and fruit,573.67
rahul@example.com,Rahul Kumar,2025-09-22,Transport,Fuel / commute,194.8
rahul@example.com,Rahul Kumar,2025-09-24,Food & Groceries,Supermarket run,1809.98
rahul@example.com,Rahul Kumar,2025-09-25,Transport,Fuel / commute,185.46
rahul@example.com,Rahul Kumar,2025-09-27,Entertainment,Movies / dining out,523.36
rahul@example.com,Rahul Kumar,2025-09-29,Transport,Fuel / commute,194.2
rahul@example.com,Rahul Kumar,2025-10-01,Rent,Monthly rent,10357.44
rahul@example.com,Rahul Kumar,2025-10-02,Transport,Fuel / commute,181.12
rahul@example.com,Rahul Kumar,2025-10-03,Food & Groceries,Supermarket run,2508.38
rahul@example.com,Rahul Kumar,2025-10-04,Transport,Fuel / commute,176.83
rahul@example.com,Rahul Kumar,2025-10-05,Rent,Society maintenance,1913.13
rahul@example.com,Rahul Kumar,2025-10-06,Food & Groceries,Vegetables and fruit,617.01
rahul@example.com,Rahul Kumar,2025-10-07,Entertainment,Movies / dining out,614.95
rahul@example.com,Rahul Kumar,2025-10-08,Utilities,Electricity bill,1298.57
rahul@example.com,Rahul Kumar,2025-10-08,Transport,Fuel / commute,193.6
rahul@example.com,Rahul Kumar,2025-10-10,Utilities,Broadband internet,974.48
rahul@example.com,Rahul Kumar,2025-10-10,Food & Groceries,Supermarket run,2578.32
rahul@example.com,Rahul Kumar,2025-10-11,Transport,Fuel / commute,202.97
rahul@example.com,Rahul Kumar,2025-10-12,Health,Doctor visit,524.41
rahul@example.com,Rahul Kumar,2025-10-15,Transport,Fuel / commute,158.74
rahul@example.com,Rahul Kumar,2025-10-16,Entertainment,Movies / dining out,659.78
rahul@example.com,Rahul Kumar,2025-10-17,Food & Groceries,Supermarket run,2606.94
rahul@example.com,Rahul Kumar,2025-10-18,Transport,Fuel / commute,213.46
rahul@example.com,Rahul Kumar,2025-10-20,Food & Groceries,Vegetables and fruit,607.41
rahul@example.com,Rahul Kumar,2025-10-21,Health,Pharmacy / lab tests,1235.98
rahul@example.com,Rahul Kumar,2025-10-22,Transport,Fuel / commute,232.63
rahul@example.com,Rahul Kumar,2025-10-24,Food & Groceries,Supermarket run,2408.3
rahul@example.com,Rahul Kumar,2025-10-25,Food & Groceries,Kirana store top-up,1043.13
rahul@example.com,Rahul Kumar,2025-10-25,Transport,Fuel / commute,215.44
rahul@example.com,Rahul Kumar,2025-10-27,Entertainment,Movies / dining out,671.71
rahul@example.com,Rahul Kumar,2025-10-29,Transport,Fuel / commute,185.15
rahul@example.com,Rahul Kumar,2025-11-01,Rent,Monthly rent,10388.21
rahul@example.com,Rahul Kumar,2025-11-02,Transport,Fuel / commute,204.54
rahul@example.com,Rahul Kumar,2025-11-03,Food & Groceries,Supermarket run,2254.59
rahul@example.com,Rahul Kumar,2025-11-04,Transport,Fuel / commute,212.74
rahul@example.com,Rahul Kumar,2025-11-06,Food & Groceries,Vegetables and fruit,540.15
rahul@example.com,Rahul Kumar,2025-11-07,Entertainment,Movies / dining out,518.57
rahul@example.com,Rahul Kumar,2025-11-08,Utilities,Electricity bill,1248.62
rahul@example.com,Rahul Kumar,2025-11-08,Transport,Fuel / commute,225.45
rahul@example.com,Rahul Kumar,2025-11-10,Utilities,Broadband internet,987.45
rahul@example.com,Rahul Kumar,2025-11-10,Food & Groceries,Supermarket run,2285.1
rahul@example.com,Rahul Kumar,2025-11-11,Transport,Fuel / commute,200.31
rahul@example.com,Rahul Kumar,2025-11-15,Transport,Fuel / commute,193.05
rahul@example.com,Rahul Kumar,2025-11-16,Entertainment,Movies / dining out,593.48
rahul@example.com,Rahul Kumar,2025-11-17,Food & Groceries,Supermarket run,2171.18
rahul@example.com,Rahul Kumar,2025-11-18,Transport,Fuel / commute,250.26
rahul@example.com,Rahul Kumar,2025-11-20,Food & Groceries,Vegetables and fruit,464.45
rahul@example.com,Rahul Kumar,2025-11-21,Health,Pharmacy / lab tests,1282.79
rahul@example.com,Rahul Kumar,2025-11-22,Transport,Fuel / commute,202.25
rahul@example.com,Rahul Kumar,2025-11-24,Food & Groceries,Supermarket run,2450.8
rahul@example.com,Rahul Kumar,2025-11-25,Transport,Fuel / commute,219.54
rahul@example.com,Rahul Kumar,2025-11-27,Entertainment,Movies / dining out,537.22
rahul@example.com,Rahul Kumar,2025-11-29,Transport,Fuel / commute,189.01
rahul@example.com,Rahul Kumar,2025-12-01,Rent,Monthly rent,10393.65
rahul@example.com,Rahul Kumar,2025-12-02,Transport,Fuel / commute,225.06
rahul@example.com,Rahul Kumar,2025-12-03,Food & Groceries,Supermarket run,1674.48
rahul@example.com,Rahul Kumar,2025-12-04,Transport,Fuel / commute,218.95
rahul@example.com,Rahul Kumar,2025-12-06,Food & Groceries,Vegetables and fruit,531.28
rahul@example.com,Rahul Kumar,2025-12-07,Entertainment,Movies / dining out,392.0
rahul@example.com,Rahul Kumar,2025-12-08,Utilities,Electricity bill,1114.45
rahul@example.com,Rahul Kumar,2025-12-08,Transport,Fuel / commute,211.17
rahul@example.com,Rahul Kumar,2025-12-10,Utilities,Broadband internet,985.92
rahul@example.com,Rahul Kumar,2025-12-10,Food & Groceries,Supermarket run,1698.98
rahul@example.com,Rahul Kumar,2025-12-11,Transport,Fuel / commute,218.3
rahul@example.com,Rahul Kumar,2025-12-12,Health,Doctor visit,538.03
rahul@example.com,Rahul Kumar,2025-12-15,Transport,Fuel / commute,219.43
rahul@example.com,Rahul Kumar,2025-12-16,Entertainment,Movies / dining out,494.42
rahul@example.com,Rahul Kumar,2025-12-17,Food & Groceries,Supermarket run,1530.28
rahul@example.com,Rahul Kumar,2025-12-18,Transport,Fuel / commute,239.06
rahul@example.com,Rahul Kumar,2025-12-20,Food & Groceries,Vegetables and fruit,568.23
rahul@example.com,Rahul Kumar,2025-12-22,Transport,Fuel / commute,201.86
rahul@example.com,Rahul Kumar,2025-12-24,Food & Groceries,Supermarket run,1718.23
rahul@example.com,Rahul Kumar,2025-12-25,Transport,Fuel / commute,206.67
rahul@example.com,Rahul Kumar,2025-12-27,Entertainment,Movies / dining out,455.25
rahul@example.com,Rahul Kumar,2025-12-29,Transport,Fuel / commute,225.36
rahul@example.com,Rahul Kumar,2026-01-01,Rent,Monthly rent,10482.15
rahul@example.com,Rahul Kumar,2026-01-02,Transport,Fuel / commute,175.49
rahul@example.com,Rahul Kumar,2026-01-03,Food & Groceries,Supermarket run,1624.71
rahul@example.com,Rahul Kumar,2026-01-04,Transport,Fuel / commute,211.86
rahul@example.com,Rahul Kumar,2026-01-05,Rent,Society maintenance,1913.93
rahul@example.com,Rahul Kumar,2026-01-06,Food & Groceries,Vegetables and fruit,559.66
rahul@example.com,Rahul Kumar,2026-01-07,Entertainment,Movies / dining out,505.72
rahul@example.com,Rahul Kumar,2026-01-08,Utilities,Electricity bill,1160.87
rahul@example.com,Rahul Kumar,2026-01-08,Transport,Fuel / commute,208.29
rahul@example.com,Rahul Kumar,2026-01-10,Utilities,Broadband internet,1003.54
rahul@example.com,Rahul Kumar,2026-01-10,Food & Groceries,Supermarket run,1606.43
rahul@example.com,Rahul Kumar,2026-01-11,Transport,Fuel / commute,206.67
rahul@example.com,Rahul Kumar,2026-01-12,Health,Doctor visit,431.07
rahul@example.com,Rahul Kumar,2026-01-15,Transport,Fuel / commute,186.61
rahul@example.com,Rahul Kumar,2026-01-16,Entertainment,Movies / dining out,363.1
rahul@example.com,Rahul Kumar,2026-01-17,Food & Groceries,Supermarket run,1504.63
rahul@example.com,Rahul Kumar,2026-01-18,Transport,Fuel / commute,232.29
rahul@example.com,Rahul Kumar,2026-01-20,Food & Groceries,Vegetables and fruit,583.28
rahul@example.com,Rahul Kumar,2026-01-22,Transport,Fuel / commute,253.29
rahul@example.com,Rahul Kumar,2026-01-24,Food & Groceries,Supermarket run,1700.15
rahul@example.com,Rahul Kumar,2026-01-25,Transport,Fuel / commute,176.19
rahul@example.com,Rahul Kumar,2026-01-27,Entertainment,Movies / dining out,438.67
rahul@example.com,Rahul Kumar,2026-01-29,Transport,Fuel / commute,220.85
rahul@example.com,Rahul Kumar,2026-02-01,Rent,Monthly rent,10477.14
rahul@example.com,Rahul Kumar,2026-02-02,Transport,Fuel / commute,202.37
rahul@example.com,Rahul Kumar,2026-02-03,Food & Groceries,Supermarket run,1465.25
rahul@example.com,Rahul Kumar,2026-02-04,Transport,Fuel / commute,156.48
rahul@example.com,Rahul Kumar,2026-02-06,Food & Groceries,Vegetables and fruit,493.09
rahul@example.com,Rahul Kumar,2026-02-07,Entertainment,Movies / dining out,472.33
rahul@example.com,Rahul Kumar,2026-02-08,Utilities,Electricity bill,1138.2
rahul@example.com,Rahul Kumar,2026-02-08,Transport,Fuel / commute,205.68
rahul@example.com,Rahul Kumar,2026-02-10,Utilities,Broadband internet,1003.11
rahul@example.com,Rahul Kumar,2026-02-10,Food & Groceries,Supermarket run,1885.14
rahul@example.com,Rahul Kumar,2026-02-11,Transport,Fuel / commute,224.57
rahul@example.com,Rahul Kumar,2026-02-12,Health,Doctor visit,562.03
rahul@example.com,Rahul Kumar,2026-02-15,Transport,Fuel / commute,198.09
rahul@example.com,Rahul Kumar,2026-02-16,Entertainment,Movies / dining out,475.1
rahul@example.com,Rahul Kumar,2026-02-17,Food & Groceries,Supermarket run,1635.6
rahul@example.com,Rahul Kumar,2026-02-18,Transport,Fuel / commute,232.6
rahul@example.com,Rahul Kumar,2026-02-20,Food & Groceries,Vegetables and fruit,600.36
rahul@example.com,Rahul Kumar,2026-02-21,Food & Groceries,Kirana store top-up,992.58
rahul@example.com,Rahul Kumar,2026-02-22,Transport,Fuel / commute,231.59
rahul@example.com,Rahul Kumar,2026-02-24,Food & Groceries,Supermarket run,1693.41
rahul@example.com,Rahul Kumar,2026-02-25,Transport,Fuel / commute,188.19
rahul@example.com,Rahul Kumar,2026-02-27,Entertainment,Movies / dining out,473.43
rahul@example.com,Rahul Kumar,2026-03-01,Rent,Monthly rent,10603.74
rahul@example.com,Rahul Kumar,2026-03-02,Transport,Fuel / commute,174.01
rahul@example.com,Rahul Kumar,2026-03-03,Food & Groceries,Supermarket run,1798.74
rahul@example.com,Rahul Kumar,2026-03-04,Transport,Fuel / commute,201.52
rahul@example.com,Rahul Kumar,2026-03-06,Food & Groceries,Vegetables and fruit,621.55
rahul@example.com,Rahul Kumar,2026-03-07,Entertainment,Movies / dining out,483.18
rahul@example.com,Rahul Kumar,2026-03-08,Utilities,Electricity bill,1225.65
rahul@example.com,Rahul Kumar,2026-03-08,Transport,Fuel / commute,204.53
rahul@example.com,Rahul Kumar,2026-03-10,Utilities,Broadband internet,982.75
rahul@example.com,Rahul Kumar,2026-03-10,Food & Groceries,Supermarket run,1819.64
rahul@example.com,Rahul Kumar,2026-03-11,Transport,Fuel / commute,178.49
rahul@example.com,Rahul Kumar,2026-03-12,Health,Doctor visit,559.8
rahul@example.com,Rahul Kumar,2026-03-15,Transport,Fuel / commute,212.13
rahul@example.com,Rahul Kumar,2026-03-16,Entertainment,Movies / dining out,533.61
rahul@example.com,Rahul Kumar,2026-03-17,Food & Groceries,Supermarket run,2010.76
rahul@example.com,Rahul Kumar,2026-03-18,Transport,Fuel / commute,227.97
rahul@example.com,Rahul Kumar,2026-03-20,Food & Groceries,Vegetables and fruit,558.41
rahul@example.com,Rahul Kumar,2026-03-22,Transport,Fuel / commute,210.31
rahul@example.com,Rahul Kumar,2026-03-24,Food & Groceries,Supermarket run,1660.66
rahul@example.com,Rahul Kumar,2026-03-25,Transport,Fuel / commute,191.17
rahul@example.com,Rahul Kumar,2026-03-27,Entertainment,Movies / dining out,486.26
rahul@example.com,Rahul Kumar,2026-03-29,Transport,Fuel / commute,200.83
rahul@example.com,Rahul Kumar,2026-04-01,Rent,Monthly rent,10538.6
rahul@example.com,Rahul Kumar,2026-04-02,Transport,Fuel / commute,216.57
rahul@example.com,Rahul Kumar,2026-04-03,Food & Groceries,Supermarket run,1816.09
rahul@example.com,Rahul Kumar,2026-04-04,Transport,Fuel / commute,186.31
rahul@example.com,Rahul Kumar,2026-04-05,Rent,Society maintenance,1789.19
rahul@example.com,Rahul Kumar,2026-04-06,Food & Groceries,Vegetables and fruit,521.3
rahul@example.com,Rahul Kumar,2026-04-07,Entertainment,Movies / dining out,495.39
rahul@example.com,Rahul Kumar,2026-04-08,Utilities,Electricity bill,1214.13
rahul@example.com,Rahul Kumar,2026-04-08,Transport,Fuel / commute,164.27
rahul@example.com,Rahul Kumar,2026-04-10,Utilities,Broadband internet,996.47
rahul@example.com,Rahul Kumar,2026-04-10,Food & Groceries,Supermarket run,1769.91
rahul@example.com,Rahul Kumar,2026-04-11,Transport,Fuel / commute,167.25
rahul@example.com,Rahul Kumar,2026-04-12,Health,Doctor visit,547.34
rahul@example.com,Rahul Kumar,2026-04-15,Transport,Fuel / commute,194.77
rahul@example.com,Rahul Kumar,2026-04-16,Entertainment,Movies / dining out,451.42
rahul@example.com,Rahul Kumar,2026-04-17,Food & Groceries,Supermarket run,1856.13
rahul@example.com,Rahul Kumar,2026-04-18,Transport,Fuel / commute,172.62
rahul@example.com,Rahul Kumar,2026-04-20,Food & Groceries,Vegetables and fruit,548.41
rahul@example.com,Rahul Kumar,2026-04-21,Health,Pharmacy / lab tests,1455.88
rahul@example.com,Rahul Kumar,2026-04-22,Transport,Fuel / commute,196.51
rahul@example.com,Rahul Kumar,2026-04-24,Food & Groceries,Supermarket run,1893.77
rahul@example.com,Rahul Kumar,2026-04-25,Transport,Fuel / commute,246.03
rahul@example.com,Rahul Kumar,2026-04-27,Entertainment,Movies / dining out,463.37
rahul@example.com,Rahul Kumar,2026-04-29,Transport,Fuel / commute,171.14
rahul@example.com,Rahul Kumar,2026-05-01,Rent,Monthly rent,10643.13
rahul@example.com,Rahul Kumar,2026-05-02,Transport,Fuel / commute,187.71
rahul@example.com,Rahul Kumar,2026-05-03,Food & Groceries,Supermarket run,2224.59
rahul@example.com,Rahul Kumar,2026-05-04,Transport,Fuel / commute,197.66
rahul@example.com,Rahul Kumar,2026-05-06,Food & Groceries,Vegetables and fruit,639.66
rahul@example.com,Rahul Kumar,2026-05-07,Entertainment,Movies / dining out,387.57
rahul@example.com,Rahul Kumar,2026-05-08,Utilities,Electricity bill,1439.11
rahul@example.com,Rahul Kumar,2026-05-08,Transport,Fuel / commute,235.87
rahul@example.com,Rahul Kumar,2026-05-10,Utilities,Broadband internet,1000.97
rahul@example.com,Rahul Kumar,2026-05-10,Food & Groceries,Supermarket run,1931.17
rahul@example.com,Rahul Kumar,2026-05-11,Transport,Fuel / commute,173.89
rahul@example.com,Rahul Kumar,2026-05-12,Food & Groceries,Kirana store top-up,904.93
rahul@example.com,Rahul Kumar,2026-05-12,Health,Doctor visit,580.87
rahul@example.com,Rahul Kumar,2026-05-15,Transport,Fuel / commute,157.12
rahul@example.com,Rahul Kumar,2026-05-16,Entertainment,Movies / dining out,425.84
rahul@example.com,Rahul Kumar,2026-05-17,Food & Groceries,Supermarket run,1843.35
rahul@example.com,Rahul Kumar,2026-05-18,Transport,Fuel / commute,259.15
rahul@example.com,Rahul Kumar,2026-05-20,Food & Groceries,Vegetables and fruit,640.25
rahul@example.com,Rahul Kumar,2026-05-22,Transport,Fuel / commute,213.36
rahul@example.com,Rahul Kumar,2026-05-24,Food & Groceries,Supermarket run,1785.72
rahul@example.com,Rahul Kumar,2026-05-25,Transport,Fuel / commute,216.87
rahul@example.com,Rahul Kumar,2026-05-27,Entertainment,Movies / dining out,479.61
rahul@example.com,Rahul Kumar,2026-05-29,Transport,Fuel / commute,200.59
rahul@example.com,Rahul Kumar,2026-06-01,Rent,Monthly rent,10585.37
rahul@example.com,Rahul Kumar,2026-06-02,Transport,Fuel / commute,197.1
rahul@example.com,Rahul Kumar,2026-06-03,Food & Groceries,Supermarket run,2156.42
rahul@example.com,Rahul Kumar,2026-06-04,Transport,Fuel / commute,192.42
rahul@example.com,Rahul Kumar,2026-06-06,Food & Groceries,Vegetables and fruit,506.49
rahul@example.com,Rahul Kumar,2026-06-07,Entertainment,Movies / dining out,330.91
rahul@example.com,Rahul Kumar,2026-06-08,Utilities,Electricity bill,1515.64
rahul@example.com,Rahul Kumar,2026-06-08,Transport,Fuel / commute,178.95
rahul@example.com,Rahul Kumar,2026-06-10,Utilities,Broadband internet,1007.81
rahul@example.com,Rahul Kumar,2026-06-10,Food & Groceries,Supermarket run,2224.8
rahul@example.com,Rahul Kumar,2026-06-11,Transport,Fuel / commute,229.7
rahul@example.com,Rahul Kumar,2026-06-12,Health,Doctor visit,554.18
rahul@example.com,Rahul Kumar,2026-06-15,Transport,Fuel / commute,217.54
rahul@example.com,Rahul Kumar,2026-06-16,Entertainment,Movies / dining out,385.62
rahul@example.com,Rahul Kumar,2026-06-17,Food & Groceries,Supermarket run,2106.81
rahul@example.com,Rahul Kumar,2026-06-18,Transport,Fuel / commute,218.65
rahul@example.com,Rahul Kumar,2026-06-20,Food & Groceries,Vegetables and fruit,583.42
rahul@example.com,Rahul Kumar,2026-06-22,Transport,Fuel / commute,190.57
rahul@example.com,Rahul Kumar,2026-06-24,Food & Groceries,Supermarket run,1731.6
rahul@example.com,Rahul Kumar,2026-06-25,Transport,Fuel / commute,210.61
rahul@example.com,Rahul Kumar,2026-06-27,Entertainment,Movies / dining out,456.63
rahul@example.com,Rahul Kumar,2026-06-29,Transport,Fuel / commute,173.14
rahul@example.com,Rahul Kumar,2026-07-01,Rent,Monthly rent,10714.1
rahul@example.com,Rahul Kumar,2026-07-02,Transport,Fuel / commute,218.33
rahul@example.com,Rahul Kumar,2026-07-03,Food & Groceries,Supermarket run,2118.07
rahul@example.com,Rahul Kumar,2026-07-04,Transport,Fuel / commute,194.67
rahul@example.com,Rahul Kumar,2026-07-05,Rent,Society maintenance,1663.45
rahul@example.com,Rahul Kumar,2026-07-06,Food & Groceries,Vegetables and fruit,574.3
rahul@example.com,Rahul Kumar,2026-07-07,Entertainment,Movies / dining out,381.59
rahul@example.com,Rahul Kumar,2026-07-08,Utilities,Electricity bill,1712.52
rahul@example.com,Rahul Kumar,2026-07-08,Transport,Fuel / commute,183.75
rahul@example.com,Rahul Kumar,2026-07-10,Utilities,Broadband internet,998.18
rahul@example.com,Rahul Kumar,2026-07-10,Food & Groceries,Supermarket run,1925.57
rahul@example.com,Rahul Kumar,2026-07-11,Transport,Fuel / commute,211.38
rahul@example.com,Rahul Kumar,2026-07-12,Health,Doctor visit,556.58
rahul@example.com,Rahul Kumar,2026-07-15,Transport,Fuel / commute,181.29
rahul@example.com,Rahul Kumar,2026-07-16,Entertainment,Movies / dining out,415.69
rahul@example.com,Rahul Kumar,2026-07-17,Food & Groceries,Supermarket run,2023.59
rahul@example.com,Rahul Kumar,2026-07-18,Transport,Fuel / commute,233.61
rahul@example.com,Rahul Kumar,2026-07-20,Food & Groceries,Vegetables and fruit,568.33
rahul@example.com,Rahul Kumar,2026-07-22,Transport,Fuel / commute,204.0
rahul@example.com,Rahul Kumar,2026-07-24,Food & Groceries,Supermarket run,1989.94
rahul@example.com,Rahul Kumar,2026-07-25,Transport,Fuel / commute,198.75
rahul@example.com,Rahul Kumar,2026-07-27,Entertainment,Movies / dining out,536.83
rahul@example.com,Rahul Kumar,2026-07-29,Transport,Fuel / commute,218.32
rahul@example.com,Rahul Kumar,2026-08-01,Rent,Monthly rent,10700.23
rahul@example.com,Rahul Kumar,2026-08-02,Transport,Fuel / commute,179.86
rahul@example.com,Rahul Kumar,2026-08-03,Food & Groceries,Supermarket run,2197.73
rahul@example.com,Rahul Kumar,2026-08-04,Transport,Fuel / commute,216.0
rahul@example.com,Rahul Kumar,2026-08-06,Food & Groceries,Vegetables and fruit,585.94
rahul@example.com,Rahul Kumar,2026-08-07,Entertainment,Movies / dining out,474.12
rahul@example.com,Rahul Kumar,2026-08-08,Utilities,Electricity bill,1628.1
rahul@example.com,Rahul Kumar,2026-08-08,Transport,Fuel / commute,232.27
rahul@example.com,Rahul Kumar,2026-08-10,Utilities,Broadband internet,1026.63
rahul@example.com,Rahul Kumar,2026-08-10,Food & Groceries,Supermarket run,1948.56
rahul@example.com,Rahul Kumar,2026-08-11,Transport,Fuel / commute,219.95
rahul@example.com,Rahul Kumar,2026-08-12,Health,Doctor visit,605.91
rahul@example.com,Rahul Kumar,2026-08-15,Transport,Fuel / commute,228.7
rahul@example.com,Rahul Kumar,2026-08-16,Entertainment,Movies / dining out,471.03
rahul@example.com,Rahul Kumar,2026-08-17,Food & Groceries,Supermarket run,2130.1
rahul@example.com,Rahul Kumar,2026-08-18,Transport,Fuel / commute,216.74
rahul@example.com,Rahul Kumar,2026-08-20,Food & Groceries,Vegetables and fruit,503.5
rahul@example.com,Rahul Kumar,2026-08-22,Transport,Fuel / commute,211.73
rahul@example.com,Rahul Kumar,2026-08-24,Food & Groceries,Supermarket run,1984.82
rahul@example.com,Rahul Kumar,2026-08-25,Transport,Fuel / commute,194.9
rahul@example.com,Rahul Kumar,2026-08-27,Entertainment,Movies / dining out,568.97
rahul@example.com,Rahul Kumar,2026-08-29,Transport,Fuel / commute,227.68
